"index","round_1","round_2","round_3","round_4","round_5","round_6","round_7","round_8","round_9","round_10","round_11","round_12","round_13","round_14","round_15","round_16","round_17","round_18","round_19","round_20","round_21","round_22","round_23","round_24","round_25","round_26","round_27"
1,"GLK","GLK","GLK","GLK","GLK","GLK","GLK","GLK","GLK","GLK","GLK","GLK","GLK","GLK","GLK","GLK","GLK","GLK","GLK","GLK","GLK","GLK","GLK","GLK","GLK","GLK","GLK"
2,NA,NA,NA,NA,NA,NA,NA,NA,NA,"GLK","GLK","GLK","GLK","GLK","GLK","GLK","GLK","GLK","GLK","GLK","GLK","GLK","GLK","GLK","GLK","GLK","GLK"
3,"GLK","GLK","GLK","GLK","GLK","GLK","GLK","GLK","GLK","GLK","GLK","GLK","GLK","GLK","GLK","GLK","GLK","GLK","GLK","GLK","GLK","GLK","GLK","GLK","GLK","GLK","GLK"
4,"GLK","GLK","GLK","GLK","GLK","GLK","GLK","GLK","GLK","GLK","GLK","GLK","GLK","GLK","GLK","GLK","GLK","GLK","GLK","GLK","GLK","GLK","GLK","GLK","GLK","GLK","GLK"
5,NA,NA,NA,"GLK","GLK","GLK","GLK","GLK","GLK","GLK","GLK","GLK","GLK","GLK","GLK","GLK","GLK","GLK","GLK","GLK","GLK","GLK","GLK","GLK","GLK","GLK","GLK"
6,"GLK","GLK","GLK","GLK","GLK","GLK","GLK","GLK","GLK","GLK","GLK","GLK","GLK","GLK","GLK","GLK","GLK","GLK","GLK","GLK","GLK","GLK","GLK","GLK","GLK","GLK","GLK"
7,"GLK","GLK","GLK","GLK","GLK","GLK","GLK","GLK","GLK","GLK","GLK","GLK","GLK","GLK","GLK","GLK","GLK","GLK","GLK","GLK","GLK","GLK","GLK","GLK","GLK","GLK","GLK"
8,"GLK","GLK","GLK","GLK","GLK","GLK","GLK","GLK","GLK","GLK","GLK","GLK","GLK","GLK","GLK","GLK","GLK","GLK","GLK","GLK","GLK","GLK","GLK","GLK","GLK","GLK","GLK"
9,"GLK","GLK","GLK","GLK","GLK","GLK","GLK","GLK","GLK","GLK","GLK","GLK","GLK","GLK","GLK","GLK","GLK","GLK","GLK","GLK","GLK","GLK","GLK","GLK","GLK","GLK","GLK"
10,"GLK","GLK","GLK","GLK","GLK","GLK","GLK","GLK","GLK","GLK","GLK","GLK","GLK","GLK","GLK","GLK","GLK","GLK","GLK","GLK","GLK","GLK","GLK","GLK","GLK","GLK","GLK"
11,NA,NA,NA,NA,NA,NA,"GLK","GLK","GLK","GLK","GLK","GLK","GLK","GLK","GLK","GLK","GLK","GLK","GLK","GLK","GLK","GLK","GLK","GLK","GLK","GLK","GLK"
12,"GLK","GLK","GLK","GLK","GLK","GLK","GLK","GLK","GLK","GLK","GLK","GLK","GLK","GLK","GLK","GLK","GLK","GLK","GLK","GLK","GLK","GLK","GLK","GLK","GLK","GLK","GLK"
13,NA,NA,NA,NA,NA,"GLK","GLK","GLK","GLK","GLK","GLK","GLK","GLK","GLK","GLK","GLK","GLK","GLK","GLK","GLK","GLK","GLK","GLK","GLK","GLK","GLK","GLK"
14,NA,NA,NA,NA,NA,NA,NA,"GLK","GLK","GLK","GLK","GLK","GLK","GLK","GLK","GLK","GLK","GLK","GLK","GLK","GLK","GLK","GLK","GLK","GLK","GLK","GLK"
15,"GLK","GLK","GLK","GLK","GLK","GLK","GLK","GLK","GLK","GLK","GLK","GLK","GLK","GLK","GLK","GLK","GLK","GLK","GLK","GLK","GLK","GLK","GLK","GLK","GLK","GLK","GLK"
16,"GLK","GLK","GLK","GLK","GLK","GLK","GLK","GLK","GLK","GLK","GLK","GLK","GLK","GLK","GLK","GLK","GLK","GLK","GLK","GLK","GLK","GLK","GLK","GLK","GLK","GLK","GLK"
17,"GLK","GLK","GLK","GLK","GLK","GLK","GLK","GLK","GLK","GLK","GLK","GLK","GLK","GLK","GLK","GLK","GLK","GLK","GLK","GLK","GLK","GLK","GLK","GLK","GLK","GLK","GLK"
18,"GLK","GLK","GLK","GLK","GLK","GLK","GLK","GLK","GLK","GLK","GLK","GLK","GLK","GLK","GLK","GLK","GLK","GLK","GLK","GLK","GLK","GLK","GLK","GLK","GLK","GLK","GLK"
19,"GLK","GLK","GLK","GLK","GLK","GLK","GLK","GLK","GLK","GLK","GLK","GLK","GLK","GLK","GLK","GLK","GLK","GLK","GLK","GLK","GLK","GLK","GLK","GLK","GLK","GLK","GLK"
20,"GLK","GLK","GLK","GLK","GLK","GLK","GLK","GLK","GLK","GLK","GLK","GLK","GLK","GLK","GLK","GLK","GLK","GLK","GLK","GLK","GLK","GLK","GLK","GLK","GLK","GLK","GLK"
21,NA,NA,NA,NA,NA,NA,NA,NA,"GLK","GLK","GLK","GLK","GLK","GLK","GLK","GLK","GLK","GLK","GLK","GLK","GLK","GLK","GLK","GLK","GLK","GLK","GLK"
22,"GLK","GLK","GLK","GLK","GLK","GLK","GLK","GLK","GLK","GLK","GLK","GLK","GLK","GLK","GLK","GLK","GLK","GLK","GLK","GLK","GLK","GLK","GLK","GLK","GLK","GLK","GLK"
23,"GLK","GLK","GLK","GLK","GLK","GLK","GLK","GLK","GLK","GLK","GLK","GLK","GLK","GLK","GLK","GLK","GLK","GLK","GLK","GLK","GLK","GLK","GLK","GLK","GLK","GLK","GLK"
24,"GLK","GLK","GLK","GLK","GLK","GLK","GLK","GLK","GLK","GLK","GLK","GLK","GLK","GLK","GLK","GLK","GLK","GLK","GLK","GLK","GLK","GLK","GLK","GLK","GLK","GLK","GLK"
25,"GLK","GLK","GLK","GLK","GLK","GLK","GLK","GLK","GLK","GLK","GLK","GLK","GLK","GLK","GLK","GLK","GLK","GLK","GLK","GLK","GLK","GLK","GLK","GLK","GLK","GLK","GLK"
26,"GLK","GLK","GLK","GLK","GLK","GLK","GLK","GLK","GLK","GLK","GLK","GLK","GLK","GLK","GLK","GLK","GLK","GLK","GLK","GLK","GLK","GLK","GLK","GLK","GLK","GLK","GLK"
27,NA,NA,NA,NA,NA,NA,"GLK","GLK","GLK","GLK","GLK","GLK","GLK","GLK","GLK","GLK","GLK","GLK","GLK","GLK","GLK","GLK","GLK","GLK","GLK","GLK","GLK"
28,"GLK","GLK","GLK","GLK","GLK","GLK","GLK","GLK","GLK","GLK","GLK","GLK","GLK","GLK","GLK","GLK","GLK","GLK","GLK","GLK","GLK","GLK","GLK","GLK","GLK","GLK","GLK"
29,"GLK","GLK","GLK","GLK","GLK","GLK","GLK","GLK","GLK","GLK","GLK","GLK","GLK","GLK","GLK","GLK","GLK","GLK","GLK","GLK","GLK","GLK","GLK","GLK","GLK","GLK","GLK"
30,"GLK","GLK","GLK","GLK","GLK","GLK","GLK","GLK","GLK","GLK","GLK","GLK","GLK","GLK","GLK","GLK","GLK","GLK","GLK","GLK","GLK","GLK","GLK","GLK","GLK","GLK","GLK"
31,"GLK","GLK","GLK","GLK","GLK","GLK","GLK","GLK","GLK","GLK","GLK","GLK","GLK","GLK","GLK","GLK","GLK","GLK","GLK","GLK","GLK","GLK","GLK","GLK","GLK","GLK","GLK"
32,"GLK","GLK","GLK","GLK","GLK","GLK","GLK","GLK","GLK","GLK","GLK","GLK","GLK","GLK","GLK","GLK","GLK","GLK","GLK","GLK","GLK","GLK","GLK","GLK","GLK","GLK","GLK"
33,"GLK","GLK","GLK","GLK","GLK","GLK","GLK","GLK","GLK","GLK","GLK","GLK","GLK","GLK","GLK","GLK","GLK","GLK","GLK","GLK","GLK","GLK","GLK","GLK","GLK","GLK","GLK"
34,NA,NA,NA,"GLK","GLK","GLK","GLK","GLK","GLK","GLK","GLK","GLK","GLK","GLK","GLK","GLK","GLK","GLK","GLK","GLK","GLK","GLK","GLK","GLK","GLK","GLK","GLK"
35,"GLK","GLK","GLK","GLK","GLK","GLK","GLK","GLK","GLK","GLK","GLK","GLK","GLK","GLK","GLK","GLK","GLK","GLK","GLK","GLK","GLK","GLK","GLK","GLK","GLK","GLK","GLK"
36,"GLK","GLK","GLK","GLK","GLK","GLK","GLK","GLK","GLK","GLK","GLK","GLK","GLK","GLK","GLK","GLK","GLK","GLK","GLK","GLK","GLK","GLK","GLK","GLK","GLK","GLK","GLK"
37,"GLK","GLK","GLK","GLK","GLK","GLK","GLK","GLK","GLK","GLK","GLK","GLK","GLK","GLK","GLK","GLK","GLK","GLK","GLK","GLK","GLK","GLK","GLK","GLK","GLK","GLK","GLK"
38,"GLK","GLK","GLK","GLK","GLK","GLK","GLK","GLK","GLK","GLK","GLK","GLK","GLK","GLK","GLK","GLK","GLK","GLK","GLK","GLK","GLK","GLK","GLK","GLK","GLK","GLK","GLK"
39,"GLK","GLK","GLK","GLK","GLK","GLK","GLK","GLK","GLK","GLK","GLK","GLK","GLK","GLK","GLK","GLK","GLK","GLK","GLK","GLK","GLK","GLK","GLK","GLK","GLK","GLK","GLK"
40,"GLK","GLK","GLK","GLK","GLK","GLK","GLK","GLK","GLK","GLK","GLK","GLK","GLK","GLK","GLK","GLK","GLK","GLK","GLK","GLK","GLK","GLK","GLK","GLK","GLK","GLK","GLK"
41,NA,NA,NA,NA,NA,NA,NA,NA,NA,NA,NA,NA,NA,NA,NA,NA,NA,NA,NA,NA,NA,NA,NA,NA,NA,NA,"GLK"
42,"GLK","GLK","GLK","GLK","GLK","GLK","GLK","GLK","GLK","GLK","GLK","GLK","GLK","GLK","GLK","GLK","GLK","GLK","GLK","GLK","GLK","GLK","GLK","GLK","GLK","GLK","GLK"
43,NA,NA,NA,"GLK","GLK","GLK","GLK","GLK","GLK","GLK","GLK","GLK","GLK","GLK","GLK","GLK","GLK","GLK","GLK","GLK","GLK","GLK","GLK","GLK","GLK","GLK","GLK"
44,"GLK","GLK","GLK","GLK","GLK","GLK","GLK","GLK","GLK","GLK","GLK","GLK","GLK","GLK","GLK","GLK","GLK","GLK","GLK","GLK","GLK","GLK","GLK","GLK","GLK","GLK","GLK"
45,"GLK","GLK","GLK","GLK","GLK","GLK","GLK","GLK","GLK","GLK","GLK","GLK","GLK","GLK","GLK","GLK","GLK","GLK","GLK","GLK","GLK","GLK","GLK","GLK","GLK","GLK","GLK"
46,NA,"GLK","GLK","GLK","GLK","GLK","GLK","GLK","GLK","GLK","GLK","GLK","GLK","GLK","GLK","GLK","GLK","GLK","GLK","GLK","GLK","GLK","GLK","GLK","GLK","GLK","GLK"
47,"GLK","GLK","GLK","GLK","GLK","GLK","GLK","GLK","GLK","GLK","GLK","GLK","GLK","GLK","GLK","GLK","GLK","GLK","GLK","GLK","GLK","GLK","GLK","GLK","GLK","GLK","GLK"
48,"GLK","GLK","GLK","GLK","GLK","GLK","GLK","GLK","GLK","GLK","GLK","GLK","GLK","GLK","GLK","GLK","GLK","GLK","GLK","GLK","GLK","GLK","GLK","GLK","GLK","GLK","GLK"
49,NA,NA,NA,NA,NA,NA,NA,NA,NA,NA,NA,NA,"GLK","GLK","GLK","GLK","GLK","GLK","GLK","GLK","GLK","GLK","GLK","GLK","GLK","GLK","GLK"
50,"GLK","GLK","GLK","GLK","GLK","GLK","GLK","GLK","GLK","GLK","GLK","GLK","GLK","GLK","GLK","GLK","GLK","GLK","GLK","GLK","GLK","GLK","GLK","GLK","GLK","GLK","GLK"
51,NA,NA,NA,NA,NA,NA,NA,NA,NA,NA,NA,NA,NA,NA,NA,NA,"GLK","GLK","GLK","GLK","GLK","GLK","GLK","GLK","GLK","GLK","GLK"
52,"GLK","GLK","GLK","GLK","GLK","GLK","GLK","GLK","GLK","GLK","GLK","GLK","GLK","GLK","GLK","GLK","GLK","GLK","GLK","GLK","GLK","GLK","GLK","GLK","GLK","GLK","GLK"
53,NA,NA,NA,NA,NA,NA,NA,NA,NA,NA,NA,"GLK","GLK","GLK","GLK","GLK","GLK","GLK","GLK","GLK","GLK","GLK","GLK","GLK","GLK","GLK","GLK"
54,"GLK","GLK","GLK","GLK","GLK","GLK","GLK","GLK","GLK","GLK","GLK","GLK","GLK","GLK","GLK","GLK","GLK","GLK","GLK","GLK","GLK","GLK","GLK","GLK","GLK","GLK","GLK"
55,"GLK","GLK","GLK","GLK","GLK","GLK","GLK","GLK","GLK","GLK","GLK","GLK","GLK","GLK","GLK","GLK","GLK","GLK","GLK","GLK","GLK","GLK","GLK","GLK","GLK","GLK","GLK"
56,NA,NA,NA,NA,NA,NA,NA,NA,NA,NA,NA,"GLK","GLK","GLK","GLK","GLK","GLK","GLK","GLK","GLK","GLK","GLK","GLK","GLK","GLK","GLK","GLK"
57,NA,NA,NA,NA,NA,NA,NA,NA,NA,NA,NA,NA,NA,NA,NA,NA,NA,NA,NA,"GLK","GLK","GLK","GLK","GLK","GLK","GLK","GLK"
58,"GLK","GLK","GLK","GLK","GLK","GLK","GLK","GLK","GLK","GLK","GLK","GLK","GLK","GLK","GLK","GLK","GLK","GLK","GLK","GLK","GLK","GLK","GLK","GLK","GLK","GLK","GLK"
59,NA,NA,NA,"GLK","GLK","GLK","GLK","GLK","GLK","GLK","GLK","GLK","GLK","GLK","GLK","GLK","GLK","GLK","GLK","GLK","GLK","GLK","GLK","GLK","GLK","GLK","GLK"
60,"GLK","GLK","GLK","GLK","GLK","GLK","GLK","GLK","GLK","GLK","GLK","GLK","GLK","GLK","GLK","GLK","GLK","GLK","GLK","GLK","GLK","GLK","GLK","GLK","GLK","GLK","GLK"
61,"GLK","GLK","GLK","GLK","GLK","GLK","GLK","GLK","GLK","GLK","GLK","GLK","GLK","GLK","GLK","GLK","GLK","GLK","GLK","GLK","GLK","GLK","GLK","GLK","GLK","GLK","GLK"
62,"GLK","GLK","GLK","GLK","GLK","GLK","GLK","GLK","GLK","GLK","GLK","GLK","GLK","GLK","GLK","GLK","GLK","GLK","GLK","GLK","GLK","GLK","GLK","GLK","GLK","GLK","GLK"
63,NA,NA,NA,NA,NA,NA,NA,NA,"GLK","GLK","GLK","GLK","GLK","GLK","GLK","GLK","GLK","GLK","GLK","GLK","GLK","GLK","GLK","GLK","GLK","GLK","GLK"
64,"GLK","GLK","GLK","GLK","GLK","GLK","GLK","GLK","GLK","GLK","GLK","GLK","GLK","GLK","GLK","GLK","GLK","GLK","GLK","GLK","GLK","GLK","GLK","GLK","GLK","GLK","GLK"
65,"GLK","GLK","GLK","GLK","GLK","GLK","GLK","GLK","GLK","GLK","GLK","GLK","GLK","GLK","GLK","GLK","GLK","GLK","GLK","GLK","GLK","GLK","GLK","GLK","GLK","GLK","GLK"
66,"GLK","GLK","GLK","GLK","GLK","GLK","GLK","GLK","GLK","GLK","GLK","GLK","GLK","GLK","GLK","GLK","GLK","GLK","GLK","GLK","GLK","GLK","GLK","GLK","GLK","GLK","GLK"
67,NA,NA,NA,NA,NA,NA,NA,NA,NA,NA,NA,NA,NA,NA,NA,"GLK","GLK","GLK","GLK","GLK","GLK","GLK","GLK","GLK","GLK","GLK","GLK"
68,"DEF","DEF","DEF","DEF","DEF","DEF","DEF","DEF","DEF","DEF","DEF","DEF","DEF","DEF","DEF","DEF","DEF","DEF","DEF","DEF","DEF","DEF","DEF","DEF","DEF","DEF","DEF"
69,"DEF","DEF","DEF","DEF","DEF","DEF","DEF","DEF","DEF","DEF","DEF","DEF","DEF","DEF","DEF","DEF","DEF","DEF","DEF","DEF","DEF","DEF","DEF","DEF","DEF","DEF","DEF"
70,NA,NA,NA,NA,NA,NA,NA,NA,NA,NA,NA,"DEF","DEF","DEF","DEF","DEF","DEF","DEF","DEF","DEF","DEF","DEF","DEF","DEF","DEF","DEF","DEF"
71,"DEF","DEF","DEF","DEF","DEF","DEF","DEF","DEF","DEF","DEF","DEF","DEF","DEF","DEF","DEF","DEF","DEF","DEF","DEF","DEF","DEF","DEF","DEF","DEF","DEF","DEF","DEF"
72,"DEF","DEF","DEF","DEF","DEF","DEF","DEF","DEF","DEF","DEF","DEF","DEF","DEF","DEF","DEF","DEF","DEF","DEF","DEF","DEF","DEF","DEF","DEF","DEF","DEF","DEF","DEF"
73,"DEF","DEF","DEF","DEF","DEF","DEF","DEF","DEF","DEF","DEF","DEF","DEF","DEF","DEF","DEF","DEF","DEF","DEF","DEF","DEF","DEF","DEF","DEF","DEF","DEF","DEF","DEF"
74,"DEF","DEF","DEF","DEF","DEF","DEF","DEF","DEF","DEF","DEF","DEF","DEF","DEF","DEF","DEF","DEF","DEF","DEF","DEF","DEF","DEF","DEF","DEF","DEF","DEF","DEF","DEF"
75,"DEF","DEF","DEF","DEF","DEF","DEF","DEF","DEF","DEF","DEF","DEF","DEF","DEF","DEF","DEF","DEF","DEF","DEF","DEF","DEF","DEF","DEF","DEF","DEF","DEF","DEF","DEF"
76,NA,NA,NA,NA,NA,NA,NA,NA,NA,NA,NA,NA,NA,NA,NA,NA,NA,NA,NA,NA,NA,NA,"DEF","DEF","DEF","DEF","DEF"
77,"DEF","DEF","DEF","DEF","DEF","DEF","DEF","DEF","DEF","DEF","DEF","DEF","DEF","DEF","DEF","DEF","DEF","DEF","DEF","DEF","DEF","DEF","DEF","DEF","DEF","DEF","DEF"
78,"DEF","DEF","DEF","DEF","DEF","DEF","DEF","DEF","DEF","DEF","DEF","DEF","DEF","DEF","DEF","DEF","DEF","DEF","DEF","DEF","DEF","DEF","DEF","DEF","DEF","DEF","DEF"
79,"DEF","DEF","DEF","DEF","DEF","DEF","DEF","DEF","DEF","DEF","DEF","DEF","DEF","DEF","DEF","DEF","DEF","DEF","DEF","DEF","DEF","DEF","DEF","DEF","DEF","DEF","DEF"
80,"DEF","DEF","DEF","DEF","DEF","DEF","DEF","DEF","DEF","DEF","DEF","DEF","DEF","DEF","DEF","DEF","DEF","DEF","DEF","DEF","DEF","DEF","DEF","DEF","DEF","DEF","DEF"
81,"DEF","DEF","DEF","DEF","DEF","DEF","DEF","DEF","DEF","DEF","DEF","DEF","DEF","DEF","DEF","DEF","DEF","DEF","DEF","DEF","DEF","DEF","DEF","DEF","DEF","DEF","DEF"
82,"DEF","DEF","DEF","DEF","DEF","DEF","DEF","DEF","DEF","DEF","DEF","DEF","DEF","DEF","DEF","DEF","DEF","DEF","DEF","DEF","DEF","DEF","DEF","DEF","DEF","DEF","DEF"
83,"DEF","DEF","DEF","DEF","DEF","DEF","DEF","DEF","DEF","DEF","DEF","DEF","DEF","DEF","DEF","DEF","DEF","DEF","DEF","DEF","DEF","DEF","DEF","DEF","DEF","DEF","DEF"
84,"DEF","DEF","DEF","DEF","DEF","DEF","DEF","DEF","DEF","DEF","DEF","DEF","DEF","DEF","DEF","DEF","DEF","DEF","DEF","DEF","DEF","DEF","DEF","DEF","DEF","DEF","DEF"
85,"DEF","DEF","DEF","DEF","DEF","DEF","DEF","DEF","DEF","DEF","DEF","DEF","DEF","DEF","DEF","DEF","DEF","DEF","DEF","DEF","DEF","DEF","DEF","DEF","DEF","DEF","DEF"
86,"DEF","DEF","DEF","DEF","DEF","DEF","DEF","DEF","DEF","DEF","DEF","DEF","DEF","DEF","DEF","DEF","DEF","DEF","DEF","DEF","DEF","DEF","DEF","DEF","DEF","DEF","DEF"
87,NA,NA,NA,"DEF","DEF","DEF","DEF","DEF","DEF","DEF","DEF","DEF","DEF","DEF","DEF","DEF","DEF","DEF","DEF","DEF","DEF","DEF","DEF","DEF","DEF","DEF","DEF"
88,"DEF","DEF","DEF","DEF","DEF","DEF","DEF","DEF","DEF","DEF","DEF","DEF","DEF","DEF","DEF","DEF","DEF","DEF","DEF","DEF","DEF","DEF","DEF","DEF","DEF","DEF","DEF"
89,"DEF","DEF","DEF","DEF","DEF","DEF","DEF","DEF","DEF","DEF","DEF","DEF","DEF","DEF","DEF","DEF","DEF","DEF","DEF","DEF","DEF","DEF","DEF","DEF","DEF","DEF","DEF"
90,"DEF","DEF","DEF","DEF","DEF","DEF","DEF","DEF","DEF","DEF","DEF","DEF","DEF","DEF","DEF","DEF","DEF","DEF","DEF","DEF","DEF","DEF","DEF","DEF","DEF","DEF","DEF"
91,"DEF","DEF","DEF","DEF","DEF","DEF","DEF","DEF","DEF","DEF","DEF","DEF","DEF","DEF","DEF","DEF","DEF","DEF","DEF","DEF","DEF","DEF","DEF","DEF","DEF","DEF","DEF"
92,"DEF","DEF","DEF","DEF","DEF","DEF","DEF","DEF","DEF","DEF","DEF","DEF","DEF","DEF","DEF","DEF","DEF","DEF","DEF","DEF","DEF","DEF","DEF","DEF","DEF","DEF","DEF"
93,"DEF","DEF","DEF","DEF","DEF","DEF","DEF","DEF","DEF","DEF","DEF","DEF","DEF","DEF","DEF","DEF","DEF","DEF","DEF","DEF","DEF","DEF","DEF","DEF","DEF","DEF","DEF"
94,"DEF","DEF","DEF","DEF","DEF","DEF","DEF","DEF","DEF","DEF","DEF","DEF","DEF","DEF","DEF","DEF","DEF","DEF","DEF","DEF","DEF","DEF","DEF","DEF","DEF","DEF","DEF"
95,NA,NA,NA,NA,NA,NA,NA,NA,NA,NA,NA,NA,NA,"DEF","DEF","DEF","DEF","DEF","DEF","DEF","DEF","DEF","DEF","DEF","DEF","DEF","DEF"
96,"DEF","DEF","DEF","DEF","DEF","DEF","DEF","DEF","DEF","DEF","DEF","DEF","DEF","DEF","DEF","DEF","DEF","DEF","DEF","DEF","DEF","DEF","DEF","DEF","DEF","DEF","DEF"
97,"DEF","DEF","DEF","DEF","DEF","DEF","DEF","DEF","DEF","DEF","DEF","DEF","DEF","DEF","DEF","DEF","DEF","DEF","DEF","DEF","DEF","DEF","DEF","DEF","DEF","DEF","DEF"
98,"DEF","DEF","DEF","DEF","DEF","DEF","DEF","DEF","DEF","DEF","DEF","DEF","DEF","DEF","DEF","DEF","DEF","DEF","DEF","DEF","DEF","DEF","DEF","DEF","DEF","DEF","DEF"
99,"DEF","DEF","DEF","DEF","DEF","DEF","DEF","DEF","DEF","DEF","DEF","DEF","DEF","DEF","DEF","DEF","DEF","DEF","DEF","DEF","DEF","DEF","DEF","DEF","DEF","DEF","DEF"
100,"DEF","DEF","DEF","DEF","DEF","DEF","DEF","DEF","DEF","DEF","DEF","DEF","DEF","DEF","DEF","DEF","DEF","DEF","DEF","DEF","DEF","DEF","DEF","DEF","DEF","DEF","DEF"
101,"DEF","DEF","DEF","DEF","DEF","DEF","DEF","DEF","DEF","DEF","DEF","DEF","DEF","DEF","DEF","DEF","DEF","DEF","DEF","DEF","DEF","DEF","DEF","DEF","DEF","DEF","DEF"
102,"DEF","DEF","DEF","DEF","DEF","DEF","DEF","DEF","DEF","DEF","DEF","DEF","DEF","DEF","DEF","DEF","DEF","DEF","DEF","DEF","DEF","DEF","DEF","DEF","DEF","DEF","DEF"
103,"DEF","DEF","DEF","DEF","DEF","DEF","DEF","DEF","DEF","DEF","DEF","DEF","DEF","DEF","DEF","DEF","DEF","DEF","DEF","DEF","DEF","DEF","DEF","DEF","DEF","DEF","DEF"
104,"DEF","DEF","DEF","DEF","DEF","DEF","DEF","DEF","DEF","DEF","DEF","DEF","DEF","DEF","DEF","DEF","DEF","DEF","DEF","DEF","DEF","DEF","DEF","DEF","DEF","DEF","DEF"
105,"DEF","DEF","DEF","DEF","DEF","DEF","DEF","DEF","DEF","DEF","DEF","DEF","DEF","DEF","DEF","DEF","DEF","DEF","DEF","DEF","DEF","DEF","DEF","DEF","DEF","DEF","DEF"
106,"DEF","DEF","DEF","DEF","DEF","DEF","DEF","DEF","DEF","DEF","DEF","DEF","DEF","DEF","DEF","DEF","DEF","DEF","DEF","DEF","DEF","DEF","DEF","DEF","DEF","DEF","DEF"
107,"DEF","DEF","DEF","DEF","DEF","DEF","DEF","DEF","DEF","DEF","DEF","DEF","DEF","DEF","DEF","DEF","DEF","DEF","DEF","DEF","DEF","DEF","DEF","DEF","DEF","DEF","DEF"
108,"DEF","DEF","DEF","DEF","DEF","DEF","DEF","DEF","DEF","DEF","DEF","DEF","DEF","DEF","DEF","DEF","DEF","DEF","DEF","DEF","DEF","DEF","DEF","DEF","DEF","DEF","DEF"
109,NA,NA,NA,NA,NA,NA,NA,NA,NA,NA,NA,NA,NA,NA,NA,NA,NA,NA,NA,NA,NA,NA,NA,NA,NA,"DEF","DEF"
110,"DEF","DEF","DEF","DEF","DEF","DEF","DEF","DEF","DEF","DEF","DEF","DEF","DEF","DEF","DEF","DEF","DEF","DEF","DEF","DEF","DEF","DEF","DEF","DEF","DEF","DEF","DEF"
111,"DEF","DEF","DEF","DEF","DEF","DEF","DEF","DEF","DEF","DEF","DEF","DEF","DEF","DEF","DEF","DEF","DEF","DEF","DEF","DEF","DEF","DEF","DEF","DEF","DEF","DEF","DEF"
112,NA,NA,NA,NA,NA,NA,NA,NA,NA,NA,NA,NA,NA,NA,NA,NA,NA,NA,NA,NA,NA,NA,NA,NA,"DEF","DEF","DEF"
113,NA,"DEF","DEF","DEF","DEF","DEF","DEF","DEF","DEF","DEF","DEF","DEF","DEF","DEF","DEF","DEF","DEF","DEF","DEF","DEF","DEF","DEF","DEF","DEF","DEF","DEF","DEF"
114,NA,NA,NA,"DEF","DEF","DEF","DEF","DEF","DEF","DEF","DEF","DEF","DEF","DEF","DEF","DEF","DEF","DEF","DEF","DEF","DEF","DEF","DEF","DEF","DEF","DEF","DEF"
115,"DEF","DEF","DEF","DEF","DEF","DEF","DEF","DEF","DEF","DEF","DEF","DEF","DEF","DEF","DEF","DEF","DEF","DEF","DEF","DEF","DEF","DEF","DEF","DEF","DEF","DEF","DEF"
116,"DEF","DEF","DEF","DEF","DEF","DEF","DEF","DEF","DEF","DEF","DEF","DEF","DEF","DEF","DEF","DEF","DEF","DEF","DEF","DEF","DEF","DEF","DEF","DEF","DEF","DEF","DEF"
117,"DEF","DEF","DEF","DEF","DEF","DEF","DEF","DEF","DEF","DEF","DEF","DEF","DEF","DEF","DEF","DEF","DEF","DEF","DEF","DEF","DEF","DEF","DEF","DEF","DEF","DEF","DEF"
118,NA,NA,NA,NA,NA,NA,NA,NA,NA,NA,NA,NA,NA,NA,NA,NA,NA,NA,NA,NA,NA,NA,NA,NA,"DEF","DEF","DEF"
119,"DEF","DEF","DEF","DEF","DEF","DEF","DEF","DEF","DEF","DEF","DEF","DEF","DEF","DEF","DEF","DEF","DEF","DEF","DEF","DEF","DEF","DEF","DEF","DEF","DEF","DEF","DEF"
120,"DEF","DEF","DEF","DEF","DEF","DEF","DEF","DEF","DEF","DEF","DEF","DEF","DEF","DEF","DEF","DEF","DEF","DEF","DEF","DEF","DEF","DEF","DEF","DEF","DEF","DEF","DEF"
121,"DEF","DEF","DEF","DEF","DEF","DEF","DEF","DEF","DEF","DEF","DEF","DEF","DEF","DEF","DEF","DEF","DEF","DEF","DEF","DEF","DEF","DEF","DEF","DEF","DEF","DEF","DEF"
122,"DEF","DEF","DEF","DEF","DEF","DEF","DEF","DEF","DEF","DEF","DEF","DEF","DEF","DEF","DEF","DEF","DEF","DEF","DEF","DEF","DEF","DEF","DEF","DEF","DEF","DEF","DEF"
123,"DEF","DEF","DEF","DEF","DEF","DEF","DEF","DEF","DEF","DEF","DEF","DEF","DEF","DEF","DEF","DEF","DEF","DEF","DEF","DEF","DEF","DEF","DEF","DEF","DEF","DEF","DEF"
124,"DEF","DEF","DEF","DEF","DEF","DEF","DEF","DEF","DEF","DEF","DEF","DEF","DEF","DEF","DEF","DEF","DEF","DEF","DEF","DEF","DEF","DEF","DEF","DEF","DEF","DEF","DEF"
125,"DEF","DEF","DEF","DEF","DEF","DEF","DEF","DEF","DEF","DEF","DEF","DEF","DEF","DEF","DEF","DEF","DEF","DEF","DEF","DEF","DEF","DEF","DEF","DEF","DEF","DEF","DEF"
126,"DEF","DEF","DEF","DEF","DEF","DEF","DEF","DEF","DEF","DEF","DEF","DEF","DEF","DEF","DEF","DEF","DEF","DEF","DEF","DEF","DEF","DEF","DEF","DEF","DEF","DEF","DEF"
127,"DEF","DEF","DEF","DEF","DEF","DEF","DEF","DEF","DEF","DEF","DEF","DEF","DEF","DEF","DEF","DEF","DEF","DEF","DEF","DEF","DEF","DEF","DEF","DEF","DEF","DEF","DEF"
128,"DEF","DEF","DEF","DEF","DEF","DEF","DEF","DEF","DEF","DEF","DEF","DEF","DEF","DEF","DEF","DEF","DEF","DEF","DEF","DEF","DEF","DEF","DEF","DEF","DEF","DEF","DEF"
129,"DEF","DEF","DEF","DEF","DEF","DEF","DEF","DEF","DEF","DEF","DEF","DEF","DEF","DEF","DEF","DEF","DEF","DEF","DEF","DEF","DEF","DEF","DEF","DEF","DEF","DEF","DEF"
130,"DEF","DEF","DEF","DEF","DEF","DEF","DEF","DEF","DEF","DEF","DEF","DEF","DEF","DEF","DEF","DEF","DEF","DEF","DEF","DEF","DEF","DEF","DEF","DEF","DEF","DEF","DEF"
131,"DEF","DEF","DEF","DEF","DEF","DEF","DEF","DEF","DEF","DEF","DEF","DEF","DEF","DEF","DEF","DEF","DEF","DEF","DEF","DEF","DEF","DEF","DEF","DEF","DEF","DEF","DEF"
132,"DEF","DEF","DEF","DEF","DEF","DEF","DEF","DEF","DEF","DEF","DEF","DEF","DEF","DEF","DEF","DEF","DEF","DEF","DEF","DEF","DEF","DEF","DEF","DEF","DEF","DEF","DEF"
133,"DEF","DEF","DEF","DEF","DEF","DEF","DEF","DEF","DEF","DEF","DEF","DEF","DEF","DEF","DEF","DEF","DEF","DEF","DEF","DEF","DEF","DEF","DEF","DEF","DEF","DEF","DEF"
134,NA,"DEF","DEF","DEF","DEF","DEF","DEF","DEF","DEF","DEF","DEF","DEF","DEF","DEF","DEF","DEF","DEF","DEF","DEF","DEF","DEF","DEF","DEF","DEF","DEF","DEF","DEF"
135,"DEF","DEF","DEF","DEF","DEF","DEF","DEF","DEF","DEF","DEF","DEF","DEF","DEF","DEF","DEF","DEF","DEF","DEF","DEF","DEF","DEF","DEF","DEF","DEF","DEF","DEF","DEF"
136,"DEF","DEF","DEF","DEF","DEF","DEF","DEF","DEF","DEF","DEF","DEF","DEF","DEF","DEF","DEF","DEF","DEF","DEF","DEF","DEF","DEF","DEF","DEF","DEF","DEF","DEF","DEF"
137,"DEF","DEF","DEF","DEF","DEF","DEF","DEF","DEF","DEF","DEF","DEF","DEF","DEF","DEF","DEF","DEF","DEF","DEF","DEF","DEF","DEF","DEF","DEF","DEF","DEF","DEF","DEF"
138,"DEF","DEF","DEF","DEF","DEF","DEF","DEF","DEF","DEF","DEF","DEF","DEF","DEF","DEF","DEF","DEF","DEF","DEF","DEF","DEF","DEF","DEF","DEF","DEF","DEF","DEF","DEF"
139,NA,NA,"DEF","DEF","DEF","DEF","DEF","DEF","DEF","DEF","DEF","DEF","DEF","DEF","DEF","DEF","DEF","DEF","DEF","DEF","DEF","DEF","DEF","DEF","DEF","DEF","DEF"
140,"DEF","DEF","DEF","DEF","DEF","DEF","DEF","DEF","DEF","DEF","DEF","DEF","DEF","DEF","DEF","DEF","DEF","DEF","DEF","DEF","DEF","DEF","DEF","DEF","DEF","DEF","DEF"
141,"DEF","DEF","DEF","DEF","DEF","DEF","DEF","DEF","DEF","DEF","DEF","DEF","DEF","DEF","DEF","DEF","DEF","DEF","DEF","DEF","DEF","DEF","DEF","DEF","DEF","DEF","DEF"
142,NA,NA,NA,NA,NA,NA,NA,NA,NA,NA,NA,NA,NA,NA,NA,NA,NA,NA,NA,NA,NA,NA,"DEF","DEF","DEF","DEF","DEF"
143,"DEF","DEF","DEF","DEF","DEF","DEF","DEF","DEF","DEF","DEF","DEF","DEF","DEF","DEF","DEF","DEF","DEF","DEF","DEF","DEF","DEF","DEF","DEF","DEF","DEF","DEF","DEF"
144,"DEF","DEF","DEF","DEF","DEF","DEF","DEF","DEF","DEF","DEF","DEF","DEF","DEF","DEF","DEF","DEF","DEF","DEF","DEF","DEF","DEF","DEF","DEF","DEF","DEF","DEF","DEF"
145,"DEF","DEF","DEF","DEF","DEF","DEF","DEF","DEF","DEF","DEF","DEF","DEF","DEF","DEF","DEF","DEF","DEF","DEF","DEF","DEF","DEF","DEF","DEF","DEF","DEF","DEF","DEF"
146,"DEF","DEF","DEF","DEF","DEF","DEF","DEF","DEF","DEF","DEF","DEF","DEF","DEF","DEF","DEF","DEF","DEF","DEF","DEF","DEF","DEF","DEF","DEF","DEF","DEF","DEF","DEF"
147,"DEF","DEF","DEF","DEF","DEF","DEF","DEF","DEF","DEF","DEF","DEF","DEF","DEF","DEF","DEF","DEF","DEF","DEF","DEF","DEF","DEF","DEF","DEF","DEF","DEF","DEF","DEF"
148,"DEF","DEF","DEF","DEF","DEF","DEF","DEF","DEF","DEF","DEF","DEF","DEF","DEF","DEF","DEF","DEF","DEF","DEF","DEF","DEF","DEF","DEF","DEF","DEF","DEF","DEF","DEF"
149,"DEF","DEF","DEF","DEF","DEF","DEF","DEF","DEF","DEF","DEF","DEF","DEF","DEF","DEF","DEF","DEF","DEF","DEF","DEF","DEF","DEF","DEF","DEF","DEF","DEF","DEF","DEF"
150,"DEF","DEF","DEF","DEF","DEF","DEF","DEF","DEF","DEF","DEF","DEF","DEF","DEF","DEF","DEF","DEF","DEF","DEF","DEF","DEF","DEF","DEF","DEF","DEF","DEF","DEF","DEF"
151,NA,NA,NA,"DEF","DEF","DEF","DEF","DEF","DEF","DEF","DEF","DEF","DEF","DEF","DEF","DEF","DEF","DEF","DEF","DEF","DEF","DEF","DEF","DEF","DEF","DEF","DEF"
152,"DEF","DEF","DEF","DEF","DEF","DEF","DEF","DEF","DEF","DEF","DEF","DEF","DEF","DEF","DEF","DEF","DEF","DEF","DEF","DEF","DEF","DEF","DEF","DEF","DEF","DEF","DEF"
153,"DEF","DEF","DEF","DEF","DEF","DEF","DEF","DEF","DEF","DEF","DEF","DEF","DEF","DEF","DEF","DEF","DEF","DEF","DEF","DEF","DEF","DEF","DEF","DEF","DEF","DEF","DEF"
154,"DEF","DEF","DEF","DEF","DEF","DEF","DEF","DEF","DEF","DEF","DEF","DEF","DEF","DEF","DEF","DEF","DEF","DEF","DEF","DEF","DEF","DEF","DEF","DEF","DEF","DEF","DEF"
155,"DEF","DEF","DEF","DEF","DEF","DEF","DEF","DEF","DEF","DEF","DEF","DEF","DEF","DEF","DEF","DEF","DEF","DEF","DEF","DEF","DEF","DEF","DEF","DEF","DEF","DEF","DEF"
156,"DEF","DEF","DEF","DEF","DEF","DEF","DEF","DEF","DEF","DEF","DEF","DEF","DEF","DEF","DEF","DEF","DEF","DEF","DEF","DEF","DEF","DEF","DEF","DEF","DEF","DEF","DEF"
157,"DEF","DEF","DEF","DEF","DEF","DEF","DEF","DEF","DEF","DEF","DEF","DEF","DEF","DEF","DEF","DEF","DEF","DEF","DEF","DEF","DEF","DEF","DEF","DEF","DEF","DEF","DEF"
158,"DEF","DEF","DEF","DEF","DEF","DEF","DEF","DEF","DEF","DEF","DEF","DEF","DEF","DEF","DEF","DEF","DEF","DEF","DEF","DEF","DEF","DEF","DEF","DEF","DEF","DEF","DEF"
159,NA,NA,"DEF","DEF","DEF","DEF","DEF","DEF","DEF","DEF","DEF","DEF","DEF","DEF","DEF","DEF","DEF","DEF","DEF","DEF","DEF","DEF","DEF","DEF","DEF","DEF","DEF"
160,"DEF","DEF","DEF","DEF","DEF","DEF","DEF","DEF","DEF","DEF","DEF","DEF","DEF","DEF","DEF","DEF","DEF","DEF","DEF","DEF","DEF","DEF","DEF","DEF","DEF","DEF","DEF"
161,"DEF","DEF","DEF","DEF","DEF","DEF","DEF","DEF","DEF","DEF","DEF","DEF","DEF","DEF","DEF","DEF","DEF","DEF","DEF","DEF","DEF","DEF","DEF","DEF","DEF","DEF","DEF"
162,"DEF","DEF","DEF","DEF","DEF","DEF","DEF","DEF","DEF","DEF","DEF","DEF","DEF","DEF","DEF","DEF","DEF","DEF","DEF","DEF","DEF","DEF","DEF","DEF","DEF","DEF","DEF"
163,"DEF","DEF","DEF","DEF","DEF","DEF","DEF","DEF","DEF","DEF","DEF","DEF","DEF","DEF","DEF","DEF","DEF","DEF","DEF","DEF","DEF","DEF","DEF","DEF","DEF","DEF","DEF"
164,"DEF","DEF","DEF","DEF","DEF","DEF","DEF","DEF","DEF","DEF","DEF","DEF","DEF","DEF","DEF","DEF","DEF","DEF","DEF","DEF","DEF","DEF","DEF","DEF","DEF","DEF","DEF"
165,"DEF","DEF","DEF","DEF","DEF","DEF","DEF","DEF","DEF","DEF","DEF","DEF","DEF","DEF","DEF","DEF","DEF","DEF","DEF","DEF","DEF","DEF","DEF","DEF","DEF","DEF","DEF"
166,"DEF","DEF","DEF","DEF","DEF","DEF","DEF","DEF","DEF","DEF","DEF","DEF","DEF","DEF","DEF","DEF","DEF","DEF","DEF","DEF","DEF","DEF","DEF","DEF","DEF","DEF","DEF"
167,"DEF","DEF","DEF","DEF","DEF","DEF","DEF","DEF","DEF","DEF","DEF","DEF","DEF","DEF","DEF","DEF","DEF","DEF","DEF","DEF","DEF","DEF","DEF","DEF","DEF","DEF","DEF"
168,NA,NA,NA,NA,NA,NA,NA,NA,NA,NA,NA,NA,NA,NA,NA,NA,NA,NA,NA,NA,"DEF","DEF","DEF","DEF","DEF","DEF","DEF"
169,"DEF","DEF","DEF","DEF","DEF","DEF","DEF","DEF","DEF","DEF","DEF","DEF","DEF","DEF","DEF","DEF","DEF","DEF","DEF","DEF","DEF","DEF","DEF","DEF","DEF","DEF","DEF"
170,"DEF","DEF","DEF","DEF","DEF","DEF","DEF","DEF","DEF","DEF","DEF","DEF","DEF","DEF","DEF","DEF","DEF","DEF","DEF","DEF","DEF","DEF","DEF","DEF","DEF","DEF","DEF"
171,"DEF","DEF","DEF","DEF","DEF","DEF","DEF","DEF","DEF","DEF","DEF","DEF","DEF","DEF","DEF","DEF","DEF","DEF","DEF","DEF","DEF","DEF","DEF","DEF","DEF","DEF","DEF"
172,NA,NA,NA,NA,NA,NA,NA,NA,NA,NA,NA,NA,NA,NA,NA,NA,NA,NA,NA,NA,NA,NA,NA,NA,NA,"DEF","DEF"
173,"DEF","DEF","DEF","DEF","DEF","DEF","DEF","DEF","DEF","DEF","DEF","DEF","DEF","DEF","DEF","DEF","DEF","DEF","DEF","DEF","DEF","DEF","DEF","DEF","DEF","DEF","DEF"
174,"DEF","DEF","DEF","DEF","DEF","DEF","DEF","DEF","DEF","DEF","DEF","DEF","DEF","DEF","DEF","DEF","DEF","DEF","DEF","DEF","DEF","DEF","DEF","DEF","DEF","DEF","DEF"
175,"DEF","DEF","DEF","DEF","DEF","DEF","DEF","DEF","DEF","DEF","DEF","DEF","DEF","DEF","DEF","DEF","DEF","DEF","DEF","DEF","DEF","DEF","DEF","DEF","DEF","DEF","DEF"
176,"DEF","DEF","DEF","DEF","DEF","DEF","DEF","DEF","DEF","DEF","DEF","DEF","DEF","DEF","DEF","DEF","DEF","DEF","DEF","DEF","DEF","DEF","DEF","DEF","DEF","DEF","DEF"
177,"DEF","DEF","DEF","DEF","DEF","DEF","DEF","DEF","DEF","DEF","DEF","DEF","DEF","DEF","DEF","DEF","DEF","DEF","DEF","DEF","DEF","DEF","DEF","DEF","DEF","DEF","DEF"
178,"DEF","DEF","DEF","DEF","DEF","DEF","DEF","DEF","DEF","DEF","DEF","DEF","DEF","DEF","DEF","DEF","DEF","DEF","DEF","DEF","DEF","DEF","DEF","DEF","DEF","DEF","DEF"
179,"DEF","DEF","DEF","DEF","DEF","DEF","DEF","DEF","DEF","DEF","DEF","DEF","DEF","DEF","DEF","DEF","DEF","DEF","DEF","DEF","DEF","DEF","DEF","DEF","DEF","DEF","DEF"
180,"DEF","DEF","DEF","DEF","DEF","DEF","DEF","DEF","DEF","DEF","DEF","DEF","DEF","DEF","DEF","DEF","DEF","DEF","DEF","DEF","DEF","DEF","DEF","DEF","DEF","DEF","DEF"
181,"DEF","DEF","DEF","DEF","DEF","DEF","DEF","DEF","DEF","DEF","DEF","DEF","DEF","DEF","DEF","DEF","DEF","DEF","DEF","DEF","DEF","DEF","DEF","DEF","DEF","DEF","DEF"
182,"DEF","DEF","DEF","DEF","DEF","DEF","DEF","DEF","DEF","DEF","DEF","DEF","DEF","DEF","DEF","DEF","DEF","DEF","DEF","DEF","DEF","DEF","DEF","DEF","DEF","DEF","DEF"
183,"DEF","DEF","DEF","DEF","DEF","DEF","DEF","DEF","DEF","DEF","DEF","DEF","DEF","DEF","DEF","DEF","DEF","DEF","DEF","DEF","DEF","DEF","DEF","DEF","DEF","DEF","DEF"
184,"DEF","DEF","DEF","DEF","DEF","DEF","DEF","DEF","DEF","DEF","DEF","DEF","DEF","DEF","DEF","DEF","DEF","DEF","DEF","DEF","DEF","DEF","DEF","DEF","DEF","DEF","DEF"
185,"DEF","DEF","DEF","DEF","DEF","DEF","DEF","DEF","DEF","DEF","DEF","DEF","DEF","DEF","DEF","DEF","DEF","DEF","DEF","DEF","DEF","DEF","DEF","DEF","DEF","DEF","DEF"
186,"DEF","DEF","DEF","DEF","DEF","DEF","DEF","DEF","DEF","DEF","DEF","DEF","DEF","DEF","DEF","DEF","DEF","DEF","DEF","DEF","DEF","DEF","DEF","DEF","DEF","DEF","DEF"
187,"DEF","DEF","DEF","DEF","DEF","DEF","DEF","DEF","DEF","DEF","DEF","DEF","DEF","DEF","DEF","DEF","DEF","DEF","DEF","DEF","DEF","DEF","DEF","DEF","DEF","DEF","DEF"
188,"DEF","DEF","DEF","DEF","DEF","DEF","DEF","DEF","DEF","DEF","DEF","DEF","DEF","DEF","DEF","DEF","DEF","DEF","DEF","DEF","DEF","DEF","DEF","DEF","DEF","DEF","DEF"
189,"DEF","DEF","DEF","DEF","DEF","DEF","DEF","DEF","DEF","DEF","DEF","DEF","DEF","DEF","DEF","DEF","DEF","DEF","DEF","DEF","DEF","DEF","DEF","DEF","DEF","DEF","DEF"
190,"DEF","DEF","DEF","DEF","DEF","DEF","DEF","DEF","DEF","DEF","DEF","DEF","DEF","DEF","DEF","DEF","DEF","DEF","DEF","DEF","DEF","DEF","DEF","DEF","DEF","DEF","DEF"
191,"DEF","DEF","DEF","DEF","DEF","DEF","DEF","DEF","DEF","DEF","DEF","DEF","DEF","DEF","DEF","DEF","DEF","DEF","DEF","DEF","DEF","DEF","DEF","DEF","DEF","DEF","DEF"
192,"DEF","DEF","DEF","DEF","DEF","DEF","DEF","DEF","DEF","DEF","DEF","DEF","DEF","DEF","DEF","DEF","DEF","DEF","DEF","DEF","DEF","DEF","DEF","DEF","DEF","DEF","DEF"
193,"DEF","DEF","DEF","DEF","DEF","DEF","DEF","DEF","DEF","DEF","DEF","DEF","DEF","DEF","DEF","DEF","DEF","DEF","DEF","DEF","DEF","DEF","DEF","DEF","DEF","DEF","DEF"
194,"DEF","DEF","DEF","DEF","DEF","DEF","DEF","DEF","DEF","DEF","DEF","DEF","DEF","DEF","DEF","DEF","DEF","DEF","DEF","DEF","DEF","DEF","DEF","DEF","DEF","DEF","DEF"
195,"DEF","DEF","DEF","DEF","DEF","DEF","DEF","DEF","DEF","DEF","DEF","DEF","DEF","DEF","DEF","DEF","DEF","DEF","DEF","DEF","DEF","DEF","DEF","DEF","DEF","DEF","DEF"
196,"DEF","DEF","DEF","DEF","DEF","DEF","DEF","DEF","DEF","DEF","DEF","DEF","DEF","DEF","DEF","DEF","DEF","DEF","DEF","DEF","DEF","DEF","DEF","DEF","DEF","DEF","DEF"
197,"DEF","DEF","DEF","DEF","DEF","DEF","DEF","DEF","DEF","DEF","DEF","DEF","DEF","DEF","DEF","DEF","DEF","DEF","DEF","DEF","DEF","DEF","DEF","DEF","DEF","DEF","DEF"
198,"DEF","DEF","DEF","DEF","DEF","DEF","DEF","DEF","DEF","DEF","DEF","DEF","DEF","DEF","DEF","DEF","DEF","DEF","DEF","DEF","DEF","DEF","DEF","DEF","DEF","DEF","DEF"
199,"DEF","DEF","DEF","DEF","DEF","DEF","DEF","DEF","DEF","DEF","DEF","DEF","DEF","DEF","DEF","DEF","DEF","DEF","DEF","DEF","DEF","DEF","DEF","DEF","DEF","DEF","DEF"
200,NA,NA,"DEF","DEF","DEF","DEF","DEF","DEF","DEF","DEF","DEF","DEF","DEF","DEF","DEF","DEF","DEF","DEF","DEF","DEF","DEF","DEF","DEF","DEF","DEF","DEF","DEF"
201,"DEF","DEF","DEF","DEF","DEF","DEF","DEF","DEF","DEF","DEF","DEF","DEF","DEF","DEF","DEF","DEF","DEF","DEF","DEF","DEF","DEF","DEF","DEF","DEF","DEF","DEF","DEF"
202,"DEF","DEF","DEF","DEF","DEF","DEF","DEF","DEF","DEF","DEF","DEF","DEF","DEF","DEF","DEF","DEF","DEF","DEF","DEF","DEF","DEF","DEF","DEF","DEF","DEF","DEF","DEF"
203,"DEF","DEF","DEF","DEF","DEF","DEF","DEF","DEF","DEF","DEF","DEF","DEF","DEF","DEF","DEF","DEF","DEF","DEF","DEF","DEF","DEF","DEF","DEF","DEF","DEF","DEF","DEF"
204,"DEF","DEF","DEF","DEF","DEF","DEF","DEF","DEF","DEF","DEF","DEF","DEF","DEF","DEF","DEF","DEF","DEF","DEF","DEF","DEF","DEF","DEF","DEF","DEF","DEF","DEF","DEF"
205,"DEF","DEF","DEF","DEF","DEF","DEF","DEF","DEF","DEF","DEF","DEF","DEF","DEF","DEF","DEF","DEF","DEF","DEF","DEF","DEF","DEF","DEF","DEF","DEF","DEF","DEF","DEF"
206,NA,NA,NA,NA,NA,NA,NA,NA,NA,NA,NA,NA,NA,NA,NA,NA,NA,NA,NA,NA,NA,NA,"DEF","DEF","DEF","DEF","DEF"
207,"DEF","DEF","DEF","DEF","DEF","DEF","DEF","DEF","DEF","DEF","DEF","DEF","DEF","DEF","DEF","DEF","DEF","DEF","DEF","DEF","DEF","DEF","DEF","DEF","DEF","DEF","DEF"
208,NA,NA,NA,NA,NA,NA,NA,NA,"DEF","DEF","DEF","DEF","DEF","DEF","DEF","DEF","DEF","DEF","DEF","DEF","DEF","DEF","DEF","DEF","DEF","DEF","DEF"
209,"DEF","DEF","DEF","DEF","DEF","DEF","DEF","DEF","DEF","DEF","DEF","DEF","DEF","DEF","DEF","DEF","DEF","DEF","DEF","DEF","DEF","DEF","DEF","DEF","DEF","DEF","DEF"
210,NA,"DEF","DEF","DEF","DEF","DEF","DEF","DEF","DEF","DEF","DEF","DEF","DEF","DEF","DEF","DEF","DEF","DEF","DEF","DEF","DEF","DEF","DEF","DEF","DEF","DEF","DEF"
211,"DEF","DEF","DEF","DEF","DEF","DEF","DEF","DEF","DEF","DEF","DEF","DEF","DEF","DEF","DEF","DEF","DEF","DEF","DEF","DEF","DEF","DEF","DEF","DEF","DEF","DEF","DEF"
212,"DEF","DEF","DEF","DEF","DEF","DEF","DEF","DEF","DEF","DEF","DEF","DEF","DEF","DEF","DEF","DEF","DEF","DEF","DEF","DEF","DEF","DEF","DEF","DEF","DEF","DEF","DEF"
213,"DEF","DEF","DEF","DEF","DEF","DEF","DEF","DEF","DEF","DEF","DEF","DEF","DEF","DEF","DEF","DEF","DEF","DEF","DEF","DEF","DEF","DEF","DEF","DEF","DEF","DEF","DEF"
214,NA,NA,NA,NA,NA,NA,"DEF","DEF","DEF","DEF","DEF","DEF","DEF","DEF","DEF","DEF","DEF","DEF","DEF","DEF","DEF","DEF","DEF","DEF","DEF","DEF","DEF"
215,NA,NA,NA,NA,NA,NA,NA,NA,NA,NA,NA,NA,NA,NA,NA,NA,NA,NA,NA,NA,NA,NA,NA,"DEF","DEF","DEF","DEF"
216,"DEF","DEF","DEF","DEF","DEF","DEF","DEF","DEF","DEF","DEF","DEF","DEF","DEF","DEF","DEF","DEF","DEF","DEF","DEF","DEF","DEF","DEF","DEF","DEF","DEF","DEF","DEF"
217,"DEF","DEF","DEF","DEF","DEF","DEF","DEF","DEF","DEF","DEF","DEF","DEF","DEF","DEF","DEF","DEF","DEF","DEF","DEF","DEF","DEF","DEF","DEF","DEF","DEF","DEF","DEF"
218,"DEF","DEF","DEF","DEF","DEF","DEF","DEF","DEF","DEF","DEF","DEF","DEF","DEF","DEF","DEF","DEF","DEF","DEF","DEF","DEF","DEF","DEF","DEF","DEF","DEF","DEF","DEF"
219,"DEF","DEF","DEF","DEF","DEF","DEF","DEF","DEF","DEF","DEF","DEF","DEF","DEF","DEF","DEF","DEF","DEF","DEF","DEF","DEF","DEF","DEF","DEF","DEF","DEF","DEF","DEF"
220,"DEF","DEF","DEF","DEF","DEF","DEF","DEF","DEF","DEF","DEF","DEF","DEF","DEF","DEF","DEF","DEF","DEF","DEF","DEF","DEF","DEF","DEF","DEF","DEF","DEF","DEF","DEF"
221,"DEF","DEF","DEF","DEF","DEF","DEF","DEF","DEF","DEF","DEF","DEF","DEF","DEF","DEF","DEF","DEF","DEF","DEF","DEF","DEF","DEF","DEF","DEF","DEF","DEF","DEF","DEF"
222,"DEF","DEF","DEF","DEF","DEF","DEF","DEF","DEF","DEF","DEF","DEF","DEF","DEF","DEF","DEF","DEF","DEF","DEF","DEF","DEF","DEF","DEF","DEF","DEF","DEF","DEF","DEF"
223,"DEF","DEF","DEF","DEF","DEF","DEF","DEF","DEF","DEF","DEF","DEF","DEF","DEF","DEF","DEF","DEF","DEF","DEF","DEF","DEF","DEF","DEF","DEF","DEF","DEF","DEF","DEF"
224,"DEF","DEF","DEF","DEF","DEF","DEF","DEF","DEF","DEF","DEF","DEF","DEF","DEF","DEF","DEF","DEF","DEF","DEF","DEF","DEF","DEF","DEF","DEF","DEF","DEF","DEF","DEF"
225,"DEF","DEF","DEF","DEF","DEF","DEF","DEF","DEF","DEF","DEF","DEF","DEF","DEF","DEF","DEF","DEF","DEF","DEF","DEF","DEF","DEF","DEF","DEF","DEF","DEF","DEF","DEF"
226,NA,NA,NA,NA,NA,NA,NA,NA,NA,NA,NA,NA,NA,NA,NA,NA,NA,NA,NA,NA,NA,NA,NA,"DEF","DEF","DEF","DEF"
227,NA,NA,NA,NA,NA,NA,NA,NA,NA,NA,"DEF","DEF","DEF","DEF","DEF","DEF","DEF","DEF","DEF","DEF","DEF","DEF","DEF","DEF","DEF","DEF","DEF"
228,"DEF","DEF","DEF","DEF","DEF","DEF","DEF","DEF","DEF","DEF","DEF","DEF","DEF","DEF","DEF","DEF","DEF","DEF","DEF","DEF","DEF","DEF","DEF","DEF","DEF","DEF","DEF"
229,"DEF","DEF","DEF","DEF","DEF","DEF","DEF","DEF","DEF","DEF","DEF","DEF","DEF","DEF","DEF","DEF","DEF","DEF","DEF","DEF","DEF","DEF","DEF","DEF","DEF","DEF","DEF"
230,NA,NA,NA,"DEF","DEF","DEF","DEF","DEF","DEF","DEF","DEF","DEF","DEF","DEF","DEF","DEF","DEF","DEF","DEF","DEF","DEF","DEF","DEF","DEF","DEF","DEF","DEF"
231,NA,"DEF","DEF","DEF","DEF","DEF","DEF","DEF","DEF","DEF","DEF","DEF","DEF","DEF","DEF","DEF","DEF","DEF","DEF","DEF","DEF","DEF","DEF","DEF","DEF","DEF","DEF"
232,"DEF","DEF","DEF","DEF","DEF","DEF","DEF","DEF","DEF","DEF","DEF","DEF","DEF","DEF","DEF","DEF","DEF","DEF","DEF","DEF","DEF","DEF","DEF","DEF","DEF","DEF","DEF"
233,NA,NA,NA,"DEF","DEF","DEF","DEF","DEF","DEF","DEF","DEF","DEF","DEF","DEF","DEF","DEF","DEF","DEF","DEF","DEF","DEF","DEF","DEF","DEF","DEF","DEF","DEF"
234,"DEF","DEF","DEF","DEF","DEF","DEF","DEF","DEF","DEF","DEF","DEF","DEF","DEF","DEF","DEF","DEF","DEF","DEF","DEF","DEF","DEF","DEF","DEF","DEF","DEF","DEF","DEF"
235,NA,NA,"DEF","DEF","DEF","DEF","DEF","DEF","DEF","DEF","DEF","DEF","DEF","DEF","DEF","DEF","DEF","DEF","DEF","DEF","DEF","DEF","DEF","DEF","DEF","DEF","DEF"
236,"DEF","DEF","DEF","DEF","DEF","DEF","DEF","DEF","DEF","DEF","DEF","DEF","DEF","DEF","DEF","DEF","DEF","DEF","DEF","DEF","DEF","DEF","DEF","DEF","DEF","DEF","DEF"
237,"DEF","DEF","DEF","DEF","DEF","DEF","DEF","DEF","DEF","DEF","DEF","DEF","DEF","DEF","DEF","DEF","DEF","DEF","DEF","DEF","DEF","DEF","DEF","DEF","DEF","DEF","DEF"
238,"DEF","DEF","DEF","DEF","DEF","DEF","DEF","DEF","DEF","DEF","DEF","DEF","DEF","DEF","DEF","DEF","DEF","DEF","DEF","DEF","DEF","DEF","DEF","DEF","DEF","DEF","DEF"
239,"DEF","DEF","DEF","DEF","DEF","DEF","DEF","DEF","DEF","DEF","DEF","DEF","DEF","DEF","DEF","DEF","DEF","DEF","DEF","DEF","DEF","DEF","DEF","DEF","DEF","DEF","DEF"
240,"DEF","DEF","DEF","DEF","DEF","DEF","DEF","DEF","DEF","DEF","DEF","DEF","DEF","DEF","DEF","DEF","DEF","DEF","DEF","DEF","DEF","DEF","DEF","DEF","DEF","DEF","DEF"
241,"DEF","DEF","DEF","DEF","DEF","DEF","DEF","DEF","DEF","DEF","DEF","DEF","DEF","DEF","DEF","DEF","DEF","DEF","DEF","DEF","DEF","DEF","DEF","DEF","DEF","DEF","DEF"
242,"DEF","DEF","DEF","DEF","DEF","DEF","DEF","DEF","DEF","DEF","DEF","DEF","DEF","DEF","DEF","DEF","DEF","DEF","DEF","DEF","DEF","DEF","DEF","DEF","DEF","DEF","DEF"
243,"DEF","DEF","DEF","DEF","DEF","DEF","DEF","DEF","DEF","DEF","DEF","DEF","DEF","DEF","DEF","DEF","DEF","DEF","DEF","DEF","DEF","DEF","DEF","DEF","DEF","DEF","DEF"
244,"DEF","DEF","DEF","DEF","DEF","DEF","DEF","DEF","DEF","DEF","DEF","DEF","DEF","DEF","DEF","DEF","DEF","DEF","DEF","DEF","DEF","DEF","DEF","DEF","DEF","DEF","DEF"
245,"DEF","DEF","DEF","DEF","DEF","DEF","DEF","DEF","DEF","DEF","DEF","DEF","DEF","DEF","DEF","DEF","DEF","DEF","DEF","DEF","DEF","DEF","DEF","DEF","DEF","DEF","DEF"
246,"DEF","DEF","DEF","DEF","DEF","DEF","DEF","DEF","DEF","DEF","DEF","DEF","DEF","DEF","DEF","DEF","DEF","DEF","DEF","DEF","DEF","DEF","DEF","DEF","DEF","DEF","DEF"
247,"DEF","DEF","DEF","DEF","DEF","DEF","DEF","DEF","DEF","DEF","DEF","DEF","DEF","DEF","DEF","DEF","DEF","DEF","DEF","DEF","DEF","DEF","DEF","DEF","DEF","DEF","DEF"
248,NA,NA,NA,NA,NA,NA,NA,NA,NA,NA,NA,NA,NA,NA,NA,NA,NA,NA,NA,NA,NA,NA,NA,NA,NA,NA,"DEF"
249,"DEF","DEF","DEF","DEF","DEF","DEF","DEF","DEF","DEF","DEF","DEF","DEF","DEF","DEF","DEF","DEF","DEF","DEF","DEF","DEF","DEF","DEF","DEF","DEF","DEF","DEF","DEF"
250,"DEF","DEF","DEF","DEF","DEF","DEF","DEF","DEF","DEF","DEF","DEF","DEF","DEF","DEF","DEF","DEF","DEF","DEF","DEF","DEF","DEF","DEF","DEF","DEF","DEF","DEF","DEF"
251,NA,NA,NA,"DEF","DEF","DEF","DEF","DEF","DEF","DEF","DEF","DEF","DEF","DEF","DEF","DEF","DEF","DEF","DEF","DEF","DEF","DEF","DEF","DEF","DEF","DEF","DEF"
252,"DEF","DEF","DEF","DEF","DEF","DEF","DEF","DEF","DEF","DEF","DEF","DEF","DEF","DEF","DEF","DEF","DEF","DEF","DEF","DEF","DEF","DEF","DEF","DEF","DEF","DEF","DEF"
253,"DEF","DEF","DEF","DEF","DEF","DEF","DEF","DEF","DEF","DEF","DEF","DEF","DEF","DEF","DEF","DEF","DEF","DEF","DEF","DEF","DEF","DEF","DEF","DEF","DEF","DEF","DEF"
254,NA,NA,NA,NA,NA,NA,NA,NA,NA,NA,NA,NA,NA,NA,NA,NA,NA,"DEF","DEF","DEF","DEF","DEF","DEF","DEF","DEF","DEF","DEF"
255,NA,NA,NA,NA,NA,NA,NA,NA,NA,NA,NA,NA,NA,NA,NA,NA,NA,NA,NA,NA,NA,NA,NA,NA,"DEF","DEF","DEF"
256,"DEF","DEF","DEF","DEF","DEF","DEF","DEF","DEF","DEF","DEF","DEF","DEF","DEF","DEF","DEF","DEF","DEF","DEF","DEF","DEF","DEF","DEF","DEF","DEF","DEF","DEF","DEF"
257,"DEF","DEF","DEF","DEF","DEF","DEF","DEF","DEF","DEF","DEF","DEF","DEF","DEF","DEF","DEF","DEF","DEF","DEF","DEF","DEF","DEF","DEF","DEF","DEF","DEF","DEF","DEF"
258,NA,NA,NA,NA,NA,NA,NA,NA,NA,NA,NA,NA,NA,NA,NA,NA,NA,NA,NA,NA,NA,NA,NA,NA,NA,NA,"DEF"
259,"DEF","DEF","DEF","DEF","DEF","DEF","DEF","DEF","DEF","DEF","DEF","DEF","DEF","DEF","DEF","DEF","DEF","DEF","DEF","DEF","DEF","DEF","DEF","DEF","DEF","DEF","DEF"
260,NA,NA,NA,NA,NA,NA,NA,NA,NA,NA,NA,NA,NA,NA,NA,"DEF","DEF","DEF","DEF","DEF","DEF","DEF","DEF","DEF","DEF","DEF","DEF"
261,"DEF","DEF","DEF","DEF","DEF","DEF","DEF","DEF","DEF","DEF","DEF","DEF","DEF","DEF","DEF","DEF","DEF","DEF","DEF","DEF","DEF","DEF","DEF","DEF","DEF","DEF","DEF"
262,NA,"DEF","DEF","DEF","DEF","DEF","DEF","DEF","DEF","DEF","DEF","DEF","DEF","DEF","DEF","DEF","DEF","DEF","DEF","DEF","DEF","DEF","DEF","DEF","DEF","DEF","DEF"
263,NA,NA,NA,NA,NA,NA,NA,NA,NA,NA,NA,NA,NA,NA,NA,NA,NA,NA,NA,NA,NA,NA,NA,"DEF","DEF","DEF","DEF"
264,"DEF","DEF","DEF","DEF","DEF","DEF","DEF","DEF","DEF","DEF","DEF","DEF","DEF","DEF","DEF","DEF","DEF","DEF","DEF","DEF","DEF","DEF","DEF","DEF","DEF","DEF","DEF"
265,"DEF","DEF","DEF","DEF","DEF","DEF","DEF","DEF","DEF","DEF","DEF","DEF","DEF","DEF","DEF","DEF","DEF","DEF","DEF","DEF","DEF","DEF","DEF","DEF","DEF","DEF","DEF"
266,"DEF","DEF","DEF","DEF","DEF","DEF","DEF","DEF","DEF","DEF","DEF","DEF","DEF","DEF","DEF","DEF","DEF","DEF","DEF","DEF","DEF","DEF","DEF","DEF","DEF","DEF","DEF"
267,"DEF","DEF","DEF","DEF","DEF","DEF","DEF","DEF","DEF","DEF","DEF","DEF","DEF","DEF","DEF","DEF","DEF","DEF","DEF","DEF","DEF","DEF","DEF","DEF","DEF","DEF","DEF"
268,"DEF","DEF","DEF","DEF","DEF","DEF","DEF","DEF","DEF","DEF","DEF","DEF","DEF","DEF","DEF","DEF","DEF","DEF","DEF","DEF","DEF","DEF","DEF","DEF","DEF","DEF","DEF"
269,"DEF","DEF","DEF","DEF","DEF","DEF","DEF","DEF","DEF","DEF","DEF","DEF","DEF","DEF","DEF","DEF","DEF","DEF","DEF","DEF","DEF","DEF","DEF","DEF","DEF","DEF","DEF"
270,NA,NA,NA,NA,NA,NA,NA,NA,NA,NA,NA,NA,NA,NA,NA,NA,NA,NA,NA,NA,NA,NA,NA,NA,NA,"DEF","DEF"
271,"DEF","DEF","DEF","DEF","DEF","DEF","DEF","DEF","DEF","DEF","DEF","DEF","DEF","DEF","DEF","DEF","DEF","DEF","DEF","DEF","DEF","DEF","DEF","DEF","DEF","DEF","DEF"
272,NA,"DEF","DEF","DEF","DEF","DEF","DEF","DEF","DEF","DEF","DEF","DEF","DEF","DEF","DEF","DEF","DEF","DEF","DEF","DEF","DEF","DEF","DEF","DEF","DEF","DEF","DEF"
273,"DEF","DEF","DEF","DEF","DEF","DEF","DEF","DEF","DEF","DEF","DEF","DEF","DEF","DEF","DEF","DEF","DEF","DEF","DEF","DEF","DEF","DEF","DEF","DEF","DEF","DEF","DEF"
274,"MID","MID","MID","MID","MID","MID","MID","MID","MID","MID","MID","MID","MID","MID","MID","MID","MID","MID","MID","MID","MID","MID","MID","MID","MID","MID","MID"
275,"MID","MID","MID","MID","MID","MID","MID","MID","MID","MID","MID","MID","MID","MID","MID","MID","MID","MID","MID","MID","MID","MID","MID","MID","MID","MID","MID"
276,"MID","MID","MID","MID","MID","MID","MID","MID","MID","MID","MID","MID","MID","MID","MID","MID","MID","MID","MID","MID","MID","MID","MID","MID","MID","MID","MID"
277,"MID","MID","MID","MID","MID","MID","MID","MID","MID","MID","MID","MID","MID","MID","MID","MID","MID","MID","MID","MID","MID","MID","MID","MID","MID","MID","MID"
278,NA,NA,NA,NA,NA,"MID","MID","MID","MID","MID","MID","MID","MID","MID","MID","MID","MID","MID","MID","MID","MID","MID","MID","MID","MID","MID","MID"
279,"MID","MID","MID","MID","MID","MID","MID","MID","MID","MID","MID","MID","MID","MID","MID","MID","MID","MID","MID","MID","MID","MID","MID","MID","MID","MID","MID"
280,"MID","MID","MID","MID","MID","MID","MID","MID","MID","MID","MID","MID","MID","MID","MID","MID","MID","MID","MID","MID","MID","MID","MID","MID","MID","MID","MID"
281,"MID","MID","MID","MID","MID","MID","MID","MID","MID","MID","MID","MID","MID","MID","MID","MID","MID","MID","MID","MID","MID","MID","MID","MID","MID","MID","MID"
282,"MID","MID","MID","MID","MID","MID","MID","MID","MID","MID","MID","MID","MID","MID","MID","MID","MID","MID","MID","MID","MID","MID","MID","MID","MID","MID","MID"
283,"MID","MID","MID","MID","MID","MID","MID","MID","MID","MID","MID","MID","MID","MID","MID","MID","MID","MID","MID","MID","MID","MID","MID","MID","MID","MID","MID"
284,"MID","MID","MID","MID","MID","MID","MID","MID","MID","MID","MID","MID","MID","MID","MID","MID","MID","MID","MID","MID","MID","MID","MID","MID","MID","MID","MID"
285,"MID","MID","MID","MID","MID","MID","MID","MID","MID","MID","MID","MID","MID","MID","MID","MID","MID","MID","MID","MID","MID","MID","MID","MID","MID","MID","MID"
286,"MID","MID","MID","MID","MID","MID","MID","MID","MID","MID","MID","MID","MID","MID","MID","MID","MID","MID","MID","MID","MID","MID","MID","MID","MID","MID","MID"
287,NA,NA,"MID","MID","MID","MID","MID","MID","MID","MID","MID","MID","MID","MID","MID","MID","MID","MID","MID","MID","MID","MID","MID","MID","MID","MID","MID"
288,"MID","MID","MID","MID","MID","MID","MID","MID","MID","MID","MID","MID","MID","MID","MID","MID","MID","MID","MID","MID","MID","MID","MID","MID","MID","MID","MID"
289,"MID","MID","MID","MID","MID","MID","MID","MID","MID","MID","MID","MID","MID","MID","MID","MID","MID","MID","MID","MID","MID","MID","MID","MID","MID","MID","MID"
290,"MID","MID","MID","MID","MID","MID","MID","MID","MID","MID","MID","MID","MID","MID","MID","MID","MID","MID","MID","MID","MID","MID","MID","MID","MID","MID","MID"
291,NA,NA,NA,NA,NA,NA,NA,"MID","MID","MID","MID","MID","MID","MID","MID","MID","MID","MID","MID","MID","MID","MID","MID","MID","MID","MID","MID"
292,"MID","MID","MID","MID","MID","MID","MID","MID","MID","MID","MID","MID","MID","MID","MID","MID","MID","MID","MID","MID","MID","MID","MID","MID","MID","MID","MID"
293,"MID","MID","MID","MID","MID","MID","MID","MID","MID","MID","MID","MID","MID","MID","MID","MID","MID","MID","MID","MID","MID","MID","MID","MID","MID","MID","MID"
294,"MID","MID","MID","MID","MID","MID","MID","MID","MID","MID","MID","MID","MID","MID","MID","MID","MID","MID","MID","MID","MID","MID","MID","MID","MID","MID","MID"
295,"MID","MID","MID","MID","MID","MID","MID","MID","MID","MID","MID","MID","MID","MID","MID","MID","MID","MID","MID","MID","MID","MID","MID","MID","MID","MID","MID"
296,"MID","MID","MID","MID","MID","MID","MID","MID","MID","MID","MID","MID","MID","MID","MID","MID","MID","MID","MID","MID","MID","MID","MID","MID","MID","MID","MID"
297,"MID","MID","MID","MID","MID","MID","MID","MID","MID","MID","MID","MID","MID","MID","MID","MID","MID","MID","MID","MID","MID","MID","MID","MID","MID","MID","MID"
298,"MID","MID","MID","MID","MID","MID","MID","MID","MID","MID","MID","MID","MID","MID","MID","MID","MID","MID","MID","MID","MID","MID","MID","MID","MID","MID","MID"
299,NA,NA,NA,NA,NA,NA,NA,NA,NA,NA,NA,NA,NA,NA,NA,NA,NA,NA,NA,NA,NA,NA,"MID","MID","MID","MID","MID"
300,"MID","MID","MID","MID","MID","MID","MID","MID","MID","MID","MID","MID","MID","MID","MID","MID","MID","MID","MID","MID","MID","MID","MID","MID","MID","MID","MID"
301,"MID","MID","MID","MID","MID","MID","MID","MID","MID","MID","MID","MID","MID","MID","MID","MID","MID","MID","MID","MID","MID","MID","MID","MID","MID","MID","MID"
302,"MID","MID","MID","MID","MID","MID","MID","MID","MID","MID","MID","MID","MID","MID","MID","MID","MID","MID","MID","MID","MID","MID","MID","MID","MID","MID","MID"
303,NA,NA,NA,NA,NA,NA,NA,NA,NA,NA,NA,NA,NA,NA,NA,NA,NA,NA,NA,"MID","MID","MID","MID","MID","MID","MID","MID"
304,"MID","MID","MID","MID","MID","MID","MID","MID","MID","MID","MID","MID","MID","MID","MID","MID","MID","MID","MID","MID","MID","MID","MID","MID","MID","MID","MID"
305,"MID","MID","MID","MID","MID","MID","MID","MID","MID","MID","MID","MID","MID","MID","MID","MID","MID","MID","MID","MID","MID","MID","MID","MID","MID","MID","MID"
306,NA,NA,NA,NA,NA,NA,NA,NA,NA,NA,NA,NA,NA,NA,NA,NA,NA,NA,NA,"MID","MID","MID","MID","MID","MID","MID","MID"
307,"MID","MID","MID","MID","MID","MID","MID","MID","MID","MID","MID","MID","MID","MID","MID","MID","MID","MID","MID","MID","MID","MID","MID","MID","MID","MID","MID"
308,"MID","MID","MID","MID","MID","MID","MID","MID","MID","MID","MID","MID","MID","MID","MID","MID","MID","MID","MID","MID","MID","MID","MID","MID","MID","MID","MID"
309,"MID","MID","MID","MID","MID","MID","MID","MID","MID","MID","MID","MID","MID","MID","MID","MID","MID","MID","MID","MID","MID","MID","MID","MID","MID","MID","MID"
310,NA,NA,NA,NA,NA,NA,NA,NA,NA,NA,NA,NA,NA,NA,NA,NA,NA,NA,NA,NA,NA,NA,NA,NA,"MID","MID","MID"
311,"MID","MID","MID","MID","MID","MID","MID","MID","MID","MID","MID","MID","MID","MID","MID","MID","MID","MID","MID","MID","MID","MID","MID","MID","MID","MID","MID"
312,"MID","MID","MID","MID","MID","MID","MID","MID","MID","MID","MID","MID","MID","MID","MID","MID","MID","MID","MID","MID","MID","MID","MID","MID","MID","MID","MID"
313,"MID","MID","MID","MID","MID","MID","MID","MID","MID","MID","MID","MID","MID","MID","MID","MID","MID","MID","MID","MID","MID","MID","MID","MID","MID","MID","MID"
314,"MID","MID","MID","MID","MID","MID","MID","MID","MID","MID","MID","MID","MID","MID","MID","MID","MID","MID","MID","MID","MID","MID","MID","MID","MID","MID","MID"
315,"MID","MID","MID","MID","MID","MID","MID","MID","MID","MID","MID","MID","MID","MID","MID","MID","MID","MID","MID","MID","MID","MID","MID","MID","MID","MID","MID"
316,"MID","MID","MID","MID","MID","MID","MID","MID","MID","MID","MID","MID","MID","MID","MID","MID","MID","MID","MID","MID","MID","MID","MID","MID","MID","MID","MID"
317,"MID","MID","MID","MID","MID","MID","MID","MID","MID","MID","MID","MID","MID","MID","MID","MID","MID","MID","MID","MID","MID","MID","MID","MID","MID","MID","MID"
318,"MID","MID","MID","MID","MID","MID","MID","MID","MID","MID","MID","MID","MID","MID","MID","MID","MID","MID","MID","MID","MID","MID","MID","MID","MID","MID","MID"
319,"MID","MID","MID","MID","MID","MID","MID","MID","MID","MID","MID","MID","MID","MID","MID","MID","MID","MID","MID","MID","MID","MID","MID","MID","MID","MID","MID"
320,NA,NA,NA,NA,NA,NA,NA,NA,NA,NA,NA,NA,NA,NA,NA,NA,NA,NA,NA,NA,NA,NA,NA,NA,NA,NA,"MID"
321,NA,NA,NA,NA,NA,NA,NA,NA,NA,NA,NA,NA,NA,NA,NA,NA,"MID","MID","MID","MID","MID","MID","MID","MID","MID","MID","MID"
322,"MID","MID","MID","MID","MID","MID","MID","MID","MID","MID","MID","MID","MID","MID","MID","MID","MID","MID","MID","MID","MID","MID","MID","MID","MID","MID","MID"
323,"MID","MID","MID","MID","MID","MID","MID","MID","MID","MID","MID","MID","MID","MID","MID","MID","MID","MID","MID","MID","MID","MID","MID","MID","MID","MID","MID"
324,NA,NA,NA,NA,NA,NA,NA,NA,NA,"MID","MID","MID","MID","MID","MID","MID","MID","MID","MID","MID","MID","MID","MID","MID","MID","MID","MID"
325,"MID","MID","MID","MID","MID","MID","MID","MID","MID","MID","MID","MID","MID","MID","MID","MID","MID","MID","MID","MID","MID","MID","MID","MID","MID","MID","MID"
326,"MID","MID","MID","MID","MID","MID","MID","MID","MID","MID","MID","MID","MID","MID","MID","MID","MID","MID","MID","MID","MID","MID","MID","MID","MID","MID","MID"
327,NA,"MID","MID","MID","MID","MID","MID","MID","MID","MID","MID","MID","MID","MID","MID","MID","MID","MID","MID","MID","MID","MID","MID","MID","MID","MID","MID"
328,"MID","MID","MID","MID","MID","MID","MID","MID","MID","MID","MID","MID","MID","MID","MID","MID","MID","MID","MID","MID","MID","MID","MID","MID","MID","MID","MID"
329,"MID","MID","MID","MID","MID","MID","MID","MID","MID","MID","MID","MID","MID","MID","MID","MID","MID","MID","MID","MID","MID","MID","MID","MID","MID","MID","MID"
330,"MID","MID","MID","MID","MID","MID","MID","MID","MID","MID","MID","MID","MID","MID","MID","MID","MID","MID","MID","MID","MID","MID","MID","MID","MID","MID","MID"
331,NA,NA,NA,NA,NA,NA,NA,NA,NA,NA,NA,NA,NA,NA,NA,NA,NA,NA,NA,"MID","MID","MID","MID","MID","MID","MID","MID"
332,"MID","MID","MID","MID","MID","MID","MID","MID","MID","MID","MID","MID","MID","MID","MID","MID","MID","MID","MID","MID","MID","MID","MID","MID","MID","MID","MID"
333,"MID","MID","MID","MID","MID","MID","MID","MID","MID","MID","MID","MID","MID","MID","MID","MID","MID","MID","MID","MID","MID","MID","MID","MID","MID","MID","MID"
334,"MID","MID","MID","MID","MID","MID","MID","MID","MID","MID","MID","MID","MID","MID","MID","MID","MID","MID","MID","MID","MID","MID","MID","MID","MID","MID","MID"
335,"MID","MID","MID","MID","MID","MID","MID","MID","MID","MID","MID","MID","MID","MID","MID","MID","MID","MID","MID","MID","MID","MID","MID","MID","MID","MID","MID"
336,NA,"MID","MID","MID","MID","MID","MID","MID","MID","MID","MID","MID","MID","MID","MID","MID","MID","MID","MID","MID","MID","MID","MID","MID","MID","MID","MID"
337,"MID","MID","MID","MID","MID","MID","MID","MID","MID","MID","MID","MID","MID","MID","MID","MID","MID","MID","MID","MID","MID","MID","MID","MID","MID","MID","MID"
338,"MID","MID","MID","MID","MID","MID","MID","MID","MID","MID","MID","MID","MID","MID","MID","MID","MID","MID","MID","MID","MID","MID","MID","MID","MID","MID","MID"
339,NA,NA,"MID","MID","MID","MID","MID","MID","MID","MID","MID","MID","MID","MID","MID","MID","MID","MID","MID","MID","MID","MID","MID","MID","MID","MID","MID"
340,"MID","MID","MID","MID","MID","MID","MID","MID","MID","MID","MID","MID","MID","MID","MID","MID","MID","MID","MID","MID","MID","MID","MID","MID","MID","MID","MID"
341,"MID","MID","MID","MID","MID","MID","MID","MID","MID","MID","MID","MID","MID","MID","MID","MID","MID","MID","MID","MID","MID","MID","MID","MID","MID","MID","MID"
342,"MID","MID","MID","MID","MID","MID","MID","MID","MID","MID","MID","MID","MID","MID","MID","MID","MID","MID","MID","MID","MID","MID","MID","MID","MID","MID","MID"
343,NA,NA,NA,NA,"MID","MID","MID","MID","MID","MID","MID","MID","MID","MID","MID","MID","MID","MID","MID","MID","MID","MID","MID","MID","MID","MID","MID"
344,"MID","MID","MID","MID","MID","MID","MID","MID","MID","MID","MID","MID","MID","MID","MID","MID","MID","MID","MID","MID","MID","MID","MID","MID","MID","MID","MID"
345,"MID","MID","MID","MID","MID","MID","MID","MID","MID","MID","MID","MID","MID","MID","MID","MID","MID","MID","MID","MID","MID","MID","MID","MID","MID","MID","MID"
346,NA,NA,NA,NA,NA,NA,NA,"MID","MID","MID","MID","MID","MID","MID","MID","MID","MID","MID","MID","MID","MID","MID","MID","MID","MID","MID","MID"
347,"MID","MID","MID","MID","MID","MID","MID","MID","MID","MID","MID","MID","MID","MID","MID","MID","MID","MID","MID","MID","MID","MID","MID","MID","MID","MID","MID"
348,NA,NA,NA,NA,NA,NA,NA,NA,NA,NA,NA,NA,NA,NA,NA,NA,NA,NA,NA,NA,NA,NA,NA,NA,"MID","MID","MID"
349,"MID","MID","MID","MID","MID","MID","MID","MID","MID","MID","MID","MID","MID","MID","MID","MID","MID","MID","MID","MID","MID","MID","MID","MID","MID","MID","MID"
350,"MID","MID","MID","MID","MID","MID","MID","MID","MID","MID","MID","MID","MID","MID","MID","MID","MID","MID","MID","MID","MID","MID","MID","MID","MID","MID","MID"
351,NA,NA,NA,NA,NA,NA,NA,NA,NA,NA,NA,NA,NA,NA,NA,NA,NA,NA,"MID","MID","MID","MID","MID","MID","MID","MID","MID"
352,"MID","MID","MID","MID","MID","MID","MID","MID","MID","MID","MID","MID","MID","MID","MID","MID","MID","MID","MID","MID","MID","MID","MID","MID","MID","MID","MID"
353,NA,NA,NA,NA,NA,NA,NA,NA,NA,NA,"MID","MID","MID","MID","MID","MID","MID","MID","MID","MID","MID","MID","MID","MID","MID","MID","MID"
354,"MID","MID","MID","MID","MID","MID","MID","MID","MID","MID","MID","MID","MID","MID","MID","MID","MID","MID","MID","MID","MID","MID","MID","MID","MID","MID","MID"
355,"MID","MID","MID","MID","MID","MID","MID","MID","MID","MID","MID","MID","MID","MID","MID","MID","MID","MID","MID","MID","MID","MID","MID","MID","MID","MID","MID"
356,"MID","MID","MID","MID","MID","MID","MID","MID","MID","MID","MID","MID","MID","MID","MID","MID","MID","MID","MID","MID","MID","MID","MID","MID","MID","MID","MID"
357,"MID","MID","MID","MID","MID","MID","MID","MID","MID","MID","MID","MID","MID","MID","MID","MID","MID","MID","MID","MID","MID","MID","MID","MID","MID","MID","MID"
358,"MID","MID","MID","MID","MID","MID","MID","MID","MID","MID","MID","MID","MID","MID","MID","MID","MID","MID","MID","MID","MID","MID","MID","MID","MID","MID","MID"
359,"MID","MID","MID","MID","MID","MID","MID","MID","MID","MID","MID","MID","MID","MID","MID","MID","MID","MID","MID","MID","MID","MID","MID","MID","MID","MID","MID"
360,"MID","MID","MID","MID","MID","MID","MID","MID","MID","MID","MID","MID","MID","MID","MID","MID","MID","MID","MID","MID","MID","MID","MID","MID","MID","MID","MID"
361,"MID","MID","MID","MID","MID","MID","MID","MID","MID","MID","MID","MID","MID","MID","MID","MID","MID","MID","MID","MID","MID","MID","MID","MID","MID","MID","MID"
362,"MID","MID","MID","MID","MID","MID","MID","MID","MID","MID","MID","MID","MID","MID","MID","MID","MID","MID","MID","MID","MID","MID","MID","MID","MID","MID","MID"
363,"MID","MID","MID","MID","MID","MID","MID","MID","MID","MID","MID","MID","MID","MID","MID","MID","MID","MID","MID","MID","MID","MID","MID","MID","MID","MID","MID"
364,NA,NA,NA,"MID","MID","MID","MID","MID","MID","MID","MID","MID","MID","MID","MID","MID","MID","MID","MID","MID","MID","MID","MID","MID","MID","MID","MID"
365,"MID","MID","MID","MID","MID","MID","MID","MID","MID","MID","MID","MID","MID","MID","MID","MID","MID","MID","MID","MID","MID","MID","MID","MID","MID","MID","MID"
366,"MID","MID","MID","MID","MID","MID","MID","MID","MID","MID","MID","MID","MID","MID","MID","MID","MID","MID","MID","MID","MID","MID","MID","MID","MID","MID","MID"
367,"MID","MID","MID","MID","MID","MID","MID","MID","MID","MID","MID","MID","MID","MID","MID","MID","MID","MID","MID","MID","MID","MID","MID","MID","MID","MID","MID"
368,"MID","MID","MID","MID","MID","MID","MID","MID","MID","MID","MID","MID","MID","MID","MID","MID","MID","MID","MID","MID","MID","MID","MID","MID","MID","MID","MID"
369,"MID","MID","MID","MID","MID","MID","MID","MID","MID","MID","MID","MID","MID","MID","MID","MID","MID","MID","MID","MID","MID","MID","MID","MID","MID","MID","MID"
370,"MID","MID","MID","MID","MID","MID","MID","MID","MID","MID","MID","MID","MID","MID","MID","MID","MID","MID","MID","MID","MID","MID","MID","MID","MID","MID","MID"
371,"MID","MID","MID","MID","MID","MID","MID","MID","MID","MID","MID","MID","MID","MID","MID","MID","MID","MID","MID","MID","MID","MID","MID","MID","MID","MID","MID"
372,"MID","MID","MID","MID","MID","MID","MID","MID","MID","MID","MID","MID","MID","MID","MID","MID","MID","MID","MID","MID","MID","MID","MID","MID","MID","MID","MID"
373,"MID","MID","MID","MID","MID","MID","MID","MID","MID","MID","MID","MID","MID","MID","MID","MID","MID","MID","MID","MID","MID","MID","MID","MID","MID","MID","MID"
374,NA,NA,NA,NA,NA,NA,NA,NA,NA,NA,NA,NA,NA,NA,NA,NA,NA,NA,NA,NA,NA,NA,"MID","MID","MID","MID","MID"
375,NA,NA,"MID","MID","MID","MID","MID","MID","MID","MID","MID","MID","MID","MID","MID","MID","MID","MID","MID","MID","MID","MID","MID","MID","MID","MID","MID"
376,"MID","MID","MID","MID","MID","MID","MID","MID","MID","MID","MID","MID","MID","MID","MID","MID","MID","MID","MID","MID","MID","MID","MID","MID","MID","MID","MID"
377,"MID","MID","MID","MID","MID","MID","MID","MID","MID","MID","MID","MID","MID","MID","MID","MID","MID","MID","MID","MID","MID","MID","MID","MID","MID","MID","MID"
378,"MID","MID","MID","MID","MID","MID","MID","MID","MID","MID","MID","MID","MID","MID","MID","MID","MID","MID","MID","MID","MID","MID","MID","MID","MID","MID","MID"
379,"MID","MID","MID","MID","MID","MID","MID","MID","MID","MID","MID","MID","MID","MID","MID","MID","MID","MID","MID","MID","MID","MID","MID","MID","MID","MID","MID"
380,"MID","MID","MID","MID","MID","MID","MID","MID","MID","MID","MID","MID","MID","MID","MID","MID","MID","MID","MID","MID","MID","MID","MID","MID","MID","MID","MID"
381,"MID","MID","MID","MID","MID","MID","MID","MID","MID","MID","MID","MID","MID","MID","MID","MID","MID","MID","MID","MID","MID","MID","MID","MID","MID","MID","MID"
382,NA,NA,NA,NA,NA,NA,NA,NA,NA,NA,NA,NA,NA,NA,"MID","MID","MID","MID","MID","MID","MID","MID","MID","MID","MID","MID","MID"
383,"MID","MID","MID","MID","MID","MID","MID","MID","MID","MID","MID","MID","MID","MID","MID","MID","MID","MID","MID","MID","MID","MID","MID","MID","MID","MID","MID"
384,"MID","MID","MID","MID","MID","MID","MID","MID","MID","MID","MID","MID","MID","MID","MID","MID","MID","MID","MID","MID","MID","MID","MID","MID","MID","MID","MID"
385,"MID","MID","MID","MID","MID","MID","MID","MID","MID","MID","MID","MID","MID","MID","MID","MID","MID","MID","MID","MID","MID","MID","MID","MID","MID","MID","MID"
386,"MID","MID","MID","MID","MID","MID","MID","MID","MID","MID","MID","MID","MID","MID","MID","MID","MID","MID","MID","MID","MID","MID","MID","MID","MID","MID","MID"
387,"MID","MID","MID","MID","MID","MID","MID","MID","MID","MID","MID","MID","MID","MID","MID","MID","MID","MID","MID","MID","MID","MID","MID","MID","MID","MID","MID"
388,"MID","MID","MID","MID","MID","MID","MID","MID","MID","MID","MID","MID","MID","MID","MID","MID","MID","MID","MID","MID","MID","MID","MID","MID","MID","MID","MID"
389,"MID","MID","MID","MID","MID","MID","MID","MID","MID","MID","MID","MID","MID","MID","MID","MID","MID","MID","MID","MID","MID","MID","MID","MID","MID","MID","MID"
390,NA,NA,NA,NA,NA,NA,NA,NA,NA,NA,NA,NA,NA,NA,NA,NA,NA,NA,NA,NA,NA,NA,"MID","MID","MID","MID","MID"
391,NA,NA,NA,NA,NA,NA,NA,NA,NA,NA,NA,NA,NA,NA,NA,NA,NA,NA,NA,NA,NA,"MID","MID","MID","MID","MID","MID"
392,"MID","MID","MID","MID","MID","MID","MID","MID","MID","MID","MID","MID","MID","MID","MID","MID","MID","MID","MID","MID","MID","MID","MID","MID","MID","MID","MID"
393,"MID","MID","MID","MID","MID","MID","MID","MID","MID","MID","MID","MID","MID","MID","MID","MID","MID","MID","MID","MID","MID","MID","MID","MID","MID","MID","MID"
394,"MID","MID","MID","MID","MID","MID","MID","MID","MID","MID","MID","MID","MID","MID","MID","MID","MID","MID","MID","MID","MID","MID","MID","MID","MID","MID","MID"
395,"MID","MID","MID","MID","MID","MID","MID","MID","MID","MID","MID","MID","MID","MID","MID","MID","MID","MID","MID","MID","MID","MID","MID","MID","MID","MID","MID"
396,"MID","MID","MID","MID","MID","MID","MID","MID","MID","MID","MID","MID","MID","MID","MID","MID","MID","MID","MID","MID","MID","MID","MID","MID","MID","MID","MID"
397,"MID","MID","MID","MID","MID","MID","MID","MID","MID","MID","MID","MID","MID","MID","MID","MID","MID","MID","MID","MID","MID","MID","MID","MID","MID","MID","MID"
398,"MID","MID","MID","MID","MID","MID","MID","MID","MID","MID","MID","MID","MID","MID","MID","MID","MID","MID","MID","MID","MID","MID","MID","MID","MID","MID","MID"
399,"MID","MID","MID","MID","MID","MID","MID","MID","MID","MID","MID","MID","MID","MID","MID","MID","MID","MID","MID","MID","MID","MID","MID","MID","MID","MID","MID"
400,"MID","MID","MID","MID","MID","MID","MID","MID","MID","MID","MID","MID","MID","MID","MID","MID","MID","MID","MID","MID","MID","MID","MID","MID","MID","MID","MID"
401,"MID","MID","MID","MID","MID","MID","MID","MID","MID","MID","MID","MID","MID","MID","MID","MID","MID","MID","MID","MID","MID","MID","MID","MID","MID","MID","MID"
402,"MID","MID","MID","MID","MID","MID","MID","MID","MID","MID","MID","MID","MID","MID","MID","MID","MID","MID","MID","MID","MID","MID","MID","MID","MID","MID","MID"
403,"MID","MID","MID","MID","MID","MID","MID","MID","MID","MID","MID","MID","MID","MID","MID","MID","MID","MID","MID","MID","MID","MID","MID","MID","MID","MID","MID"
404,"MID","MID","MID","MID","MID","MID","MID","MID","MID","MID","MID","MID","MID","MID","MID","MID","MID","MID","MID","MID","MID","MID","MID","MID","MID","MID","MID"
405,"MID","MID","MID","MID","MID","MID","MID","MID","MID","MID","MID","MID","MID","MID","MID","MID","MID","MID","MID","MID","MID","MID","MID","MID","MID","MID","MID"
406,"MID","MID","MID","MID","MID","MID","MID","MID","MID","MID","MID","MID","MID","MID","MID","MID","MID","MID","MID","MID","MID","MID","MID","MID","MID","MID","MID"
407,"MID","MID","MID","MID","MID","MID","MID","MID","MID","MID","MID","MID","MID","MID","MID","MID","MID","MID","MID","MID","MID","MID","MID","MID","MID","MID","MID"
408,"MID","MID","MID","MID","MID","MID","MID","MID","MID","MID","MID","MID","MID","MID","MID","MID","MID","MID","MID","MID","MID","MID","MID","MID","MID","MID","MID"
409,"MID","MID","MID","MID","MID","MID","MID","MID","MID","MID","MID","MID","MID","MID","MID","MID","MID","MID","MID","MID","MID","MID","MID","MID","MID","MID","MID"
410,"MID","MID","MID","MID","MID","MID","MID","MID","MID","MID","MID","MID","MID","MID","MID","MID","MID","MID","MID","MID","MID","MID","MID","MID","MID","MID","MID"
411,"MID","MID","MID","MID","MID","MID","MID","MID","MID","MID","MID","MID","MID","MID","MID","MID","MID","MID","MID","MID","MID","MID","MID","MID","MID","MID","MID"
412,"MID","MID","MID","MID","MID","MID","MID","MID","MID","MID","MID","MID","MID","MID","MID","MID","MID","MID","MID","MID","MID","MID","MID","MID","MID","MID","MID"
413,"MID","MID","MID","MID","MID","MID","MID","MID","MID","MID","MID","MID","MID","MID","MID","MID","MID","MID","MID","MID","MID","MID","MID","MID","MID","MID","MID"
414,"MID","MID","MID","MID","MID","MID","MID","MID","MID","MID","MID","MID","MID","MID","MID","MID","MID","MID","MID","MID","MID","MID","MID","MID","MID","MID","MID"
415,"MID","MID","MID","MID","MID","MID","MID","MID","MID","MID","MID","MID","MID","MID","MID","MID","MID","MID","MID","MID","MID","MID","MID","MID","MID","MID","MID"
416,"MID","MID","MID","MID","MID","MID","MID","MID","MID","MID","MID","MID","MID","MID","MID","MID","MID","MID","MID","MID","MID","MID","MID","MID","MID","MID","MID"
417,NA,NA,NA,NA,NA,NA,NA,"MID","MID","MID","MID","MID","MID","MID","MID","MID","MID","MID","MID","MID","MID","MID","MID","MID","MID","MID","MID"
418,"MID","MID","MID","MID","MID","MID","MID","MID","MID","MID","MID","MID","MID","MID","MID","MID","MID","MID","MID","MID","MID","MID","MID","MID","MID","MID","MID"
419,"MID","MID","MID","MID","MID","MID","MID","MID","MID","MID","MID","MID","MID","MID","MID","MID","MID","MID","MID","MID","MID","MID","MID","MID","MID","MID","MID"
420,"MID","MID","MID","MID","MID","MID","MID","MID","MID","MID","MID","MID","MID","MID","MID","MID","MID","MID","MID","MID","MID","MID","MID","MID","MID","MID","MID"
421,"MID","MID","MID","MID","MID","MID","MID","MID","MID","MID","MID","MID","MID","MID","MID","MID","MID","MID","MID","MID","MID","MID","MID","MID","MID","MID","MID"
422,"MID","MID","MID","MID","MID","MID","MID","MID","MID","MID","MID","MID","MID","MID","MID","MID","MID","MID","MID","MID","MID","MID","MID","MID","MID","MID","MID"
423,"MID","MID","MID","MID","MID","MID","MID","MID","MID","MID","MID","MID","MID","MID","MID","MID","MID","MID","MID","MID","MID","MID","MID","MID","MID","MID","MID"
424,"MID","MID","MID","MID","MID","MID","MID","MID","MID","MID","MID","MID","MID","MID","MID","MID","MID","MID","MID","MID","MID","MID","MID","MID","MID","MID","MID"
425,"MID","MID","MID","MID","MID","MID","MID","MID","MID","MID","MID","MID","MID","MID","MID","MID","MID","MID","MID","MID","MID","MID","MID","MID","MID","MID","MID"
426,"MID","MID","MID","MID","MID","MID","MID","MID","MID","MID","MID","MID","MID","MID","MID","MID","MID","MID","MID","MID","MID","MID","MID","MID","MID","MID","MID"
427,"MID","MID","MID","MID","MID","MID","MID","MID","MID","MID","MID","MID","MID","MID","MID","MID","MID","MID","MID","MID","MID","MID","MID","MID","MID","MID","MID"
428,"MID","MID","MID","MID","MID","MID","MID","MID","MID","MID","MID","MID","MID","MID","MID","MID","MID","MID","MID","MID","MID","MID","MID","MID","MID","MID","MID"
429,"MID","MID","MID","MID","MID","MID","MID","MID","MID","MID","MID","MID","MID","MID","MID","MID","MID","MID","MID","MID","MID","MID","MID","MID","MID","MID","MID"
430,"MID","MID","MID","MID","MID","MID","MID","MID","MID","MID","MID","MID","MID","MID","MID","MID","MID","MID","MID","MID","MID","MID","MID","MID","MID","MID","MID"
431,"MID","MID","MID","MID","MID","MID","MID","MID","MID","MID","MID","MID","MID","MID","MID","MID","MID","MID","MID","MID","MID","MID","MID","MID","MID","MID","MID"
432,"MID","MID","MID","MID","MID","MID","MID","MID","MID","MID","MID","MID","MID","MID","MID","MID","MID","MID","MID","MID","MID","MID","MID","MID","MID","MID","MID"
433,"MID","MID","MID","MID","MID","MID","MID","MID","MID","MID","MID","MID","MID","MID","MID","MID","MID","MID","MID","MID","MID","MID","MID","MID","MID","MID","MID"
434,"MID","MID","MID","MID","MID","MID","MID","MID","MID","MID","MID","MID","MID","MID","MID","MID","MID","MID","MID","MID","MID","MID","MID","MID","MID","MID","MID"
435,"MID","MID","MID","MID","MID","MID","MID","MID","MID","MID","MID","MID","MID","MID","MID","MID","MID","MID","MID","MID","MID","MID","MID","MID","MID","MID","MID"
436,"MID","MID","MID","MID","MID","MID","MID","MID","MID","MID","MID","MID","MID","MID","MID","MID","MID","MID","MID","MID","MID","MID","MID","MID","MID","MID","MID"
437,"MID","MID","MID","MID","MID","MID","MID","MID","MID","MID","MID","MID","MID","MID","MID","MID","MID","MID","MID","MID","MID","MID","MID","MID","MID","MID","MID"
438,"MID","MID","MID","MID","MID","MID","MID","MID","MID","MID","MID","MID","MID","MID","MID","MID","MID","MID","MID","MID","MID","MID","MID","MID","MID","MID","MID"
439,"MID","MID","MID","MID","MID","MID","MID","MID","MID","MID","MID","MID","MID","MID","MID","MID","MID","MID","MID","MID","MID","MID","MID","MID","MID","MID","MID"
440,"MID","MID","MID","MID","MID","MID","MID","MID","MID","MID","MID","MID","MID","MID","MID","MID","MID","MID","MID","MID","MID","MID","MID","MID","MID","MID","MID"
441,NA,NA,"MID","MID","MID","MID","MID","MID","MID","MID","MID","MID","MID","MID","MID","MID","MID","MID","MID","MID","MID","MID","MID","MID","MID","MID","MID"
442,"MID","MID","MID","MID","MID","MID","MID","MID","MID","MID","MID","MID","MID","MID","MID","MID","MID","MID","MID","MID","MID","MID","MID","MID","MID","MID","MID"
443,"MID","MID","MID","MID","MID","MID","MID","MID","MID","MID","MID","MID","MID","MID","MID","MID","MID","MID","MID","MID","MID","MID","MID","MID","MID","MID","MID"
444,"MID","MID","MID","MID","MID","MID","MID","MID","MID","MID","MID","MID","MID","MID","MID","MID","MID","MID","MID","MID","MID","MID","MID","MID","MID","MID","MID"
445,"MID","MID","MID","MID","MID","MID","MID","MID","MID","MID","MID","MID","MID","MID","MID","MID","MID","MID","MID","MID","MID","MID","MID","MID","MID","MID","MID"
446,"MID","MID","MID","MID","MID","MID","MID","MID","MID","MID","MID","MID","MID","MID","MID","MID","MID","MID","MID","MID","MID","MID","MID","MID","MID","MID","MID"
447,"MID","MID","MID","MID","MID","MID","MID","MID","MID","MID","MID","MID","MID","MID","MID","MID","MID","MID","MID","MID","MID","MID","MID","MID","MID","MID","MID"
448,"MID","MID","MID","MID","MID","MID","MID","MID","MID","MID","MID","MID","MID","MID","MID","MID","MID","MID","MID","MID","MID","MID","MID","MID","MID","MID","MID"
449,"MID","MID","MID","MID","MID","MID","MID","MID","MID","MID","MID","MID","MID","MID","MID","MID","MID","MID","MID","MID","MID","MID","MID","MID","MID","MID","MID"
450,"MID","MID","MID","MID","MID","MID","MID","MID","MID","MID","MID","MID","MID","MID","MID","MID","MID","MID","MID","MID","MID","MID","MID","MID","MID","MID","MID"
451,"MID","MID","MID","MID","MID","MID","MID","MID","MID","MID","MID","MID","MID","MID","MID","MID","MID","MID","MID","MID","MID","MID","MID","MID","MID","MID","MID"
452,"MID","MID","MID","MID","MID","MID","MID","MID","MID","MID","MID","MID","MID","MID","MID","MID","MID","MID","MID","MID","MID","MID","MID","MID","MID","MID","MID"
453,"MID","MID","MID","MID","MID","MID","MID","MID","MID","MID","MID","MID","MID","MID","MID","MID","MID","MID","MID","MID","MID","MID","MID","MID","MID","MID","MID"
454,"MID","MID","MID","MID","MID","MID","MID","MID","MID","MID","MID","MID","MID","MID","MID","MID","MID","MID","MID","MID","MID","MID","MID","MID","MID","MID","MID"
455,"MID","MID","MID","MID","MID","MID","MID","MID","MID","MID","MID","MID","MID","MID","MID","MID","MID","MID","MID","MID","MID","MID","MID","MID","MID","MID","MID"
456,NA,NA,NA,NA,NA,NA,NA,NA,NA,NA,NA,NA,NA,NA,NA,NA,NA,NA,NA,NA,NA,NA,NA,NA,NA,"MID","MID"
457,"MID","MID","MID","MID","MID","MID","MID","MID","MID","MID","MID","MID","MID","MID","MID","MID","MID","MID","MID","MID","MID","MID","MID","MID","MID","MID","MID"
458,"MID","MID","MID","MID","MID","MID","MID","MID","MID","MID","MID","MID","MID","MID","MID","MID","MID","MID","MID","MID","MID","MID","MID","MID","MID","MID","MID"
459,"MID","MID","MID","MID","MID","MID","MID","MID","MID","MID","MID","MID","MID","MID","MID","MID","MID","MID","MID","MID","MID","MID","MID","MID","MID","MID","MID"
460,"MID","MID","MID","MID","MID","MID","MID","MID","MID","MID","MID","MID","MID","MID","MID","MID","MID","MID","MID","MID","MID","MID","MID","MID","MID","MID","MID"
461,NA,NA,NA,NA,NA,NA,NA,NA,NA,NA,NA,NA,NA,NA,NA,NA,NA,NA,NA,NA,NA,NA,"MID","MID","MID","MID","MID"
462,NA,"MID","MID","MID","MID","MID","MID","MID","MID","MID","MID","MID","MID","MID","MID","MID","MID","MID","MID","MID","MID","MID","MID","MID","MID","MID","MID"
463,"MID","MID","MID","MID","MID","MID","MID","MID","MID","MID","MID","MID","MID","MID","MID","MID","MID","MID","MID","MID","MID","MID","MID","MID","MID","MID","MID"
464,"MID","MID","MID","MID","MID","MID","MID","MID","MID","MID","MID","MID","MID","MID","MID","MID","MID","MID","MID","MID","MID","MID","MID","MID","MID","MID","MID"
465,"MID","MID","MID","MID","MID","MID","MID","MID","MID","MID","MID","MID","MID","MID","MID","MID","MID","MID","MID","MID","MID","MID","MID","MID","MID","MID","MID"
466,"MID","MID","MID","MID","MID","MID","MID","MID","MID","MID","MID","MID","MID","MID","MID","MID","MID","MID","MID","MID","MID","MID","MID","MID","MID","MID","MID"
467,"MID","MID","MID","MID","MID","MID","MID","MID","MID","MID","MID","MID","MID","MID","MID","MID","MID","MID","MID","MID","MID","MID","MID","MID","MID","MID","MID"
468,"MID","MID","MID","MID","MID","MID","MID","MID","MID","MID","MID","MID","MID","MID","MID","MID","MID","MID","MID","MID","MID","MID","MID","MID","MID","MID","MID"
469,"MID","MID","MID","MID","MID","MID","MID","MID","MID","MID","MID","MID","MID","MID","MID","MID","MID","MID","MID","MID","MID","MID","MID","MID","MID","MID","MID"
470,NA,NA,"MID","MID","MID","MID","MID","MID","MID","MID","MID","MID","MID","MID","MID","MID","MID","MID","MID","MID","MID","MID","MID","MID","MID","MID","MID"
471,"MID","MID","MID","MID","MID","MID","MID","MID","MID","MID","MID","MID","MID","MID","MID","MID","MID","MID","MID","MID","MID","MID","MID","MID","MID","MID","MID"
472,"MID","MID","MID","MID","MID","MID","MID","MID","MID","MID","MID","MID","MID","MID","MID","MID","MID","MID","MID","MID","MID","MID","MID","MID","MID","MID","MID"
473,"MID","MID","MID","MID","MID","MID","MID","MID","MID","MID","MID","MID","MID","MID","MID","MID","MID","MID","MID","MID","MID","MID","MID","MID","MID","MID","MID"
474,"MID","MID","MID","MID","MID","MID","MID","MID","MID","MID","MID","MID","MID","MID","MID","MID","MID","MID","MID","MID","MID","MID","MID","MID","MID","MID","MID"
475,"MID","MID","MID","MID","MID","MID","MID","MID","MID","MID","MID","MID","MID","MID","MID","MID","MID","MID","MID","MID","MID","MID","MID","MID","MID","MID","MID"
476,"MID","MID","MID","MID","MID","MID","MID","MID","MID","MID","MID","MID","MID","MID","MID","MID","MID","MID","MID","MID","MID","MID","MID","MID","MID","MID","MID"
477,"MID","MID","MID","MID","MID","MID","MID","MID","MID","MID","MID","MID","MID","MID","MID","MID","MID","MID","MID","MID","MID","MID","MID","MID","MID","MID","MID"
478,"MID","MID","MID","MID","MID","MID","MID","MID","MID","MID","MID","MID","MID","MID","MID","MID","MID","MID","MID","MID","MID","MID","MID","MID","MID","MID","MID"
479,"MID","MID","MID","MID","MID","MID","MID","MID","MID","MID","MID","MID","MID","MID","MID","MID","MID","MID","MID","MID","MID","MID","MID","MID","MID","MID","MID"
480,NA,NA,NA,"MID","MID","MID","MID","MID","MID","MID","MID","MID","MID","MID","MID","MID","MID","MID","MID","MID","MID","MID","MID","MID","MID","MID","MID"
481,"MID","MID","MID","MID","MID","MID","MID","MID","MID","MID","MID","MID","MID","MID","MID","MID","MID","MID","MID","MID","MID","MID","MID","MID","MID","MID","MID"
482,"MID","MID","MID","MID","MID","MID","MID","MID","MID","MID","MID","MID","MID","MID","MID","MID","MID","MID","MID","MID","MID","MID","MID","MID","MID","MID","MID"
483,"MID","MID","MID","MID","MID","MID","MID","MID","MID","MID","MID","MID","MID","MID","MID","MID","MID","MID","MID","MID","MID","MID","MID","MID","MID","MID","MID"
484,"MID","MID","MID","MID","MID","MID","MID","MID","MID","MID","MID","MID","MID","MID","MID","MID","MID","MID","MID","MID","MID","MID","MID","MID","MID","MID","MID"
485,"MID","MID","MID","MID","MID","MID","MID","MID","MID","MID","MID","MID","MID","MID","MID","MID","MID","MID","MID","MID","MID","MID","MID","MID","MID","MID","MID"
486,NA,NA,NA,NA,NA,NA,NA,NA,NA,NA,NA,NA,NA,NA,NA,NA,NA,NA,NA,NA,NA,NA,NA,NA,NA,"MID","MID"
487,NA,NA,NA,"MID","MID","MID","MID","MID","MID","MID","MID","MID","MID","MID","MID","MID","MID","MID","MID","MID","MID","MID","MID","MID","MID","MID","MID"
488,"MID","MID","MID","MID","MID","MID","MID","MID","MID","MID","MID","MID","MID","MID","MID","MID","MID","MID","MID","MID","MID","MID","MID","MID","MID","MID","MID"
489,"MID","MID","MID","MID","MID","MID","MID","MID","MID","MID","MID","MID","MID","MID","MID","MID","MID","MID","MID","MID","MID","MID","MID","MID","MID","MID","MID"
490,"MID","MID","MID","MID","MID","MID","MID","MID","MID","MID","MID","MID","MID","MID","MID","MID","MID","MID","MID","MID","MID","MID","MID","MID","MID","MID","MID"
491,"MID","MID","MID","MID","MID","MID","MID","MID","MID","MID","MID","MID","MID","MID","MID","MID","MID","MID","MID","MID","MID","MID","MID","MID","MID","MID","MID"
492,"MID","MID","MID","MID","MID","MID","MID","MID","MID","MID","MID","MID","MID","MID","MID","MID","MID","MID","MID","MID","MID","MID","MID","MID","MID","MID","MID"
493,"MID","MID","MID","MID","MID","MID","MID","MID","MID","MID","MID","MID","MID","MID","MID","MID","MID","MID","MID","MID","MID","MID","MID","MID","MID","MID","MID"
494,"MID","MID","MID","MID","MID","MID","MID","MID","MID","MID","MID","MID","MID","MID","MID","MID","MID","MID","MID","MID","MID","MID","MID","MID","MID","MID","MID"
495,"MID","MID","MID","MID","MID","MID","MID","MID","MID","MID","MID","MID","MID","MID","MID","MID","MID","MID","MID","MID","MID","MID","MID","MID","MID","MID","MID"
496,NA,NA,"MID","MID","MID","MID","MID","MID","MID","MID","MID","MID","MID","MID","MID","MID","MID","MID","MID","MID","MID","MID","MID","MID","MID","MID","MID"
497,"MID","MID","MID","MID","MID","MID","MID","MID","MID","MID","MID","MID","MID","MID","MID","MID","MID","MID","MID","MID","MID","MID","MID","MID","MID","MID","MID"
498,"MID","MID","MID","MID","MID","MID","MID","MID","MID","MID","MID","MID","MID","MID","MID","MID","MID","MID","MID","MID","MID","MID","MID","MID","MID","MID","MID"
499,NA,NA,NA,NA,NA,NA,NA,NA,NA,NA,NA,NA,NA,NA,NA,NA,NA,NA,NA,NA,NA,NA,NA,NA,"MID","MID","MID"
500,"MID","MID","MID","MID","MID","MID","MID","MID","MID","MID","MID","MID","MID","MID","MID","MID","MID","MID","MID","MID","MID","MID","MID","MID","MID","MID","MID"
501,"MID","MID","MID","MID","MID","MID","MID","MID","MID","MID","MID","MID","MID","MID","MID","MID","MID","MID","MID","MID","MID","MID","MID","MID","MID","MID","MID"
502,NA,NA,NA,NA,NA,NA,NA,NA,NA,NA,NA,NA,NA,NA,NA,NA,NA,NA,NA,NA,NA,NA,NA,NA,NA,"MID","MID"
503,NA,NA,NA,NA,NA,NA,NA,NA,NA,NA,NA,NA,NA,NA,NA,NA,NA,NA,NA,NA,NA,NA,NA,NA,NA,"MID","MID"
504,"MID","MID","MID","MID","MID","MID","MID","MID","MID","MID","MID","MID","MID","MID","MID","MID","MID","MID","MID","MID","MID","MID","MID","MID","MID","MID","MID"
505,"MID","MID","MID","MID","MID","MID","MID","MID","MID","MID","MID","MID","MID","MID","MID","MID","MID","MID","MID","MID","MID","MID","MID","MID","MID","MID","MID"
506,NA,NA,NA,NA,NA,NA,NA,NA,NA,NA,NA,NA,NA,NA,NA,NA,NA,NA,NA,NA,NA,NA,NA,NA,NA,"MID","MID"
507,"MID","MID","MID","MID","MID","MID","MID","MID","MID","MID","MID","MID","MID","MID","MID","MID","MID","MID","MID","MID","MID","MID","MID","MID","MID","MID","MID"
508,"MID","MID","MID","MID","MID","MID","MID","MID","MID","MID","MID","MID","MID","MID","MID","MID","MID","MID","MID","MID","MID","MID","MID","MID","MID","MID","MID"
509,"MID","MID","MID","MID","MID","MID","MID","MID","MID","MID","MID","MID","MID","MID","MID","MID","MID","MID","MID","MID","MID","MID","MID","MID","MID","MID","MID"
510,"MID","MID","MID","MID","MID","MID","MID","MID","MID","MID","MID","MID","MID","MID","MID","MID","MID","MID","MID","MID","MID","MID","MID","MID","MID","MID","MID"
511,NA,NA,"MID","MID","MID","MID","MID","MID","MID","MID","MID","MID","MID","MID","MID","MID","MID","MID","MID","MID","MID","MID","MID","MID","MID","MID","MID"
512,"MID","MID","MID","MID","MID","MID","MID","MID","MID","MID","MID","MID","MID","MID","MID","MID","MID","MID","MID","MID","MID","MID","MID","MID","MID","MID","MID"
513,"MID","MID","MID","MID","MID","MID","MID","MID","MID","MID","MID","MID","MID","MID","MID","MID","MID","MID","MID","MID","MID","MID","MID","MID","MID","MID","MID"
514,NA,"MID","MID","MID","MID","MID","MID","MID","MID","MID","MID","MID","MID","MID","MID","MID","MID","MID","MID","MID","MID","MID","MID","MID","MID","MID","MID"
515,NA,NA,NA,"MID","MID","MID","MID","MID","MID","MID","MID","MID","MID","MID","MID","MID","MID","MID","MID","MID","MID","MID","MID","MID","MID","MID","MID"
516,"MID","MID","MID","MID","MID","MID","MID","MID","MID","MID","MID","MID","MID","MID","MID","MID","MID","MID","MID","MID","MID","MID","MID","MID","MID","MID","MID"
517,"MID","MID","MID","MID","MID","MID","MID","MID","MID","MID","MID","MID","MID","MID","MID","MID","MID","MID","MID","MID","MID","MID","MID","MID","MID","MID","MID"
518,"MID","MID","MID","MID","MID","MID","MID","MID","MID","MID","MID","MID","MID","MID","MID","MID","MID","MID","MID","MID","MID","MID","MID","MID","MID","MID","MID"
519,"MID","MID","MID","MID","MID","MID","MID","MID","MID","MID","MID","MID","MID","MID","MID","MID","MID","MID","MID","MID","MID","MID","MID","MID","MID","MID","MID"
520,"MID","MID","MID","MID","MID","MID","MID","MID","MID","MID","MID","MID","MID","MID","MID","MID","MID","MID","MID","MID","MID","MID","MID","MID","MID","MID","MID"
521,"MID","MID","MID","MID","MID","MID","MID","MID","MID","MID","MID","MID","MID","MID","MID","MID","MID","MID","MID","MID","MID","MID","MID","MID","MID","MID","MID"
522,"MID","MID","MID","MID","MID","MID","MID","MID","MID","MID","MID","MID","MID","MID","MID","MID","MID","MID","MID","MID","MID","MID","MID","MID","MID","MID","MID"
523,"MID","MID","MID","MID","MID","MID","MID","MID","MID","MID","MID","MID","MID","MID","MID","MID","MID","MID","MID","MID","MID","MID","MID","MID","MID","MID","MID"
524,NA,NA,NA,NA,NA,NA,NA,NA,NA,NA,NA,NA,NA,NA,NA,NA,NA,NA,NA,NA,NA,NA,NA,"MID","MID","MID","MID"
525,"MID","MID","MID","MID","MID","MID","MID","MID","MID","MID","MID","MID","MID","MID","MID","MID","MID","MID","MID","MID","MID","MID","MID","MID","MID","MID","MID"
526,"MID","MID","MID","MID","MID","MID","MID","MID","MID","MID","MID","MID","MID","MID","MID","MID","MID","MID","MID","MID","MID","MID","MID","MID","MID","MID","MID"
527,NA,NA,"MID","MID","MID","MID","MID","MID","MID","MID","MID","MID","MID","MID","MID","MID","MID","MID","MID","MID","MID","MID","MID","MID","MID","MID","MID"
528,NA,NA,NA,NA,NA,NA,NA,NA,NA,NA,NA,NA,NA,NA,NA,NA,NA,NA,NA,NA,NA,NA,NA,NA,"MID","MID","MID"
529,NA,NA,NA,NA,NA,NA,NA,NA,NA,NA,NA,NA,NA,NA,NA,"MID","MID","MID","MID","MID","MID","MID","MID","MID","MID","MID","MID"
530,"MID","MID","MID","MID","MID","MID","MID","MID","MID","MID","MID","MID","MID","MID","MID","MID","MID","MID","MID","MID","MID","MID","MID","MID","MID","MID","MID"
531,"MID","MID","MID","MID","MID","MID","MID","MID","MID","MID","MID","MID","MID","MID","MID","MID","MID","MID","MID","MID","MID","MID","MID","MID","MID","MID","MID"
532,NA,NA,NA,NA,NA,NA,NA,NA,NA,NA,NA,NA,NA,NA,NA,NA,NA,NA,"MID","MID","MID","MID","MID","MID","MID","MID","MID"
533,"MID","MID","MID","MID","MID","MID","MID","MID","MID","MID","MID","MID","MID","MID","MID","MID","MID","MID","MID","MID","MID","MID","MID","MID","MID","MID","MID"
534,"MID","MID","MID","MID","MID","MID","MID","MID","MID","MID","MID","MID","MID","MID","MID","MID","MID","MID","MID","MID","MID","MID","MID","MID","MID","MID","MID"
535,NA,NA,NA,NA,NA,NA,NA,NA,NA,NA,NA,NA,"MID","MID","MID","MID","MID","MID","MID","MID","MID","MID","MID","MID","MID","MID","MID"
536,"MID","MID","MID","MID","MID","MID","MID","MID","MID","MID","MID","MID","MID","MID","MID","MID","MID","MID","MID","MID","MID","MID","MID","MID","MID","MID","MID"
537,NA,NA,NA,NA,NA,NA,NA,NA,NA,NA,NA,NA,NA,NA,NA,NA,NA,NA,NA,NA,NA,NA,NA,NA,NA,"FWD","FWD"
538,"FWD","FWD","FWD","FWD","FWD","FWD","FWD","FWD","FWD","FWD","FWD","FWD","FWD","FWD","FWD","FWD","FWD","FWD","FWD","FWD","FWD","FWD","FWD","FWD","FWD","FWD","FWD"
539,NA,NA,NA,NA,NA,NA,NA,NA,NA,"FWD","FWD","FWD","FWD","FWD","FWD","FWD","FWD","FWD","FWD","FWD","FWD","FWD","FWD","FWD","FWD","FWD","FWD"
540,"FWD","FWD","FWD","FWD","FWD","FWD","FWD","FWD","FWD","FWD","FWD","FWD","FWD","FWD","FWD","FWD","FWD","FWD","FWD","FWD","FWD","FWD","FWD","FWD","FWD","FWD","FWD"
541,"FWD","FWD","FWD","FWD","FWD","FWD","FWD","FWD","FWD","FWD","FWD","FWD","FWD","FWD","FWD","FWD","FWD","FWD","FWD","FWD","FWD","FWD","FWD","FWD","FWD","FWD","FWD"
542,"FWD","FWD","FWD","FWD","FWD","FWD","FWD","FWD","FWD","FWD","FWD","FWD","FWD","FWD","FWD","FWD","FWD","FWD","FWD","FWD","FWD","FWD","FWD","FWD","FWD","FWD","FWD"
543,"FWD","FWD","FWD","FWD","FWD","FWD","FWD","FWD","FWD","FWD","FWD","FWD","FWD","FWD","FWD","FWD","FWD","FWD","FWD","FWD","FWD","FWD","FWD","FWD","FWD","FWD","FWD"
544,NA,NA,NA,NA,NA,NA,NA,NA,NA,NA,NA,NA,NA,NA,NA,NA,NA,NA,NA,NA,NA,NA,NA,NA,"FWD","FWD","FWD"
545,"FWD","FWD","FWD","FWD","FWD","FWD","FWD","FWD","FWD","FWD","FWD","FWD","FWD","FWD","FWD","FWD","FWD","FWD","FWD","FWD","FWD","FWD","FWD","FWD","FWD","FWD","FWD"
546,"FWD","FWD","FWD","FWD","FWD","FWD","FWD","FWD","FWD","FWD","FWD","FWD","FWD","FWD","FWD","FWD","FWD","FWD","FWD","FWD","FWD","FWD","FWD","FWD","FWD","FWD","FWD"
547,"FWD","FWD","FWD","FWD","FWD","FWD","FWD","FWD","FWD","FWD","FWD","FWD","FWD","FWD","FWD","FWD","FWD","FWD","FWD","FWD","FWD","FWD","FWD","FWD","FWD","FWD","FWD"
548,"FWD","FWD","FWD","FWD","FWD","FWD","FWD","FWD","FWD","FWD","FWD","FWD","FWD","FWD","FWD","FWD","FWD","FWD","FWD","FWD","FWD","FWD","FWD","FWD","FWD","FWD","FWD"
549,"FWD","FWD","FWD","FWD","FWD","FWD","FWD","FWD","FWD","FWD","FWD","FWD","FWD","FWD","FWD","FWD","FWD","FWD","FWD","FWD","FWD","FWD","FWD","FWD","FWD","FWD","FWD"
550,"FWD","FWD","FWD","FWD","FWD","FWD","FWD","FWD","FWD","FWD","FWD","FWD","FWD","FWD","FWD","FWD","FWD","FWD","FWD","FWD","FWD","FWD","FWD","FWD","FWD","FWD","FWD"
551,"FWD","FWD","FWD","FWD","FWD","FWD","FWD","FWD","FWD","FWD","FWD","FWD","FWD","FWD","FWD","FWD","FWD","FWD","FWD","FWD","FWD","FWD","FWD","FWD","FWD","FWD","FWD"
552,"FWD","FWD","FWD","FWD","FWD","FWD","FWD","FWD","FWD","FWD","FWD","FWD","FWD","FWD","FWD","FWD","FWD","FWD","FWD","FWD","FWD","FWD","FWD","FWD","FWD","FWD","FWD"
553,"FWD","FWD","FWD","FWD","FWD","FWD","FWD","FWD","FWD","FWD","FWD","FWD","FWD","FWD","FWD","FWD","FWD","FWD","FWD","FWD","FWD","FWD","FWD","FWD","FWD","FWD","FWD"
554,"FWD","FWD","FWD","FWD","FWD","FWD","FWD","FWD","FWD","FWD","FWD","FWD","FWD","FWD","FWD","FWD","FWD","FWD","FWD","FWD","FWD","FWD","FWD","FWD","FWD","FWD","FWD"
555,NA,NA,"FWD","FWD","FWD","FWD","FWD","FWD","FWD","FWD","FWD","FWD","FWD","FWD","FWD","FWD","FWD","FWD","FWD","FWD","FWD","FWD","FWD","FWD","FWD","FWD","FWD"
556,"FWD","FWD","FWD","FWD","FWD","FWD","FWD","FWD","FWD","FWD","FWD","FWD","FWD","FWD","FWD","FWD","FWD","FWD","FWD","FWD","FWD","FWD","FWD","FWD","FWD","FWD","FWD"
557,"FWD","FWD","FWD","FWD","FWD","FWD","FWD","FWD","FWD","FWD","FWD","FWD","FWD","FWD","FWD","FWD","FWD","FWD","FWD","FWD","FWD","FWD","FWD","FWD","FWD","FWD","FWD"
558,"FWD","FWD","FWD","FWD","FWD","FWD","FWD","FWD","FWD","FWD","FWD","FWD","FWD","FWD","FWD","FWD","FWD","FWD","FWD","FWD","FWD","FWD","FWD","FWD","FWD","FWD","FWD"
559,"FWD","FWD","FWD","FWD","FWD","FWD","FWD","FWD","FWD","FWD","FWD","FWD","FWD","FWD","FWD","FWD","FWD","FWD","FWD","FWD","FWD","FWD","FWD","FWD","FWD","FWD","FWD"
560,NA,NA,NA,"FWD","FWD","FWD","FWD","FWD","FWD","FWD","FWD","FWD","FWD","FWD","FWD","FWD","FWD","FWD","FWD","FWD","FWD","FWD","FWD","FWD","FWD","FWD","FWD"
561,"FWD","FWD","FWD","FWD","FWD","FWD","FWD","FWD","FWD","FWD","FWD","FWD","FWD","FWD","FWD","FWD","FWD","FWD","FWD","FWD","FWD","FWD","FWD","FWD","FWD","FWD","FWD"
562,NA,"FWD","FWD","FWD","FWD","FWD","FWD","FWD","FWD","FWD","FWD","FWD","FWD","FWD","FWD","FWD","FWD","FWD","FWD","FWD","FWD","FWD","FWD","FWD","FWD","FWD","FWD"
563,NA,NA,NA,NA,NA,NA,NA,NA,NA,NA,NA,NA,NA,NA,NA,NA,NA,NA,NA,NA,NA,NA,NA,NA,NA,NA,"FWD"
564,"FWD","FWD","FWD","FWD","FWD","FWD","FWD","FWD","FWD","FWD","FWD","FWD","FWD","FWD","FWD","FWD","FWD","FWD","FWD","FWD","FWD","FWD","FWD","FWD","FWD","FWD","FWD"
565,"FWD","FWD","FWD","FWD","FWD","FWD","FWD","FWD","FWD","FWD","FWD","FWD","FWD","FWD","FWD","FWD","FWD","FWD","FWD","FWD","FWD","FWD","FWD","FWD","FWD","FWD","FWD"
566,NA,NA,NA,NA,NA,NA,"FWD","FWD","FWD","FWD","FWD","FWD","FWD","FWD","FWD","FWD","FWD","FWD","FWD","FWD","FWD","FWD","FWD","FWD","FWD","FWD","FWD"
567,"FWD","FWD","FWD","FWD","FWD","FWD","FWD","FWD","FWD","FWD","FWD","FWD","FWD","FWD","FWD","FWD","FWD","FWD","FWD","FWD","FWD","FWD","FWD","FWD","FWD","FWD","FWD"
568,"FWD","FWD","FWD","FWD","FWD","FWD","FWD","FWD","FWD","FWD","FWD","FWD","FWD","FWD","FWD","FWD","FWD","FWD","FWD","FWD","FWD","FWD","FWD","FWD","FWD","FWD","FWD"
569,NA,NA,NA,NA,NA,NA,NA,NA,NA,NA,NA,NA,NA,NA,NA,NA,NA,NA,NA,NA,NA,NA,"FWD","FWD","FWD","FWD","FWD"
570,"FWD","FWD","FWD","FWD","FWD","FWD","FWD","FWD","FWD","FWD","FWD","FWD","FWD","FWD","FWD","FWD","FWD","FWD","FWD","FWD","FWD","FWD","FWD","FWD","FWD","FWD","FWD"
571,"FWD","FWD","FWD","FWD","FWD","FWD","FWD","FWD","FWD","FWD","FWD","FWD","FWD","FWD","FWD","FWD","FWD","FWD","FWD","FWD","FWD","FWD","FWD","FWD","FWD","FWD","FWD"
572,"FWD","FWD","FWD","FWD","FWD","FWD","FWD","FWD","FWD","FWD","FWD","FWD","FWD","FWD","FWD","FWD","FWD","FWD","FWD","FWD","FWD","FWD","FWD","FWD","FWD","FWD","FWD"
573,NA,NA,NA,NA,NA,NA,NA,NA,NA,NA,NA,NA,NA,NA,NA,NA,NA,NA,NA,NA,NA,NA,NA,NA,"FWD","FWD","FWD"
574,"FWD","FWD","FWD","FWD","FWD","FWD","FWD","FWD","FWD","FWD","FWD","FWD","FWD","FWD","FWD","FWD","FWD","FWD","FWD","FWD","FWD","FWD","FWD","FWD","FWD","FWD","FWD"
575,"FWD","FWD","FWD","FWD","FWD","FWD","FWD","FWD","FWD","FWD","FWD","FWD","FWD","FWD","FWD","FWD","FWD","FWD","FWD","FWD","FWD","FWD","FWD","FWD","FWD","FWD","FWD"
576,"FWD","FWD","FWD","FWD","FWD","FWD","FWD","FWD","FWD","FWD","FWD","FWD","FWD","FWD","FWD","FWD","FWD","FWD","FWD","FWD","FWD","FWD","FWD","FWD","FWD","FWD","FWD"
577,"FWD","FWD","FWD","FWD","FWD","FWD","FWD","FWD","FWD","FWD","FWD","FWD","FWD","FWD","FWD","FWD","FWD","FWD","FWD","FWD","FWD","FWD","FWD","FWD","FWD","FWD","FWD"
578,"FWD","FWD","FWD","FWD","FWD","FWD","FWD","FWD","FWD","FWD","FWD","FWD","FWD","FWD","FWD","FWD","FWD","FWD","FWD","FWD","FWD","FWD","FWD","FWD","FWD","FWD","FWD"
579,"FWD","FWD","FWD","FWD","FWD","FWD","FWD","FWD","FWD","FWD","FWD","FWD","FWD","FWD","FWD","FWD","FWD","FWD","FWD","FWD","FWD","FWD","FWD","FWD","FWD","FWD","FWD"
580,"FWD","FWD","FWD","FWD","FWD","FWD","FWD","FWD","FWD","FWD","FWD","FWD","FWD","FWD","FWD","FWD","FWD","FWD","FWD","FWD","FWD","FWD","FWD","FWD","FWD","FWD","FWD"
581,"FWD","FWD","FWD","FWD","FWD","FWD","FWD","FWD","FWD","FWD","FWD","FWD","FWD","FWD","FWD","FWD","FWD","FWD","FWD","FWD","FWD","FWD","FWD","FWD","FWD","FWD","FWD"
582,"FWD","FWD","FWD","FWD","FWD","FWD","FWD","FWD","FWD","FWD","FWD","FWD","FWD","FWD","FWD","FWD","FWD","FWD","FWD","FWD","FWD","FWD","FWD","FWD","FWD","FWD","FWD"
583,NA,NA,"FWD","FWD","FWD","FWD","FWD","FWD","FWD","FWD","FWD","FWD","FWD","FWD","FWD","FWD","FWD","FWD","FWD","FWD","FWD","FWD","FWD","FWD","FWD","FWD","FWD"
584,"FWD","FWD","FWD","FWD","FWD","FWD","FWD","FWD","FWD","FWD","FWD","FWD","FWD","FWD","FWD","FWD","FWD","FWD","FWD","FWD","FWD","FWD","FWD","FWD","FWD","FWD","FWD"
585,"FWD","FWD","FWD","FWD","FWD","FWD","FWD","FWD","FWD","FWD","FWD","FWD","FWD","FWD","FWD","FWD","FWD","FWD","FWD","FWD","FWD","FWD","FWD","FWD","FWD","FWD","FWD"
586,"FWD","FWD","FWD","FWD","FWD","FWD","FWD","FWD","FWD","FWD","FWD","FWD","FWD","FWD","FWD","FWD","FWD","FWD","FWD","FWD","FWD","FWD","FWD","FWD","FWD","FWD","FWD"
587,"FWD","FWD","FWD","FWD","FWD","FWD","FWD","FWD","FWD","FWD","FWD","FWD","FWD","FWD","FWD","FWD","FWD","FWD","FWD","FWD","FWD","FWD","FWD","FWD","FWD","FWD","FWD"
588,"FWD","FWD","FWD","FWD","FWD","FWD","FWD","FWD","FWD","FWD","FWD","FWD","FWD","FWD","FWD","FWD","FWD","FWD","FWD","FWD","FWD","FWD","FWD","FWD","FWD","FWD","FWD"
589,"FWD","FWD","FWD","FWD","FWD","FWD","FWD","FWD","FWD","FWD","FWD","FWD","FWD","FWD","FWD","FWD","FWD","FWD","FWD","FWD","FWD","FWD","FWD","FWD","FWD","FWD","FWD"
590,"FWD","FWD","FWD","FWD","FWD","FWD","FWD","FWD","FWD","FWD","FWD","FWD","FWD","FWD","FWD","FWD","FWD","FWD","FWD","FWD","FWD","FWD","FWD","FWD","FWD","FWD","FWD"
591,"FWD","FWD","FWD","FWD","FWD","FWD","FWD","FWD","FWD","FWD","FWD","FWD","FWD","FWD","FWD","FWD","FWD","FWD","FWD","FWD","FWD","FWD","FWD","FWD","FWD","FWD","FWD"
592,"FWD","FWD","FWD","FWD","FWD","FWD","FWD","FWD","FWD","FWD","FWD","FWD","FWD","FWD","FWD","FWD","FWD","FWD","FWD","FWD","FWD","FWD","FWD","FWD","FWD","FWD","FWD"
593,NA,NA,NA,NA,NA,NA,NA,NA,NA,NA,NA,NA,NA,NA,NA,NA,NA,NA,NA,NA,NA,NA,NA,NA,"FWD","FWD","FWD"
594,"FWD","FWD","FWD","FWD","FWD","FWD","FWD","FWD","FWD","FWD","FWD","FWD","FWD","FWD","FWD","FWD","FWD","FWD","FWD","FWD","FWD","FWD","FWD","FWD","FWD","FWD","FWD"
595,"FWD","FWD","FWD","FWD","FWD","FWD","FWD","FWD","FWD","FWD","FWD","FWD","FWD","FWD","FWD","FWD","FWD","FWD","FWD","FWD","FWD","FWD","FWD","FWD","FWD","FWD","FWD"
596,NA,NA,NA,NA,NA,NA,NA,NA,NA,NA,NA,NA,NA,NA,NA,NA,NA,NA,NA,NA,NA,NA,NA,NA,"FWD","FWD","FWD"
597,"FWD","FWD","FWD","FWD","FWD","FWD","FWD","FWD","FWD","FWD","FWD","FWD","FWD","FWD","FWD","FWD","FWD","FWD","FWD","FWD","FWD","FWD","FWD","FWD","FWD","FWD","FWD"
598,"FWD","FWD","FWD","FWD","FWD","FWD","FWD","FWD","FWD","FWD","FWD","FWD","FWD","FWD","FWD","FWD","FWD","FWD","FWD","FWD","FWD","FWD","FWD","FWD","FWD","FWD","FWD"
599,"FWD","FWD","FWD","FWD","FWD","FWD","FWD","FWD","FWD","FWD","FWD","FWD","FWD","FWD","FWD","FWD","FWD","FWD","FWD","FWD","FWD","FWD","FWD","FWD","FWD","FWD","FWD"
600,NA,NA,NA,NA,NA,NA,NA,NA,NA,NA,"FWD","FWD","FWD","FWD","FWD","FWD","FWD","FWD","FWD","FWD","FWD","FWD","FWD","FWD","FWD","FWD","FWD"
601,"FWD","FWD","FWD","FWD","FWD","FWD","FWD","FWD","FWD","FWD","FWD","FWD","FWD","FWD","FWD","FWD","FWD","FWD","FWD","FWD","FWD","FWD","FWD","FWD","FWD","FWD","FWD"
602,NA,NA,NA,"FWD","FWD","FWD","FWD","FWD","FWD","FWD","FWD","FWD","FWD","FWD","FWD","FWD","FWD","FWD","FWD","FWD","FWD","FWD","FWD","FWD","FWD","FWD","FWD"
603,"FWD","FWD","FWD","FWD","FWD","FWD","FWD","FWD","FWD","FWD","FWD","FWD","FWD","FWD","FWD","FWD","FWD","FWD","FWD","FWD","FWD","FWD","FWD","FWD","FWD","FWD","FWD"
604,"FWD","FWD","FWD","FWD","FWD","FWD","FWD","FWD","FWD","FWD","FWD","FWD","FWD","FWD","FWD","FWD","FWD","FWD","FWD","FWD","FWD","FWD","FWD","FWD","FWD","FWD","FWD"
605,"FWD","FWD","FWD","FWD","FWD","FWD","FWD","FWD","FWD","FWD","FWD","FWD","FWD","FWD","FWD","FWD","FWD","FWD","FWD","FWD","FWD","FWD","FWD","FWD","FWD","FWD","FWD"
606,"FWD","FWD","FWD","FWD","FWD","FWD","FWD","FWD","FWD","FWD","FWD","FWD","FWD","FWD","FWD","FWD","FWD","FWD","FWD","FWD","FWD","FWD","FWD","FWD","FWD","FWD","FWD"
607,"FWD","FWD","FWD","FWD","FWD","FWD","FWD","FWD","FWD","FWD","FWD","FWD","FWD","FWD","FWD","FWD","FWD","FWD","FWD","FWD","FWD","FWD","FWD","FWD","FWD","FWD","FWD"
608,"FWD","FWD","FWD","FWD","FWD","FWD","FWD","FWD","FWD","FWD","FWD","FWD","FWD","FWD","FWD","FWD","FWD","FWD","FWD","FWD","FWD","FWD","FWD","FWD","FWD","FWD","FWD"
609,NA,NA,NA,NA,NA,NA,NA,NA,NA,NA,NA,NA,NA,NA,NA,NA,NA,NA,NA,"FWD","FWD","FWD","FWD","FWD","FWD","FWD","FWD"
610,"FWD","FWD","FWD","FWD","FWD","FWD","FWD","FWD","FWD","FWD","FWD","FWD","FWD","FWD","FWD","FWD","FWD","FWD","FWD","FWD","FWD","FWD","FWD","FWD","FWD","FWD","FWD"
611,"FWD","FWD","FWD","FWD","FWD","FWD","FWD","FWD","FWD","FWD","FWD","FWD","FWD","FWD","FWD","FWD","FWD","FWD","FWD","FWD","FWD","FWD","FWD","FWD","FWD","FWD","FWD"
612,"FWD","FWD","FWD","FWD","FWD","FWD","FWD","FWD","FWD","FWD","FWD","FWD","FWD","FWD","FWD","FWD","FWD","FWD","FWD","FWD","FWD","FWD","FWD","FWD","FWD","FWD","FWD"
613,"FWD","FWD","FWD","FWD","FWD","FWD","FWD","FWD","FWD","FWD","FWD","FWD","FWD","FWD","FWD","FWD","FWD","FWD","FWD","FWD","FWD","FWD","FWD","FWD","FWD","FWD","FWD"
614,"FWD","FWD","FWD","FWD","FWD","FWD","FWD","FWD","FWD","FWD","FWD","FWD","FWD","FWD","FWD","FWD","FWD","FWD","FWD","FWD","FWD","FWD","FWD","FWD","FWD","FWD","FWD"
615,"FWD","FWD","FWD","FWD","FWD","FWD","FWD","FWD","FWD","FWD","FWD","FWD","FWD","FWD","FWD","FWD","FWD","FWD","FWD","FWD","FWD","FWD","FWD","FWD","FWD","FWD","FWD"
616,"FWD","FWD","FWD","FWD","FWD","FWD","FWD","FWD","FWD","FWD","FWD","FWD","FWD","FWD","FWD","FWD","FWD","FWD","FWD","FWD","FWD","FWD","FWD","FWD","FWD","FWD","FWD"
617,"FWD","FWD","FWD","FWD","FWD","FWD","FWD","FWD","FWD","FWD","FWD","FWD","FWD","FWD","FWD","FWD","FWD","FWD","FWD","FWD","FWD","FWD","FWD","FWD","FWD","FWD","FWD"
618,NA,NA,NA,NA,NA,NA,NA,NA,NA,NA,NA,NA,NA,NA,NA,NA,"FWD","FWD","FWD","FWD","FWD","FWD","FWD","FWD","FWD","FWD","FWD"
619,"FWD","FWD","FWD","FWD","FWD","FWD","FWD","FWD","FWD","FWD","FWD","FWD","FWD","FWD","FWD","FWD","FWD","FWD","FWD","FWD","FWD","FWD","FWD","FWD","FWD","FWD","FWD"
620,"FWD","FWD","FWD","FWD","FWD","FWD","FWD","FWD","FWD","FWD","FWD","FWD","FWD","FWD","FWD","FWD","FWD","FWD","FWD","FWD","FWD","FWD","FWD","FWD","FWD","FWD","FWD"
621,"FWD","FWD","FWD","FWD","FWD","FWD","FWD","FWD","FWD","FWD","FWD","FWD","FWD","FWD","FWD","FWD","FWD","FWD","FWD","FWD","FWD","FWD","FWD","FWD","FWD","FWD","FWD"
622,NA,NA,NA,NA,NA,NA,NA,NA,NA,NA,NA,NA,NA,NA,NA,NA,NA,NA,NA,NA,NA,NA,NA,NA,NA,NA,"FWD"
623,NA,NA,NA,NA,NA,NA,NA,NA,NA,NA,NA,NA,"FWD","FWD","FWD","FWD","FWD","FWD","FWD","FWD","FWD","FWD","FWD","FWD","FWD","FWD","FWD"
624,"FWD","FWD","FWD","FWD","FWD","FWD","FWD","FWD","FWD","FWD","FWD","FWD","FWD","FWD","FWD","FWD","FWD","FWD","FWD","FWD","FWD","FWD","FWD","FWD","FWD","FWD","FWD"
625,"FWD","FWD","FWD","FWD","FWD","FWD","FWD","FWD","FWD","FWD","FWD","FWD","FWD","FWD","FWD","FWD","FWD","FWD","FWD","FWD","FWD","FWD","FWD","FWD","FWD","FWD","FWD"
