"index","round_5","round_6","round_7","round_8","round_9","round_10","round_11","round_12","round_13","round_14","round_15","round_16","round_17","round_18","round_19","round_20","round_21","round_22","round_23","round_24","round_25","round_26","round_27","round_28","round_29","round_30","round_31","round_32","round_33","round_34","round_35","round_36","round_37","round_38"
1,1,6,6,2,7,1,2,3,2,2,3,1,2,6,7,2,7,4,2,2,7,0,2,0,2,0,0,0,3,7,4,16,9,4
2,NA,NA,NA,NA,NA,NA,NA,NA,NA,NA,NA,NA,NA,NA,NA,NA,NA,NA,NA,NA,NA,NA,NA,NA,NA,NA,0,0,0,0,0,0,0,0
3,NA,NA,NA,NA,NA,NA,NA,NA,NA,NA,NA,NA,NA,NA,NA,NA,NA,NA,NA,NA,NA,NA,NA,NA,NA,0,6,2,0,0,0,0,0,0
4,0,0,0,0,0,0,0,0,0,0,0,0,0,0,0,0,0,0,0,0,0,0,0,0,0,2,0,0,0,0,0,0,0,0
5,NA,NA,NA,NA,NA,NA,NA,NA,NA,NA,NA,NA,NA,NA,NA,NA,NA,NA,NA,NA,NA,NA,NA,NA,NA,NA,NA,NA,NA,NA,NA,NA,NA,NA
6,NA,NA,NA,NA,NA,NA,NA,NA,NA,NA,NA,NA,NA,NA,NA,NA,NA,NA,NA,NA,NA,NA,NA,NA,NA,NA,NA,NA,NA,NA,NA,NA,NA,NA
7,NA,NA,NA,NA,NA,NA,NA,NA,NA,NA,NA,NA,NA,NA,NA,NA,NA,NA,NA,NA,NA,NA,NA,NA,NA,NA,NA,NA,NA,NA,NA,NA,NA,NA
8,0,0,0,0,0,0,0,0,0,0,0,0,0,0,0,0,0,0,0,0,0,0,0,0,0,0,0,0,1,0,0,0,1,0
9,2,6,2,3,8,1,1,0,0,1,2,7,2,1,8,0,1,1,1,0,2,1,12,2,6,8,3,2,4,6,7,1,2,0
10,0,0,0,0,0,0,0,7,1,0,0,0,0,0,0,0,0,0,0,0,0,0,0,0,0,0,0,0,0,0,0,0,0,0
11,NA,NA,NA,NA,NA,NA,NA,NA,NA,NA,NA,NA,NA,NA,NA,NA,NA,NA,NA,NA,NA,NA,NA,NA,NA,NA,NA,NA,NA,NA,NA,NA,NA,0
12,2,7,2,5,4,11,2,0,0,0,1,12,3,9,2,1,10,3,9,2,2,2,0,1,10,2,6,7,2,2,7,1,2,1
13,NA,NA,NA,NA,NA,NA,NA,NA,NA,NA,NA,NA,NA,NA,NA,NA,NA,NA,NA,NA,NA,NA,NA,NA,NA,NA,NA,NA,NA,NA,NA,NA,NA,NA
14,NA,NA,NA,NA,NA,NA,NA,NA,NA,NA,NA,NA,NA,NA,NA,NA,NA,NA,NA,NA,NA,NA,NA,NA,NA,NA,NA,NA,NA,NA,NA,NA,NA,NA
15,0,0,0,0,0,0,0,0,0,0,0,0,0,0,0,0,0,0,0,0,0,0,0,0,0,0,0,0,0,0,0,0,0,0
16,0,0,0,0,0,0,0,0,2,1,0,0,0,0,0,0,0,0,0,0,0,0,2,0,0,0,0,0,0,0,0,0,0,0
17,0,0,0,0,0,0,0,0,0,0,0,0,0,0,0,0,0,0,6,2,7,0,13,0,3,1,6,0,0,1,2,6,5,6
18,2,1,7,6,7,6,6,6,3,3,6,7,6,7,1,1,6,7,2,3,3,2,2,0,2,1,4,2,0,1,7,6,6,2
19,NA,NA,NA,NA,NA,NA,NA,NA,NA,NA,NA,NA,NA,NA,NA,NA,NA,NA,NA,NA,NA,NA,NA,NA,NA,NA,NA,NA,0,0,0,0,0,0
20,0,0,0,0,0,0,0,1,0,7,2,2,3,2,2,1,1,4,7,1,2,9,6,0,7,5,2,7,1,5,1,2,6,1
21,NA,NA,NA,NA,NA,NA,NA,NA,NA,NA,NA,NA,NA,NA,NA,NA,NA,NA,NA,NA,NA,NA,NA,NA,NA,NA,NA,NA,NA,NA,NA,NA,NA,NA
22,0,0,0,0,0,0,0,0,0,0,0,0,0,0,0,0,0,0,0,0,0,0,0,0,0,0,0,0,0,0,0,0,0,0
23,4,1,6,2,2,1,4,7,2,3,1,3,8,3,0,0,0,0,0,0,0,3,2,0,10,5,3,3,1,2,3,9,6,1
24,0,0,0,0,0,7,0,0,0,0,0,0,1,12,1,7,8,6,4,1,7,6,2,6,6,1,1,1,3,0,0,0,6,3
25,-1,2,2,17,1,0,1,2,4,2,2,2,6,0,0,0,0,0,0,0,0,0,0,0,0,0,0,0,0,7,1,3,0,0
26,NA,NA,NA,NA,NA,NA,NA,NA,NA,NA,NA,NA,NA,NA,NA,NA,NA,NA,NA,NA,NA,NA,NA,NA,NA,NA,NA,NA,NA,NA,NA,NA,NA,NA
27,NA,NA,NA,NA,NA,NA,NA,NA,NA,NA,NA,NA,NA,NA,NA,NA,NA,NA,NA,NA,NA,NA,NA,NA,NA,NA,NA,NA,NA,NA,NA,NA,NA,NA
28,NA,NA,NA,NA,NA,NA,NA,NA,NA,NA,NA,NA,NA,NA,NA,NA,NA,NA,NA,NA,NA,NA,NA,NA,NA,NA,NA,NA,NA,NA,NA,NA,NA,NA
29,0,0,0,0,0,0,0,0,0,0,0,0,0,0,0,0,0,0,0,0,0,0,0,0,0,0,0,0,0,0,0,0,0,0
30,7,0,0,0,0,0,0,0,0,0,0,0,0,0,0,0,3,2,11,8,2,2,2,2,1,3,1,3,1,6,14,2,0,0
31,0,0,9,2,3,3,0,0,0,0,0,0,2,1,8,6,1,2,2,3,1,4,3,0,2,6,7,1,1,3,9,11,3,3
32,0,2,2,6,2,2,4,6,6,1,1,0,0,0,0,0,0,0,0,0,0,0,0,0,0,0,0,0,0,0,0,0,0,0
33,3,0,0,0,0,0,0,0,0,0,0,7,6,2,7,2,2,1,8,1,8,2,2,2,2,3,1,3,7,1,7,6,7,7
34,NA,NA,NA,NA,NA,NA,NA,NA,NA,NA,NA,NA,NA,NA,NA,NA,NA,NA,NA,NA,NA,NA,NA,NA,NA,NA,NA,NA,NA,NA,NA,NA,NA,NA
35,6,3,11,2,2,6,2,2,3,1,0,6,2,6,2,2,0,1,0,0,0,0,0,0,0,0,0,2,6,6,0,0,0,0
36,NA,NA,NA,NA,NA,NA,NA,NA,NA,NA,NA,NA,NA,NA,NA,NA,NA,NA,NA,NA,NA,NA,NA,NA,NA,NA,NA,NA,NA,NA,NA,NA,NA,NA
37,1,2,3,8,0,6,2,2,2,2,8,2,6,3,2,6,3,2,6,5,7,0,2,0,2,6,3,0,6,17,3,1,2,0
38,NA,NA,NA,NA,NA,NA,NA,NA,NA,NA,NA,NA,NA,NA,NA,NA,NA,NA,NA,NA,NA,NA,NA,NA,NA,NA,NA,NA,NA,NA,0,0,0,6
39,0,0,0,0,0,0,0,0,0,0,0,0,0,0,0,0,0,0,0,0,0,0,0,0,0,0,0,7,0,0,0,0,16,0
40,NA,NA,NA,NA,NA,NA,NA,NA,NA,NA,NA,NA,NA,NA,NA,NA,NA,NA,NA,NA,NA,NA,NA,NA,NA,NA,NA,NA,NA,NA,NA,NA,NA,NA
41,NA,NA,NA,NA,NA,NA,NA,NA,NA,NA,NA,NA,NA,NA,NA,NA,NA,NA,NA,NA,NA,NA,NA,NA,NA,NA,NA,NA,NA,NA,NA,NA,NA,NA
42,NA,NA,NA,NA,NA,NA,NA,NA,NA,NA,NA,NA,NA,NA,NA,NA,NA,NA,NA,NA,NA,NA,NA,NA,NA,NA,NA,NA,NA,NA,NA,NA,NA,NA
43,NA,NA,NA,NA,NA,NA,NA,NA,NA,NA,NA,NA,NA,NA,NA,NA,NA,NA,NA,NA,NA,NA,NA,NA,NA,NA,NA,NA,NA,NA,NA,NA,NA,NA
44,7,6,6,2,1,2,1,6,6,1,6,7,3,0,1,2,2,7,2,1,6,0,1,0,2,6,2,7,1,1,6,17,8,2
45,0,0,0,0,0,0,0,0,0,0,0,0,0,0,0,0,0,0,0,0,0,0,0,0,0,0,0,0,0,0,0,0,0,0
46,NA,NA,NA,NA,NA,0,0,0,0,0,0,0,0,0,0,0,0,0,0,0,0,0,0,0,0,0,0,0,0,0,0,0,0,0
47,0,0,0,0,0,0,0,0,0,0,0,0,0,0,0,0,0,0,0,0,0,0,0,0,0,0,0,0,0,2,7,1,0,10
48,0,2,5,6,6,3,2,2,7,8,2,10,3,0,1,6,2,3,4,3,7,1,13,0,2,3,2,1,2,0,0,0,0,0
49,0,0,0,0,0,0,0,0,0,0,0,0,0,0,0,0,0,0,0,0,0,0,0,0,0,0,0,0,0,0,0,0,0,0
50,3,1,2,2,6,1,1,4,0,2,6,1,1,1,2,2,1,2,2,2,6,1,1,2,2,6,2,3,4,9,3,6,8,0
51,NA,NA,NA,NA,NA,NA,NA,NA,NA,NA,NA,NA,NA,NA,NA,NA,NA,NA,NA,NA,NA,NA,NA,NA,NA,NA,NA,NA,NA,NA,NA,NA,NA,NA
52,0,0,0,0,0,0,0,0,0,0,0,0,0,0,0,0,0,0,0,0,0,0,0,0,0,0,0,0,0,0,0,0,0,3
53,0,0,0,0,0,0,0,0,0,0,0,0,0,0,0,0,0,0,0,0,0,0,0,0,0,0,0,0,0,0,0,0,0,0
54,6,2,9,3,6,2,2,1,2,6,3,8,2,2,2,6,6,2,0,6,3,8,1,0,2,8,0,6,6,6,8,3,5,3
55,0,0,0,0,0,0,0,0,0,0,0,0,0,0,0,0,0,0,6,0,0,0,0,0,0,0,2,0,0,0,0,0,0,0
56,NA,NA,NA,NA,NA,NA,NA,NA,NA,NA,NA,NA,NA,NA,NA,NA,NA,NA,NA,NA,NA,NA,NA,NA,NA,NA,NA,NA,NA,NA,NA,NA,NA,NA
57,NA,NA,NA,NA,NA,NA,NA,NA,NA,NA,NA,NA,NA,NA,NA,NA,NA,NA,NA,NA,NA,NA,NA,NA,NA,NA,NA,NA,NA,NA,NA,NA,NA,NA
58,2,1,1,8,9,6,1,2,0,1,1,2,3,8,0,2,6,2,3,3,4,2,2,0,2,7,6,0,9,1,4,2,4,1
59,NA,NA,NA,NA,NA,NA,NA,NA,NA,NA,NA,NA,NA,NA,NA,NA,NA,NA,NA,NA,NA,NA,NA,NA,NA,NA,NA,NA,NA,NA,NA,NA,NA,NA
60,0,0,0,0,0,0,1,0,0,0,0,0,0,0,0,0,1,0,0,0,0,0,0,0,0,0,0,0,0,0,0,0,0,0
61,2,2,2,4,2,1,2,6,3,3,2,3,2,5,2,3,2,7,3,5,1,3,1,1,2,7,1,2,2,0,2,2,6,1
62,0,0,0,0,0,0,0,0,0,0,0,0,0,0,0,0,0,0,0,0,0,0,0,0,0,0,0,0,0,0,0,0,0,0
63,NA,NA,NA,NA,NA,NA,NA,0,0,0,0,0,0,0,0,0,0,0,0,0,0,0,0,0,0,0,0,0,0,0,0,0,0,0
64,0,3,2,8,6,2,2,0,0,0,0,0,0,0,0,0,0,0,0,0,0,0,0,0,0,0,0,0,0,6,7,10,2,2
65,0,0,0,0,0,0,0,0,0,0,0,0,0,0,0,0,0,0,0,0,0,0,0,0,0,0,0,0,0,0,0,0,0,0
66,0,0,0,0,0,0,0,2,4,1,1,8,8,4,3,2,6,2,0,4,1,2,1,10,1,1,2,5,1,0,0,0,0,0
67,NA,NA,NA,NA,NA,NA,NA,NA,NA,NA,NA,NA,NA,NA,NA,NA,NA,NA,NA,NA,NA,NA,NA,NA,NA,NA,NA,NA,NA,NA,NA,NA,NA,NA
68,2,11,6,4,7,2,2,0,0,0,6,1,1,7,8,0,0,1,0,1,6,0,1,0,1,1,5,1,1,7,1,1,14,8
69,0,1,2,2,0,5,2,1,0,7,2,1,6,2,0,8,7,5,0,2,7,0,0,0,0,0,0,0,0,6,8,1,1,1
70,0,0,0,0,0,0,0,0,1,0,0,0,0,0,0,0,0,0,0,0,0,0,0,0,0,0,0,0,0,0,0,0,0,0
71,0,0,0,0,0,0,0,0,1,2,2,1,0,6,6,1,6,2,0,1,0,0,0,0,0,1,8,1,1,6,0,0,0,0
72,0,0,0,0,0,0,0,0,0,0,0,0,0,0,0,0,0,0,0,0,0,0,0,0,0,0,0,0,2,0,0,15,7,1
73,0,0,0,0,0,0,0,2,0,0,0,0,0,0,0,0,0,0,0,0,0,0,0,0,0,0,0,0,0,0,0,0,0,0
74,NA,NA,NA,NA,NA,NA,NA,NA,NA,NA,NA,NA,NA,NA,NA,NA,NA,NA,NA,NA,NA,NA,NA,NA,NA,NA,NA,NA,NA,NA,NA,NA,NA,NA
75,2,6,15,1,8,2,1,2,2,1,2,0,1,9,6,1,9,8,1,1,8,0,1,0,1,0,0,0,2,6,1,5,2,-2
76,NA,NA,NA,NA,NA,NA,NA,NA,NA,NA,NA,NA,NA,NA,NA,NA,NA,NA,NA,NA,NA,NA,NA,NA,NA,NA,NA,NA,NA,NA,NA,NA,NA,NA
77,0,0,0,0,0,0,0,0,0,0,0,0,0,0,0,0,0,0,0,0,0,0,0,0,0,0,0,0,0,0,0,0,0,1
78,2,6,7,1,6,0,2,2,5,2,2,1,1,1,5,1,6,2,0,6,0,0,1,0,1,1,6,1,2,12,0,12,7,2
79,2,6,8,1,5,2,2,2,1,4,1,0,0,0,0,0,6,7,1,0,7,0,1,0,1,12,5,0,0,0,0,8,6,0
80,NA,NA,NA,NA,NA,NA,NA,NA,NA,NA,NA,NA,NA,NA,NA,NA,NA,NA,NA,NA,NA,NA,NA,NA,NA,NA,NA,NA,NA,NA,NA,NA,NA,NA
81,NA,NA,NA,NA,NA,NA,NA,NA,NA,NA,NA,NA,NA,NA,NA,NA,NA,NA,NA,NA,NA,NA,NA,NA,NA,NA,NA,NA,NA,NA,NA,NA,NA,NA
82,NA,NA,NA,NA,NA,NA,NA,NA,NA,NA,NA,NA,NA,NA,NA,NA,NA,NA,NA,NA,NA,NA,NA,NA,NA,NA,NA,NA,NA,NA,NA,NA,NA,NA
83,NA,NA,NA,NA,NA,NA,NA,NA,NA,NA,NA,NA,NA,NA,NA,NA,NA,NA,NA,NA,NA,NA,NA,NA,NA,NA,NA,NA,NA,NA,NA,NA,NA,NA
84,NA,NA,NA,NA,NA,NA,NA,NA,NA,NA,NA,NA,NA,NA,NA,NA,NA,NA,NA,NA,NA,NA,NA,NA,NA,NA,NA,NA,NA,NA,NA,NA,NA,NA
85,NA,NA,NA,NA,NA,NA,NA,NA,NA,NA,NA,NA,NA,NA,NA,NA,NA,NA,NA,NA,NA,NA,NA,NA,NA,NA,NA,NA,NA,NA,NA,NA,NA,NA
86,NA,NA,NA,NA,NA,NA,NA,NA,NA,NA,NA,NA,NA,NA,NA,NA,NA,NA,NA,NA,NA,NA,NA,NA,NA,NA,NA,NA,NA,NA,NA,NA,NA,NA
87,NA,NA,NA,NA,NA,NA,NA,NA,NA,NA,NA,NA,NA,NA,NA,NA,NA,NA,NA,NA,NA,NA,NA,NA,NA,NA,NA,NA,NA,NA,NA,NA,NA,NA
88,NA,NA,NA,NA,NA,NA,NA,NA,NA,NA,NA,NA,NA,NA,NA,NA,NA,NA,NA,NA,NA,NA,NA,NA,NA,NA,NA,NA,NA,NA,NA,NA,NA,NA
89,-1,6,0,5,6,0,3,0,1,1,1,6,1,1,1,0,0,6,1,0,1,1,2,1,7,7,1,-1,0,6,8,7,2,2
90,0,0,0,0,0,0,0,15,1,7,1,8,8,0,8,1,0,0,0,0,0,0,0,0,0,0,0,0,0,0,1,0,3,0
91,NA,NA,NA,NA,NA,NA,NA,NA,NA,NA,NA,NA,NA,NA,NA,NA,NA,NA,NA,NA,NA,NA,NA,NA,NA,NA,NA,NA,NA,NA,NA,NA,NA,NA
92,0,5,1,13,6,1,1,7,0,0,10,6,1,1,12,11,1,1,0,0,1,1,2,1,6,6,1,1,0,14,6,1,2,2
93,0,6,0,2,9,1,1,6,0,0,6,6,1,1,6,-2,0,0,1,0,1,0,0,1,6,6,1,1,0,6,8,1,2,1
94,0,0,0,0,0,0,0,0,0,0,0,1,0,0,0,0,-1,1,0,-1,-1,3,2,0,0,0,0,0,0,0,0,0,0,0
95,NA,NA,NA,NA,NA,NA,NA,NA,NA,NA,NA,NA,NA,NA,NA,NA,NA,NA,NA,NA,NA,NA,NA,NA,NA,NA,NA,NA,NA,NA,NA,NA,NA,NA
96,0,8,1,9,8,1,1,8,0,7,1,7,1,-1,7,0,1,0,1,-1,1,3,2,0,7,9,2,1,0,6,6,1,2,2
97,0,0,1,6,5,2,2,1,0,0,0,0,0,0,0,0,0,0,1,2,1,0,5,0,-2,0,0,0,0,0,0,0,0,0
98,NA,NA,NA,NA,0,0,0,0,0,0,0,0,0,0,0,0,0,0,0,0,0,0,0,0,0,0,0,0,0,0,0,1,1,1
99,0,6,2,1,2,6,1,0,0,0,4,2,0,0,2,1,8,0,5,1,1,2,1,5,6,1,6,6,1,0,6,1,1,1
100,-1,6,2,4,2,6,1,0,1,1,4,1,1,6,2,7,7,1,6,1,2,2,0,0,7,1,8,7,-1,0,0,0,0,0
101,0,0,0,0,1,0,1,0,1,1,1,0,0,0,1,0,1,1,1,0,0,1,1,0,0,0,1,1,0,1,6,1,1,1
102,NA,NA,NA,NA,NA,NA,NA,NA,NA,NA,NA,NA,NA,NA,NA,NA,NA,NA,NA,NA,NA,NA,NA,NA,NA,NA,NA,NA,NA,NA,NA,NA,NA,NA
103,1,6,2,1,2,1,0,0,1,1,7,2,1,5,2,1,6,1,6,1,2,2,0,1,6,1,5,8,1,1,4,1,1,1
104,0,1,6,6,8,6,13,6,2,6,6,7,6,6,3,1,21,6,2,8,2,2,2,0,6,1,2,8,0,4,6,14,8,2
105,1,1,7,6,7,8,6,5,2,2,9,8,12,6,1,1,6,7,2,2,2,2,2,0,2,1,5,3,1,1,5,10,20,2
106,1,1,6,6,14,6,6,8,2,0,7,7,8,7,7,0,6,15,2,2,2,2,2,0,8,0,2,2,0,7,14,6,6,6
107,NA,NA,NA,NA,NA,NA,NA,NA,NA,NA,NA,NA,NA,NA,NA,NA,NA,NA,NA,NA,NA,NA,NA,NA,NA,NA,NA,NA,NA,NA,NA,NA,NA,NA
108,1,1,6,6,5,6,6,5,1,2,6,6,7,6,1,1,7,6,10,2,1,1,2,0,7,0,2,2,1,1,8,6,8,2
109,NA,NA,NA,NA,NA,NA,NA,NA,NA,NA,NA,NA,NA,NA,NA,NA,NA,NA,NA,NA,NA,NA,NA,NA,NA,NA,NA,NA,NA,NA,NA,NA,NA,NA
110,1,0,2,10,3,6,3,3,9,2,3,2,3,3,1,2,3,8,2,3,5,2,3,0,2,0,0,1,1,2,3,3,3,2
111,NA,NA,NA,NA,NA,NA,NA,NA,NA,NA,NA,NA,NA,NA,NA,NA,NA,NA,NA,NA,NA,NA,NA,NA,NA,NA,NA,NA,NA,NA,NA,NA,NA,NA
112,NA,NA,NA,NA,NA,NA,NA,NA,NA,NA,NA,NA,NA,NA,NA,NA,NA,NA,NA,NA,NA,NA,NA,NA,NA,NA,NA,NA,NA,NA,NA,NA,NA,NA
113,NA,NA,NA,NA,NA,NA,NA,NA,NA,NA,NA,NA,NA,NA,NA,NA,NA,NA,NA,NA,NA,NA,NA,NA,NA,NA,NA,NA,NA,NA,NA,NA,NA,NA
114,NA,NA,NA,NA,NA,NA,NA,NA,NA,NA,NA,NA,NA,NA,NA,NA,NA,NA,NA,NA,NA,NA,NA,NA,NA,NA,NA,NA,NA,NA,NA,NA,NA,NA
115,8,0,0,0,0,0,1,1,3,6,0,1,2,2,1,0,1,2,15,0,0,1,1,0,1,1,0,0,0,0,0,0,0,0
116,1,1,2,2,1,0,0,0,0,7,1,3,1,1,0,1,1,2,10,-1,1,0,0,0,1,1,0,1,0,2,1,-1,1,0
117,0,0,0,0,0,0,1,0,0,0,0,0,0,0,0,0,0,0,0,0,0,0,0,0,0,0,0,0,1,1,0,0,0,6
118,NA,NA,NA,NA,NA,NA,NA,NA,NA,NA,NA,NA,NA,NA,NA,NA,NA,NA,NA,NA,NA,NA,NA,NA,NA,NA,NA,NA,NA,NA,NA,NA,NA,NA
119,5,1,2,1,1,0,0,1,0,1,1,0,2,2,1,3,0,0,0,0,0,0,0,0,0,1,1,6,1,4,1,0,6,1
120,NA,NA,NA,NA,NA,NA,NA,NA,NA,NA,NA,NA,NA,NA,NA,NA,NA,NA,NA,NA,NA,NA,NA,NA,NA,NA,NA,NA,NA,NA,NA,NA,NA,NA
121,0,0,0,0,0,0,0,0,0,0,0,0,0,0,0,0,0,0,0,0,0,6,9,0,9,2,1,6,1,1,0,0,0,0
122,0,1,0,1,0,1,0,1,0,0,0,0,0,0,0,0,1,2,0,0,1,1,1,0,7,2,1,6,4,4,0,0,12,1
123,0,0,0,0,0,0,0,0,0,0,0,0,0,0,0,0,0,0,0,0,0,0,0,0,0,0,0,0,0,0,0,0,0,0
124,7,1,1,2,1,0,0,1,6,13,0,0,0,0,0,0,1,2,6,0,2,7,6,0,8,1,0,0,0,2,0,0,6,1
125,0,1,7,1,2,0,2,10,1,1,1,2,15,1,0,1,0,1,6,0,2,15,6,0,0,0,0,0,1,1,1,0,6,1
126,2,1,8,2,1,0,1,1,0,6,1,1,1,2,1,1,0,2,5,-1,2,5,9,0,7,2,1,6,1,3,1,0,6,1
127,2,0,0,0,0,0,0,1,2,11,0,7,2,6,7,15,6,6,2,1,6,6,1,1,6,1,2,0,6,6,1,2,7,3
128,10,4,2,1,0,6,0,9,2,2,1,8,1,6,1,6,12,15,5,4,7,12,1,6,6,0,0,0,0,0,0,0,0,0
129,0,0,1,1,0,7,0,0,0,2,1,1,2,6,1,6,6,8,2,4,6,7,1,1,1,0,0,0,0,0,0,0,0,0
130,0,0,0,0,0,0,0,0,0,1,0,0,0,6,0,0,5,5,1,1,0,0,0,0,0,1,2,1,2,8,1,2,1,1
131,2,2,6,2,1,1,-1,1,2,0,0,-1,0,0,0,0,0,1,0,0,0,0,0,6,7,1,11,12,11,7,1,2,12,0
132,1,14,2,1,2,6,1,0,1,1,1,2,1,6,2,0,6,1,12,1,2,8,1,1,6,0,9,5,1,1,8,0,0,0
133,NA,NA,NA,NA,NA,NA,NA,NA,NA,NA,NA,NA,0,0,0,0,0,0,0,0,0,0,0,0,0,0,0,0,0,0,0,1,0,0
134,0,0,0,0,0,0,0,0,0,0,0,0,0,0,0,0,0,0,0,0,0,0,0,0,0,0,0,0,0,0,0,0,0,0
135,1,1,6,2,2,1,0,0,0,0,8,9,0,0,1,0,0,0,0,0,0,0,0,0,0,0,0,0,0,0,0,0,0,0
136,0,0,0,0,0,0,0,0,0,0,0,0,0,0,0,0,0,0,0,0,0,0,0,0,0,7,1,1,0,0,0,0,0,0
137,2,2,2,1,1,7,0,2,1,2,1,11,2,7,1,6,6,7,2,1,6,6,0,6,5,4,2,0,7,5,1,2,6,0
138,NA,NA,NA,NA,NA,NA,NA,NA,NA,NA,NA,NA,NA,NA,NA,NA,NA,NA,NA,NA,NA,NA,NA,NA,NA,NA,NA,NA,NA,NA,NA,NA,NA,NA
139,NA,NA,NA,NA,NA,NA,NA,NA,NA,NA,NA,NA,NA,NA,NA,NA,NA,NA,NA,NA,NA,NA,NA,NA,NA,NA,NA,NA,NA,NA,NA,NA,NA,NA
140,NA,NA,NA,NA,NA,NA,NA,NA,NA,NA,NA,NA,NA,NA,NA,NA,NA,NA,NA,NA,NA,NA,NA,NA,NA,NA,NA,NA,NA,NA,NA,NA,NA,NA
141,NA,NA,NA,NA,NA,NA,NA,NA,NA,NA,NA,NA,NA,NA,NA,NA,NA,NA,NA,NA,NA,NA,NA,NA,NA,NA,NA,NA,NA,NA,NA,NA,NA,NA
142,NA,NA,NA,NA,NA,NA,NA,NA,NA,NA,NA,NA,NA,NA,NA,NA,NA,NA,NA,NA,NA,NA,NA,NA,NA,NA,NA,NA,NA,NA,NA,NA,NA,NA
143,NA,NA,NA,NA,NA,NA,NA,NA,NA,NA,NA,NA,NA,NA,NA,NA,NA,NA,NA,NA,NA,NA,NA,NA,NA,NA,NA,NA,NA,NA,NA,NA,NA,NA
144,NA,NA,NA,NA,NA,NA,NA,NA,NA,NA,NA,NA,NA,NA,NA,NA,NA,NA,NA,NA,NA,NA,NA,NA,NA,NA,NA,NA,NA,NA,NA,NA,NA,NA
145,NA,NA,NA,NA,NA,NA,NA,NA,NA,NA,NA,NA,NA,NA,NA,NA,NA,NA,NA,NA,NA,NA,NA,NA,NA,NA,NA,NA,NA,NA,NA,NA,NA,NA
146,NA,NA,NA,NA,NA,NA,NA,NA,NA,NA,NA,NA,NA,NA,NA,NA,NA,NA,NA,NA,NA,NA,NA,NA,NA,NA,NA,NA,NA,NA,NA,NA,NA,NA
147,NA,NA,NA,NA,NA,NA,NA,NA,NA,NA,NA,NA,NA,NA,NA,NA,NA,NA,NA,NA,NA,NA,NA,NA,NA,NA,NA,NA,NA,NA,NA,NA,NA,NA
148,NA,NA,NA,NA,NA,NA,NA,NA,NA,NA,NA,NA,NA,NA,NA,NA,NA,NA,NA,NA,NA,NA,NA,NA,NA,NA,NA,NA,NA,NA,NA,NA,NA,NA
149,0,0,0,0,0,0,0,0,0,0,0,0,0,0,0,0,0,0,0,0,0,0,0,0,1,6,6,0,1,1,5,6,1,0
150,0,0,0,0,0,0,0,0,0,0,0,0,0,1,6,0,1,0,0,0,0,1,0,0,1,1,0,0,1,0,0,0,6,1
151,NA,NA,NA,NA,NA,NA,NA,NA,NA,NA,NA,NA,NA,NA,NA,NA,NA,NA,NA,NA,NA,NA,NA,NA,NA,NA,NA,NA,NA,NA,NA,NA,NA,NA
152,12,0,6,1,8,2,1,0,0,0,1,2,4,0,1,6,0,1,2,0,0,5,9,0,1,5,7,0,4,1,8,8,-1,2
153,6,-1,6,0,2,2,1,1,1,-1,1,2,0,0,5,6,0,1,2,1,0,2,5,0,7,6,6,-1,8,-1,6,6,0,0
154,0,3,0,-1,1,2,2,0,0,0,4,0,1,1,3,1,2,1,6,5,1,4,1,2,0,2,7,0,7,9,5,1,0,0
155,6,0,6,1,2,2,1,1,4,1,1,1,1,0,6,6,1,0,2,1,1,2,2,0,0,0,0,0,0,0,0,0,0,0
156,7,-1,6,0,2,1,1,1,4,1,0,0,0,0,5,6,1,1,2,1,1,2,2,0,1,15,6,0,0,1,6,6,-1,1
157,0,0,0,0,0,0,0,0,0,0,0,1,0,0,0,0,2,0,0,0,1,0,1,0,0,1,0,1,0,1,0,0,0,0
158,2,2,2,9,2,1,2,9,7,0,1,10,7,2,6,1,0,1,2,1,6,1,2,2,2,2,1,5,6,1,6,6,7,6
159,0,0,0,0,1,0,1,0,0,1,0,0,0,5,0,0,0,0,0,0,0,0,0,0,0,0,0,0,0,0,1,0,0,0
160,0,0,0,0,0,0,0,0,0,0,0,0,0,0,0,0,0,0,0,0,0,0,0,0,0,0,0,0,0,0,0,0,0,0
161,0,2,0,0,0,1,0,0,0,0,1,6,9,2,5,1,2,0,0,0,1,0,2,2,3,1,1,1,0,0,1,0,0,0
162,9,0,2,7,2,7,0,6,5,0,0,6,5,2,8,4,1,1,2,0,0,0,0,0,0,2,1,2,7,1,6,6,6,6
163,2,2,2,7,2,7,2,6,6,0,1,0,0,0,0,0,0,1,2,1,5,1,2,2,1,2,1,2,8,1,8,8,6,6
164,2,14,10,3,2,0,2,3,9,2,2,3,3,5,3,0,10,6,4,1,2,2,2,2,9,2,2,2,3,2,3,1,3,3
165,0,0,0,1,0,5,0,0,0,0,0,0,0,1,0,1,0,0,0,1,0,1,0,0,0,0,0,0,1,1,0,0,0,1
166,0,0,0,0,0,0,0,0,1,2,1,1,2,1,1,0,6,0,6,6,1,2,1,2,0,10,4,1,1,5,6,1,-1,0
167,7,5,9,2,2,1,1,7,7,1,9,9,2,8,-2,0,2,1,0,0,0,0,0,0,0,0,0,0,0,0,0,0,0,0
168,NA,NA,NA,NA,NA,NA,NA,NA,NA,NA,0,NA,NA,NA,NA,NA,NA,NA,NA,NA,NA,NA,NA,NA,NA,NA,NA,NA,NA,NA,NA,NA,NA,NA
169,NA,NA,NA,NA,NA,NA,NA,NA,NA,NA,NA,NA,NA,NA,NA,NA,NA,NA,NA,NA,NA,NA,NA,NA,NA,NA,NA,NA,NA,NA,NA,NA,NA,NA
170,6,1,-1,0,1,5,2,2,2,1,11,6,2,6,2,1,0,1,6,2,6,0,15,0,0,0,0,2,0,7,1,0,2,0
171,0,0,0,1,1,0,0,1,0,0,0,0,0,0,0,0,0,0,0,0,0,0,0,0,0,0,0,0,14,9,0,11,7,13
172,NA,NA,NA,NA,NA,NA,NA,NA,NA,NA,NA,NA,NA,NA,NA,NA,NA,NA,NA,NA,NA,NA,NA,NA,NA,NA,NA,NA,NA,NA,NA,NA,NA,NA
173,NA,NA,NA,NA,NA,NA,NA,NA,NA,NA,NA,NA,NA,NA,NA,NA,NA,NA,NA,NA,NA,NA,NA,NA,NA,NA,NA,NA,NA,NA,NA,NA,NA,NA
174,0,2,0,2,0,6,0,1,6,0,0,6,2,8,1,3,-1,0,7,0,1,0,6,0,2,1,0,0,6,6,0,14,4,6
175,1,2,1,2,2,7,2,0,0,1,0,0,0,1,2,1,0,1,6,3,8,0,6,0,2,1,1,2,0,0,0,0,1,0
176,8,1,6,2,6,3,2,0,1,7,1,11,6,1,0,6,11,6,6,8,1,6,1,0,1,0,2,0,6,5,1,1,1,0
177,1,2,5,7,-1,0,0,0,0,0,1,1,0,0,2,0,0,0,0,6,8,0,0,0,2,8,4,6,6,12,6,0,6,7
178,0,10,4,6,0,8,0,1,0,0,0,2,0,7,6,0,0,2,8,1,6,0,0,0,0,0,1,1,0,14,2,0,1,0
179,0,0,0,0,0,7,2,5,2,2,6,1,8,0,0,0,2,0,0,0,0,0,0,0,1,0,0,6,7,12,1,1,7,0
180,0,0,0,0,0,0,2,2,2,2,8,2,6,2,0,6,2,4,1,0,0,0,2,0,1,0,0,0,0,0,0,1,6,6
181,NA,NA,NA,NA,NA,NA,NA,NA,NA,NA,NA,NA,NA,NA,NA,NA,NA,NA,NA,NA,NA,NA,NA,NA,NA,NA,NA,NA,NA,NA,NA,NA,NA,NA
182,0,0,0,0,0,6,2,3,2,1,7,1,6,2,1,7,2,0,8,1,0,0,8,0,1,5,2,7,5,0,0,0,0,0
183,1,0,0,1,0,6,0,0,0,0,0,0,0,0,0,0,0,0,0,0,0,0,2,0,0,0,4,10,0,0,1,0,0,0
184,1,8,2,6,0,0,0,0,0,0,0,0,1,0,2,1,0,2,1,10,6,0,0,0,2,0,0,0,0,0,0,1,7,0
185,NA,NA,NA,NA,NA,NA,NA,NA,NA,NA,NA,NA,NA,NA,NA,NA,NA,NA,NA,NA,NA,NA,NA,NA,NA,0,0,0,0,0,0,1,7,6
186,2,2,1,7,0,0,0,2,1,2,5,0,6,2,2,5,5,2,6,11,5,0,6,0,8,8,0,0,6,6,2,0,0,0
187,NA,NA,NA,NA,NA,NA,NA,NA,NA,NA,NA,NA,NA,NA,NA,NA,NA,NA,NA,NA,NA,NA,NA,NA,NA,NA,NA,NA,NA,NA,NA,NA,NA,NA
188,NA,NA,NA,NA,NA,NA,NA,NA,NA,NA,NA,NA,NA,NA,NA,NA,NA,NA,NA,NA,NA,NA,NA,NA,NA,NA,NA,NA,NA,NA,NA,NA,NA,NA
189,NA,NA,NA,NA,NA,NA,NA,NA,NA,NA,NA,NA,NA,NA,NA,NA,NA,NA,NA,NA,NA,NA,NA,NA,NA,NA,NA,NA,NA,NA,NA,NA,NA,NA
190,NA,NA,NA,NA,NA,NA,NA,NA,NA,NA,NA,NA,NA,NA,NA,NA,NA,NA,NA,NA,NA,NA,NA,NA,NA,NA,NA,NA,NA,NA,NA,NA,NA,NA
191,NA,NA,NA,NA,NA,NA,NA,NA,NA,NA,NA,NA,NA,NA,NA,NA,NA,NA,NA,NA,NA,NA,NA,NA,NA,NA,NA,NA,NA,NA,NA,NA,NA,NA
192,NA,NA,NA,NA,NA,NA,NA,NA,NA,NA,NA,NA,NA,NA,NA,NA,NA,NA,NA,NA,NA,NA,NA,NA,NA,NA,NA,NA,NA,NA,NA,NA,NA,NA
193,NA,NA,NA,NA,NA,NA,NA,NA,NA,NA,NA,NA,NA,NA,NA,NA,NA,NA,NA,NA,NA,NA,NA,NA,NA,NA,NA,NA,NA,NA,NA,NA,NA,NA
194,1,1,2,1,2,0,0,0,0,1,1,0,0,0,0,1,0,0,5,0,0,1,0,0,0,0,0,0,1,2,2,6,2,6
195,NA,NA,NA,NA,NA,NA,NA,NA,NA,NA,NA,NA,NA,NA,NA,NA,NA,NA,NA,NA,NA,NA,NA,NA,NA,NA,NA,NA,NA,NA,NA,NA,NA,NA
196,0,0,0,0,0,0,0,0,0,0,0,0,0,0,0,0,0,0,0,0,0,0,0,0,0,0,0,0,0,0,0,0,0,0
197,NA,NA,NA,NA,NA,NA,NA,NA,NA,NA,NA,NA,NA,NA,NA,NA,NA,NA,NA,NA,NA,NA,NA,NA,NA,NA,NA,NA,NA,NA,NA,NA,NA,NA
198,7,11,6,0,0,1,0,6,6,1,0,6,8,0,0,0,2,7,6,1,14,0,1,0,4,6,0,6,1,6,7,6,2,2
199,9,8,1,0,0,0,0,5,8,1,0,0,2,0,0,1,2,12,1,1,7,0,0,0,1,6,4,5,0,3,6,6,5,2
200,NA,NA,NA,NA,NA,NA,NA,NA,NA,NA,NA,NA,NA,NA,NA,NA,NA,NA,NA,NA,NA,NA,NA,NA,NA,NA,NA,NA,NA,NA,NA,NA,NA,NA
201,NA,NA,NA,5,2,1,0,0,1,1,3,1,0,0,2,2,0,0,1,0,0,0,0,0,0,1,2,1,0,0,0,0,0,0
202,0,0,0,0,0,0,0,0,0,0,0,0,0,0,0,0,0,0,0,0,0,0,0,0,0,0,0,0,0,0,0,0,3,1
203,0,0,0,0,0,0,0,0,0,0,0,0,0,0,0,1,0,1,1,1,6,0,1,0,1,8,5,9,1,0,8,8,8,1
204,0,0,0,1,0,0,0,0,0,0,0,0,0,0,0,0,0,0,0,0,0,0,0,0,0,0,0,0,0,0,0,0,6,0
205,0,0,0,0,0,0,3,0,0,0,0,0,2,0,1,1,1,6,1,1,6,0,1,0,1,7,11,9,1,0,6,7,9,2
206,NA,NA,NA,NA,NA,NA,NA,NA,NA,NA,NA,NA,NA,NA,NA,NA,NA,NA,NA,NA,NA,NA,NA,NA,NA,NA,NA,NA,NA,NA,NA,NA,NA,NA
207,0,3,2,6,7,0,0,0,0,0,0,0,0,0,0,0,0,0,0,0,0,1,12,0,0,0,2,1,2,1,6,1,0,12
208,NA,NA,NA,NA,NA,NA,NA,NA,NA,NA,NA,NA,NA,NA,NA,NA,NA,NA,0,0,0,0,0,0,0,0,0,0,0,0,0,0,0,0
209,0,2,2,0,0,0,0,1,8,7,1,6,0,0,0,6,2,2,0,0,1,0,6,0,0,1,0,1,2,1,6,1,0,0
210,0,2,2,8,6,2,2,2,9,6,1,6,1,0,6,6,2,2,2,1,9,0,12,0,0,1,1,1,2,0,7,1,0,6
211,0,0,0,1,0,0,0,0,6,14,1,1,0,0,0,0,0,0,0,0,0,0,0,0,0,0,2,0,2,0,5,1,0,1
212,0,2,2,8,6,1,2,2,6,6,1,6,0,3,0,7,2,4,4,2,8,0,14,0,0,1,2,1,2,1,0,1,0,6
213,0,1,2,6,11,2,2,2,0,0,0,6,1,0,0,15,2,2,0,2,6,0,11,0,1,0,2,1,2,1,6,-1,0,6
214,NA,NA,NA,NA,NA,NA,NA,NA,NA,NA,NA,NA,NA,NA,NA,NA,NA,NA,NA,NA,NA,NA,NA,NA,NA,NA,NA,NA,NA,NA,NA,NA,NA,NA
215,NA,NA,NA,NA,NA,NA,NA,NA,NA,NA,NA,NA,NA,NA,NA,NA,NA,NA,NA,NA,NA,NA,NA,NA,NA,NA,NA,NA,NA,NA,NA,NA,NA,NA
216,0,0,0,0,0,0,0,1,2,0,0,0,0,0,0,0,0,0,6,0,0,0,0,0,0,0,0,0,0,0,0,0,0,0
217,0,0,0,0,0,0,-1,0,1,0,0,0,0,0,2,0,0,0,0,0,0,0,0,0,0,0,0,0,0,0,0,0,0,0
218,0,0,0,0,0,0,0,0,0,0,0,0,0,0,0,0,0,0,0,1,0,1,1,0,1,0,1,1,1,0,0,0,8,0
219,NA,NA,NA,NA,NA,NA,NA,NA,NA,NA,NA,NA,NA,NA,NA,NA,NA,NA,NA,NA,NA,NA,NA,NA,NA,NA,NA,NA,NA,NA,NA,NA,NA,NA
220,2,0,0,1,0,0,0,2,0,0,0,0,0,0,0,2,0,1,1,1,10,1,1,1,1,6,1,1,2,6,1,9,6,1
221,1,0,0,0,6,0,1,0,0,0,0,0,0,0,0,0,0,0,0,0,0,0,0,0,1,0,0,0,0,6,2,0,0,1
222,0,0,0,0,7,-1,1,0,0,0,6,1,1,0,1,11,0,1,8,1,15,1,1,8,-1,5,1,2,2,6,2,7,6,2
223,1,1,1,1,9,1,0,1,-1,0,0,0,0,0,1,2,-2,1,2,1,6,0,1,0,0,7,6,2,2,5,2,6,15,2
224,NA,NA,NA,NA,NA,NA,NA,NA,NA,NA,NA,NA,NA,NA,NA,NA,0,1,2,1,14,0,7,0,0,6,1,2,2,0,1,7,6,2
225,1,1,1,1,0,0,1,0,0,0,6,1,1,0,0,7,0,1,1,0,0,0,1,1,0,0,0,0,0,0,0,0,0,0
226,NA,NA,NA,NA,NA,NA,NA,NA,NA,NA,NA,NA,NA,NA,NA,NA,NA,NA,NA,NA,NA,NA,NA,NA,0,0,0,0,0,0,0,0,0,0
227,NA,NA,NA,NA,NA,NA,NA,NA,NA,NA,NA,NA,NA,NA,NA,NA,NA,NA,NA,NA,NA,NA,NA,NA,NA,NA,NA,NA,NA,NA,NA,NA,NA,NA
228,0,0,1,0,6,1,7,0,0,0,0,0,0,0,0,0,0,0,0,0,0,0,0,0,0,0,0,0,0,1,0,0,0,0
229,6,2,6,1,0,0,0,0,0,0,2,6,0,0,2,6,6,1,6,9,0,1,1,0,2,7,2,6,6,6,6,2,4,8
230,NA,NA,NA,NA,NA,NA,NA,NA,NA,NA,NA,NA,NA,NA,NA,NA,NA,NA,NA,NA,NA,NA,NA,NA,NA,NA,NA,NA,NA,NA,NA,NA,NA,NA
231,0,0,0,0,0,0,0,0,0,0,0,0,0,0,0,0,0,0,0,0,0,0,0,0,0,0,0,0,0,0,0,0,0,0
232,0,2,0,2,0,0,0,0,0,0,0,0,1,0,1,0,1,0,1,6,1,6,5,0,2,6,2,6,6,9,6,2,11,8
233,NA,NA,NA,NA,NA,NA,NA,NA,NA,NA,NA,NA,NA,NA,NA,NA,NA,NA,NA,NA,NA,NA,NA,NA,NA,NA,NA,NA,NA,NA,NA,NA,NA,NA
234,0,0,10,0,5,1,2,0,0,6,1,9,11,4,6,5,6,1,1,0,0,0,0,0,0,0,0,0,0,0,0,0,0,0
235,NA,NA,NA,NA,NA,NA,NA,NA,NA,NA,NA,NA,NA,NA,NA,NA,NA,NA,NA,NA,NA,NA,NA,NA,NA,NA,NA,NA,NA,NA,NA,NA,NA,NA
236,0,0,0,0,0,0,1,1,0,0,0,0,0,0,10,0,0,0,0,0,0,0,0,0,1,6,1,11,0,1,9,0,2,8
237,7,2,6,1,5,2,2,1,1,6,2,6,2,1,0,7,6,0,0,0,0,6,1,0,2,7,2,6,7,7,8,2,4,2
238,NA,NA,NA,NA,NA,NA,NA,NA,NA,NA,NA,NA,NA,NA,NA,NA,NA,NA,NA,NA,NA,NA,NA,NA,NA,NA,NA,NA,NA,NA,NA,NA,NA,NA
239,1,1,0,6,6,8,-2,1,-1,0,1,1,2,1,0,1,5,6,2,0,1,2,4,0,2,15,3,0,0,1,1,0,0,0
240,2,1,0,0,0,0,0,0,0,0,0,0,0,0,-1,0,0,1,2,1,1,1,0,0,2,11,7,0,0,0,0,0,0,0
241,1,0,6,15,6,6,-2,0,0,1,7,1,2,1,-1,1,6,0,0,4,1,1,0,0,0,7,6,0,8,1,0,0,0,0
242,4,0,0,0,0,1,5,2,2,0,1,1,1,1,0,0,0,1,2,1,1,0,0,0,6,1,1,0,6,1,2,1,7,0
243,0,0,0,1,0,1,0,0,2,8,1,0,2,0,1,0,6,7,0,0,0,0,0,0,0,0,0,1,1,0,2,1,1,0
244,0,0,1,6,6,6,-1,2,1,0,0,0,1,2,6,1,6,0,9,2,1,2,0,0,2,1,0,0,0,0,0,0,0,0
245,NA,NA,NA,NA,NA,NA,NA,NA,NA,NA,NA,NA,NA,NA,NA,NA,NA,NA,NA,NA,NA,NA,NA,NA,NA,NA,NA,NA,NA,NA,NA,NA,NA,NA
246,0,0,0,0,0,0,0,0,0,0,0,0,0,0,0,0,0,0,0,0,0,0,0,0,0,0,1,0,9,0,2,1,2,0
247,NA,NA,NA,NA,NA,NA,NA,NA,NA,NA,NA,NA,NA,NA,1,0,0,0,0,0,0,0,0,0,0,0,0,0,0,0,0,0,0,0
248,NA,NA,NA,NA,NA,NA,NA,NA,NA,NA,NA,NA,NA,NA,NA,NA,NA,NA,NA,NA,NA,NA,NA,NA,NA,NA,NA,NA,NA,NA,NA,NA,NA,NA
249,2,1,0,6,6,9,0,5,2,1,7,0,1,5,-1,1,6,1,1,1,1,0,-1,0,1,0,1,0,6,0,1,1,-1,0
250,NA,NA,NA,NA,NA,NA,NA,NA,NA,NA,NA,NA,NA,NA,NA,NA,NA,NA,0,0,0,0,0,0,0,0,0,0,0,0,0,0,0,0
251,NA,NA,NA,NA,NA,NA,NA,NA,NA,NA,NA,NA,NA,NA,NA,NA,NA,NA,NA,NA,NA,NA,NA,NA,NA,NA,NA,NA,NA,NA,NA,NA,NA,NA
252,0,1,3,2,1,-1,2,6,2,2,1,0,0,2,1,2,0,6,1,8,1,7,1,0,17,6,1,2,2,0,2,7,2,1
253,1,2,1,1,0,0,2,6,1,9,2,0,0,2,2,1,0,0,0,0,3,2,1,1,2,9,1,1,1,0,2,1,3,8
254,NA,NA,NA,NA,NA,NA,NA,NA,NA,NA,NA,NA,NA,NA,NA,NA,NA,NA,NA,NA,NA,NA,NA,NA,NA,NA,NA,NA,NA,NA,NA,NA,NA,NA
255,NA,NA,NA,NA,NA,NA,NA,NA,NA,NA,NA,NA,NA,NA,NA,NA,NA,NA,NA,NA,NA,NA,NA,NA,NA,NA,NA,NA,NA,NA,NA,NA,NA,NA
256,0,1,0,1,0,4,0,0,0,0,0,0,0,5,0,0,0,0,0,0,5,0,0,0,0,0,0,0,0,8,1,13,6,0
257,NA,NA,NA,NA,NA,NA,NA,NA,NA,NA,NA,NA,NA,NA,NA,NA,NA,NA,NA,NA,NA,NA,NA,NA,NA,NA,NA,NA,NA,NA,NA,NA,NA,NA
258,NA,NA,NA,NA,NA,NA,NA,NA,NA,NA,NA,NA,NA,NA,NA,NA,NA,NA,NA,NA,NA,NA,NA,NA,NA,NA,NA,NA,NA,NA,NA,NA,NA,NA
259,1,2,2,2,8,0,2,6,10,1,1,2,1,2,2,8,-3,12,2,7,8,10,1,1,2,8,0,1,2,0,2,0,6,0
260,NA,NA,NA,NA,NA,NA,NA,NA,NA,NA,NA,NA,NA,NA,NA,NA,NA,NA,NA,NA,NA,NA,NA,NA,NA,NA,NA,NA,NA,NA,NA,NA,NA,NA
261,0,1,2,2,1,0,2,11,3,2,2,3,1,2,0,8,0,5,2,6,1,1,2,1,2,5,0,2,0,0,1,-1,6,1
262,0,0,0,0,0,0,0,0,0,0,0,0,0,0,0,0,0,0,0,0,0,0,0,0,0,0,0,0,0,0,0,0,0,0
263,0,0,0,0,0,0,0,0,0,0,0,0,0,0,0,0,0,0,0,0,0,0,0,0,0,0,0,0,0,0,0,0,0,0
264,0,0,1,0,0,0,0,0,0,0,0,0,0,0,0,0,0,2,0,0,0,0,1,4,1,1,0,8,-2,0,0,5,0,2
265,0,0,2,0,0,0,3,0,2,1,0,0,0,0,0,0,6,1,0,1,1,0,0,0,0,1,1,7,9,7,6,6,-1,1
266,0,0,0,6,0,1,2,1,1,0,1,6,7,2,2,1,6,2,0,1,1,2,1,1,1,5,0,0,0,1,1,6,0,2
267,8,6,8,2,2,1,1,8,6,1,5,6,0,0,0,1,0,0,0,2,1,2,1,1,1,0,1,6,1,5,9,7,1,2
268,0,0,0,0,0,0,0,0,0,0,0,0,0,0,0,0,0,0,0,0,0,0,0,0,1,1,1,9,1,9,1,0,0,0
269,0,1,2,5,8,1,2,1,2,0,1,6,6,2,1,1,1,2,0,0,0,0,0,0,0,0,0,0,0,0,0,0,0,2
270,0,0,0,0,0,0,0,0,0,0,0,0,0,0,0,0,0,0,0,0,0,0,0,0,0,0,0,0,0,0,0,0,0,0
271,0,0,7,8,14,0,0,5,0,-1,1,7,9,11,2,1,6,2,0,1,0,3,1,1,0,0,0,0,0,6,6,5,0,0
272,NA,NA,NA,NA,NA,NA,NA,NA,NA,NA,NA,NA,NA,0,0,0,0,0,0,0,0,0,0,0,0,0,0,0,0,0,0,0,0,1
273,0,1,1,0,0,0,2,1,0,0,0,14,1,0,3,0,1,1,0,1,0,0,0,0,0,1,0,0,1,7,0,4,2,0
274,2,3,3,2,0,0,0,0,0,0,0,0,0,0,0,0,0,0,0,0,0,0,0,0,0,0,0,0,0,0,0,0,0,0
275,2,1,0,1,3,2,2,3,0,1,2,5,2,3,1,1,0,1,2,2,3,0,0,0,0,1,0,0,1,3,0,2,2,1
276,4,0,1,0,3,2,0,2,2,1,0,0,0,0,3,0,0,0,0,0,1,0,0,0,0,0,3,1,0,0,0,0,0,0
277,11,3,3,2,3,2,2,0,0,1,6,1,2,3,11,2,10,3,9,2,3,0,2,0,1,1,0,0,0,0,0,0,1,1
278,NA,NA,NA,NA,0,1,0,0,0,0,0,0,0,0,0,0,0,0,0,0,0,0,0,0,0,0,0,0,0,0,0,0,0,0
279,0,0,0,0,0,0,0,0,1,3,7,0,0,6,2,3,2,2,3,14,3,0,0,0,0,3,1,8,0,4,1,2,4,0
280,NA,NA,NA,NA,NA,NA,NA,NA,NA,NA,NA,NA,NA,NA,NA,NA,NA,NA,NA,NA,NA,NA,NA,NA,NA,NA,NA,NA,NA,NA,NA,NA,NA,NA
281,2,10,3,10,3,5,5,2,2,11,10,2,2,6,0,0,6,6,2,2,3,0,0,0,0,5,14,2,10,3,2,8,15,5
282,0,0,0,0,0,4,1,1,1,1,0,0,0,0,1,1,3,2,1,0,0,0,0,0,2,0,1,1,5,1,2,9,7,10
283,2,3,1,2,3,2,2,3,0,1,1,3,7,1,3,0,2,2,2,5,1,2,0,4,1,1,2,2,1,0,0,0,0,0
284,6,1,3,-1,0,0,3,0,3,2,2,2,2,3,3,5,3,-1,0,0,0,0,1,0,6,1,3,2,6,2,2,14,5,2
285,NA,NA,NA,NA,NA,NA,NA,NA,NA,NA,NA,NA,NA,NA,NA,NA,NA,NA,NA,NA,NA,NA,NA,NA,NA,NA,NA,NA,NA,NA,NA,NA,NA,NA
286,NA,NA,NA,NA,NA,NA,NA,NA,NA,NA,NA,NA,NA,NA,NA,NA,NA,NA,NA,NA,NA,NA,NA,NA,NA,NA,NA,NA,NA,NA,NA,NA,NA,NA
287,NA,NA,NA,NA,NA,NA,NA,NA,NA,NA,NA,NA,NA,NA,NA,NA,NA,NA,NA,NA,NA,NA,NA,NA,NA,NA,NA,NA,NA,NA,NA,NA,NA,NA
288,NA,NA,NA,NA,NA,NA,NA,NA,NA,NA,NA,NA,NA,NA,NA,NA,NA,NA,NA,NA,NA,NA,NA,NA,NA,NA,NA,NA,NA,NA,NA,NA,NA,NA
289,NA,NA,NA,NA,NA,NA,NA,NA,NA,NA,NA,NA,NA,NA,NA,NA,NA,NA,NA,NA,NA,NA,NA,NA,NA,NA,NA,NA,NA,NA,NA,NA,NA,NA
290,NA,NA,NA,NA,NA,NA,NA,NA,NA,NA,NA,NA,NA,NA,NA,NA,NA,NA,NA,NA,NA,NA,NA,NA,NA,NA,NA,NA,NA,NA,NA,NA,NA,NA
291,NA,NA,NA,NA,NA,NA,NA,NA,NA,NA,NA,NA,NA,NA,NA,NA,NA,NA,NA,NA,NA,NA,NA,NA,NA,NA,NA,NA,NA,NA,NA,NA,NA,NA
292,NA,NA,NA,NA,NA,NA,NA,NA,NA,NA,NA,NA,NA,NA,NA,NA,NA,NA,NA,NA,NA,NA,NA,NA,NA,NA,NA,NA,NA,NA,NA,NA,NA,NA
293,NA,NA,NA,NA,NA,NA,NA,NA,NA,NA,NA,NA,NA,NA,NA,NA,NA,NA,NA,NA,NA,NA,NA,NA,NA,NA,NA,NA,NA,NA,NA,NA,NA,NA
294,NA,NA,NA,NA,NA,NA,NA,NA,NA,NA,NA,NA,NA,NA,NA,NA,NA,NA,NA,NA,NA,NA,NA,NA,NA,NA,NA,NA,NA,NA,NA,NA,NA,NA
295,NA,NA,NA,NA,NA,NA,NA,NA,NA,NA,NA,NA,NA,NA,NA,NA,NA,NA,NA,NA,NA,NA,NA,NA,NA,NA,NA,NA,NA,NA,NA,NA,NA,NA
296,NA,NA,NA,NA,NA,NA,NA,NA,NA,NA,NA,NA,NA,NA,NA,NA,NA,NA,NA,NA,NA,NA,NA,NA,NA,NA,NA,NA,NA,NA,NA,NA,NA,NA
297,NA,NA,NA,NA,NA,NA,NA,NA,NA,NA,NA,NA,NA,NA,NA,NA,NA,NA,NA,NA,NA,NA,NA,NA,NA,NA,NA,NA,NA,NA,NA,NA,NA,NA
298,2,8,2,2,3,2,1,2,1,2,1,3,2,2,3,1,2,0,1,6,1,2,1,2,0,-1,8,1,2,7,2,1,3,0
299,NA,NA,NA,NA,NA,NA,NA,NA,NA,NA,NA,NA,NA,NA,NA,NA,NA,NA,NA,NA,NA,NA,NA,NA,NA,NA,NA,NA,NA,NA,NA,NA,NA,NA
300,0,0,0,0,1,1,1,0,0,15,2,0,1,0,8,13,4,2,2,5,1,8,2,2,3,3,0,2,0,6,6,1,4,2
301,1,1,1,6,2,1,8,2,1,2,1,1,0,2,1,2,0,0,0,1,0,1,0,1,3,3,0,0,0,1,0,0,1,3
302,1,1,0,0,0,0,0,0,0,0,0,0,0,0,0,0,0,0,0,0,0,0,1,0,1,0,1,0,0,0,1,0,0,0
303,0,0,0,0,0,0,0,0,0,0,0,0,0,0,0,0,0,0,0,0,0,0,0,0,0,0,0,0,0,0,0,0,0,0
304,1,3,2,2,1,1,1,0,1,1,0,0,1,1,0,0,0,1,1,1,2,0,0,0,1,0,2,1,0,0,0,1,1,1
305,0,0,0,0,0,0,0,0,0,0,0,0,0,0,0,0,0,0,0,0,0,0,0,0,0,0,0,0,1,4,2,2,6,0
306,NA,NA,NA,NA,NA,NA,NA,NA,NA,NA,NA,NA,NA,NA,NA,NA,NA,NA,NA,NA,NA,NA,NA,NA,NA,NA,NA,NA,NA,NA,NA,NA,NA,NA
307,0,0,0,0,0,0,0,1,0,0,4,11,1,0,0,0,1,1,0,2,1,2,4,1,3,3,2,2,2,14,3,2,2,2
308,2,11,4,21,0,0,2,6,2,1,0,0,0,1,6,5,7,2,2,0,0,0,0,0,0,0,0,0,2,1,1,9,10,9
309,2,2,2,2,0,2,0,0,0,0,0,0,0,2,3,1,2,5,2,2,2,2,-2,0,3,1,0,0,0,0,0,0,0,2
310,NA,NA,NA,NA,NA,NA,NA,NA,NA,NA,NA,NA,NA,NA,NA,NA,NA,NA,NA,NA,NA,NA,NA,NA,NA,NA,NA,NA,NA,NA,NA,NA,NA,NA
311,1,1,1,0,12,3,2,2,1,2,1,2,2,3,5,2,0,0,1,2,1,1,1,2,3,2,0,0,0,0,3,2,2,2
312,NA,NA,NA,NA,NA,NA,NA,NA,NA,NA,NA,NA,NA,NA,NA,NA,NA,NA,0,1,9,7,5,1,1,1,1,3,2,2,0,4,0,2
313,2,2,1,2,0,1,0,2,2,2,0,1,0,2,1,2,0,2,1,1,2,2,1,2,1,3,2,2,0,0,0,1,1,0
314,2,12,3,0,0,0,2,1,2,0,1,0,1,1,3,1,3,2,1,0,0,0,0,0,0,1,1,0,0,0,0,0,0,1
315,1,3,2,2,5,3,13,2,1,0,0,0,0,1,1,1,0,0,0,0,0,0,0,0,0,0,0,0,0,1,0,1,4,0
316,2,8,2,2,1,3,2,2,2,1,8,1,2,2,0,1,3,2,3,-2,0,0,2,2,3,2,6,3,2,1,3,2,2,2
317,0,0,0,0,0,1,1,2,2,0,4,2,2,3,0,3,0,0,0,0,1,0,0,0,0,0,0,0,0,0,0,0,0,0
318,2,3,2,1,2,2,1,2,5,2,2,2,2,3,4,0,2,1,0,0,0,0,0,0,0,0,0,0,0,0,0,0,0,0
319,NA,NA,1,0,0,1,0,0,1,0,1,0,0,0,0,0,0,0,0,0,0,0,0,0,0,0,1,0,0,0,0,0,2,0
320,0,0,0,1,0,0,0,0,0,0,0,0,0,0,0,0,0,0,0,0,0,0,0,0,0,0,0,0,0,0,0,0,0,0
321,0,0,0,0,0,0,0,0,0,0,0,0,0,0,0,0,0,0,0,0,0,0,0,0,0,0,0,0,0,0,0,0,0,0
322,2,0,4,1,0,1,5,1,3,10,0,3,2,7,0,3,0,0,0,0,0,0,2,0,7,1,0,9,4,0,0,1,0,1
323,NA,NA,NA,NA,NA,NA,NA,NA,NA,NA,NA,NA,NA,NA,NA,NA,NA,NA,0,1,1,1,1,0,0,0,0,0,1,0,3,2,2,1
324,NA,NA,NA,NA,NA,NA,NA,NA,NA,NA,NA,NA,NA,NA,NA,NA,NA,NA,NA,NA,NA,NA,NA,NA,NA,NA,NA,NA,NA,NA,NA,NA,NA,NA
325,NA,NA,NA,NA,NA,NA,NA,NA,NA,NA,NA,NA,NA,NA,NA,NA,NA,NA,NA,NA,NA,NA,NA,NA,NA,NA,NA,NA,NA,NA,NA,NA,NA,NA
326,2,2,2,0,2,10,2,1,2,0,1,6,1,4,8,3,9,3,2,12,3,3,5,9,3,1,3,5,4,3,2,1,10,2
327,NA,NA,NA,NA,NA,NA,NA,NA,NA,NA,NA,NA,NA,NA,NA,NA,NA,NA,NA,NA,NA,NA,NA,NA,NA,NA,NA,NA,NA,NA,NA,NA,NA,NA
328,3,2,3,2,2,2,2,1,0,0,0,0,0,0,3,0,2,2,2,1,2,8,1,0,1,3,3,2,1,2,2,3,0,0
329,1,1,0,0,0,0,0,0,0,4,4,11,0,6,9,1,1,4,1,6,0,13,4,0,0,10,2,1,0,4,4,12,9,8
330,2,2,3,8,8,14,19,4,2,9,3,0,3,10,5,2,6,3,5,11,2,5,11,0,0,5,13,10,2,9,5,3,5,9
331,NA,NA,NA,NA,NA,NA,NA,NA,NA,NA,NA,NA,NA,NA,NA,NA,NA,NA,NA,NA,NA,NA,NA,NA,NA,NA,NA,NA,NA,NA,NA,NA,NA,NA
332,2,2,3,3,8,3,3,2,2,1,2,3,2,0,2,2,3,2,2,2,3,2,2,0,2,2,1,4,2,1,3,0,2,2
333,NA,NA,NA,NA,NA,NA,NA,NA,NA,NA,NA,NA,NA,NA,NA,NA,NA,NA,NA,NA,NA,NA,NA,NA,NA,NA,NA,NA,NA,NA,NA,NA,NA,NA
334,NA,NA,NA,NA,NA,NA,NA,NA,NA,NA,NA,NA,NA,NA,NA,NA,NA,NA,NA,NA,NA,NA,NA,NA,NA,NA,NA,NA,NA,NA,NA,NA,NA,NA
335,1,1,1,6,13,3,16,3,7,1,3,2,0,13,0,1,10,3,1,3,10,12,6,0,2,2,2,1,2,4,10,3,4,10
336,NA,NA,NA,NA,NA,NA,NA,NA,NA,NA,NA,NA,NA,NA,NA,NA,NA,NA,NA,NA,NA,NA,NA,NA,NA,NA,NA,NA,NA,NA,NA,NA,NA,NA
337,1,2,10,0,1,1,0,0,0,6,1,6,3,3,15,1,6,1,1,1,1,1,1,0,10,1,1,1,1,1,6,1,8,7
338,0,1,1,1,10,1,2,2,1,0,0,2,2,8,2,2,2,3,3,1,1,5,6,0,6,2,1,8,9,6,0,0,2,0
339,0,0,0,0,0,0,0,0,0,0,0,0,0,0,0,0,0,0,0,0,0,0,0,0,0,0,0,0,0,0,0,0,0,1
340,1,4,1,0,1,2,0,1,0,0,0,2,0,0,1,0,1,1,0,0,0,0,0,0,0,0,0,0,0,0,0,1,0,0
341,0,0,0,1,0,0,0,0,0,0,0,0,0,0,0,0,1,0,0,0,0,0,0,0,1,1,1,0,1,0,0,0,0,0
342,NA,NA,NA,NA,NA,NA,NA,NA,NA,NA,NA,NA,NA,NA,NA,NA,NA,NA,NA,NA,NA,NA,NA,NA,NA,NA,NA,NA,NA,NA,NA,NA,NA,NA
343,NA,NA,NA,NA,NA,NA,NA,NA,NA,NA,NA,NA,NA,NA,NA,NA,NA,NA,NA,NA,NA,NA,NA,NA,NA,NA,NA,NA,NA,NA,NA,NA,NA,NA
344,8,12,2,2,2,15,1,2,5,2,1,8,2,0,0,0,2,2,3,2,2,0,1,0,0,0,0,1,1,3,2,2,4,2
345,NA,NA,NA,NA,NA,NA,NA,NA,NA,NA,NA,NA,NA,NA,NA,NA,NA,NA,0,0,2,3,3,0,3,1,2,9,2,2,2,1,10,2
346,0,0,0,0,0,0,0,0,0,0,0,0,0,1,1,1,0,0,0,0,0,0,0,0,0,0,0,0,0,0,0,0,0,0
347,8,1,1,2,0,1,1,2,1,6,1,0,2,1,2,2,2,2,3,1,1,3,3,0,3,2,2,3,2,9,2,2,5,2
348,NA,NA,NA,NA,NA,NA,NA,NA,NA,NA,NA,NA,NA,NA,NA,NA,NA,NA,NA,NA,NA,NA,NA,NA,NA,NA,NA,NA,NA,NA,NA,NA,NA,NA
349,0,0,0,0,0,0,0,1,1,1,0,0,0,0,0,1,0,0,0,0,0,0,0,0,1,0,1,0,0,0,0,0,0,1
350,14,2,1,2,2,1,6,1,0,3,1,0,1,8,2,1,2,1,3,1,2,3,11,0,3,1,8,14,5,4,2,1,3,0
351,NA,NA,NA,NA,NA,NA,NA,NA,NA,NA,NA,0,0,0,0,0,0,0,0,0,0,0,0,0,0,0,0,0,0,0,0,0,0,0
352,2,0,2,2,6,5,5,6,10,3,16,2,2,1,2,9,0,0,3,1,1,3,8,0,3,11,2,11,2,3,1,2,8,2
353,NA,NA,NA,NA,NA,NA,NA,NA,NA,NA,NA,NA,NA,NA,NA,NA,NA,NA,NA,NA,NA,NA,NA,NA,NA,NA,NA,NA,NA,NA,NA,NA,NA,NA
354,0,0,0,0,0,0,0,0,0,0,0,0,0,0,0,0,0,0,0,0,0,0,0,0,0,0,0,0,0,0,0,0,0,0
355,5,2,1,5,9,6,0,2,2,2,0,0,0,0,0,0,0,0,0,0,0,0,0,0,0,0,0,0,0,0,0,0,0,0
356,0,0,0,0,0,0,1,0,0,0,0,0,0,1,0,6,8,6,2,0,3,3,2,3,6,1,1,7,2,1,2,2,3,1
357,3,1,1,2,1,2,0,5,2,8,2,2,1,3,2,3,0,0,0,0,3,10,1,1,3,2,1,2,0,0,1,2,3,1
358,NA,NA,NA,NA,NA,NA,NA,NA,NA,NA,NA,NA,NA,NA,NA,NA,NA,NA,NA,NA,NA,NA,NA,NA,NA,NA,NA,NA,NA,NA,NA,NA,NA,NA
359,NA,NA,NA,NA,NA,NA,NA,NA,NA,NA,NA,NA,NA,NA,NA,0,6,1,1,2,3,1,0,0,0,0,0,0,1,1,0,0,0,0
360,0,0,0,1,0,0,0,1,0,0,2,1,1,0,0,0,1,0,1,10,0,1,1,0,0,0,0,0,0,0,0,0,0,0
361,2,1,1,1,2,3,1,0,1,2,2,1,0,8,6,3,14,3,2,1,0,4,4,10,0,1,3,8,2,3,1,2,3,2
362,0,0,0,0,0,0,1,1,0,0,0,0,0,0,0,0,1,1,2,1,3,3,2,9,1,0,0,2,2,3,0,0,3,1
363,2,6,2,9,2,5,5,9,10,2,13,2,2,2,2,7,2,7,13,6,6,5,5,7,2,3,2,2,2,6,10,3,6,2
364,NA,NA,NA,NA,NA,NA,NA,NA,NA,NA,NA,NA,NA,NA,NA,NA,NA,NA,NA,NA,NA,NA,NA,NA,NA,NA,NA,NA,NA,NA,NA,NA,NA,NA
365,13,8,6,13,3,0,2,2,9,3,7,2,7,0,0,0,0,0,1,2,2,0,1,0,2,7,9,2,0,3,1,0,2,0
366,NA,NA,NA,NA,NA,NA,NA,NA,NA,NA,NA,NA,NA,NA,NA,NA,NA,NA,NA,NA,NA,NA,NA,NA,NA,NA,NA,NA,NA,NA,NA,NA,NA,NA
367,NA,NA,NA,NA,NA,NA,NA,NA,NA,NA,NA,NA,NA,NA,NA,NA,NA,NA,NA,NA,NA,NA,NA,NA,NA,NA,NA,NA,NA,NA,NA,NA,NA,NA
368,NA,NA,NA,NA,NA,NA,NA,NA,NA,NA,NA,NA,NA,NA,NA,NA,NA,NA,NA,NA,NA,NA,NA,NA,NA,NA,NA,NA,NA,NA,NA,NA,NA,NA
369,NA,NA,NA,NA,NA,NA,NA,NA,NA,NA,NA,NA,NA,NA,NA,NA,NA,NA,NA,NA,NA,NA,NA,NA,NA,NA,NA,NA,NA,NA,NA,NA,NA,NA
370,NA,NA,NA,NA,NA,NA,NA,NA,NA,NA,NA,NA,NA,NA,NA,NA,NA,NA,NA,NA,NA,NA,NA,NA,NA,NA,NA,NA,NA,NA,NA,NA,NA,NA
371,NA,NA,NA,NA,NA,NA,NA,NA,NA,NA,NA,NA,NA,NA,NA,NA,NA,NA,NA,NA,NA,NA,NA,NA,NA,NA,NA,NA,NA,NA,NA,NA,NA,NA
372,NA,NA,NA,NA,NA,NA,NA,NA,NA,NA,NA,NA,NA,NA,NA,NA,NA,NA,NA,NA,NA,NA,NA,NA,NA,NA,NA,NA,NA,NA,NA,NA,NA,NA
373,NA,NA,NA,NA,NA,NA,NA,NA,NA,NA,NA,NA,NA,NA,NA,NA,NA,NA,NA,NA,NA,NA,NA,NA,NA,NA,NA,NA,NA,NA,NA,NA,NA,NA
374,0,0,0,0,0,0,0,0,0,0,0,0,0,0,0,0,0,0,0,0,0,0,0,0,0,0,0,0,0,0,0,0,0,0
375,NA,NA,NA,NA,NA,NA,NA,NA,NA,NA,NA,NA,NA,NA,NA,NA,NA,NA,NA,NA,NA,NA,NA,NA,NA,NA,NA,NA,NA,NA,NA,NA,NA,NA
376,NA,NA,NA,NA,NA,NA,NA,NA,NA,NA,NA,NA,NA,NA,NA,NA,NA,NA,NA,NA,NA,NA,NA,NA,NA,NA,NA,NA,NA,NA,NA,NA,NA,NA
377,NA,NA,NA,NA,NA,NA,NA,NA,NA,NA,NA,NA,NA,NA,NA,NA,NA,NA,NA,NA,NA,NA,NA,NA,NA,NA,NA,NA,NA,NA,NA,NA,NA,NA
378,NA,NA,NA,NA,NA,NA,NA,NA,NA,NA,NA,NA,NA,NA,NA,NA,NA,NA,NA,NA,NA,NA,NA,NA,NA,NA,NA,NA,NA,NA,NA,NA,NA,NA
379,NA,NA,NA,NA,NA,NA,NA,NA,NA,NA,NA,NA,NA,NA,NA,NA,NA,NA,NA,NA,NA,NA,NA,NA,NA,NA,NA,NA,NA,NA,NA,NA,NA,NA
380,3,2,3,2,0,1,0,2,1,2,2,2,1,2,7,1,2,1,3,0,1,5,2,0,5,0,8,7,2,2,3,8,5,2
381,3,5,3,2,1,0,0,2,1,2,2,2,10,2,2,3,0,0,0,0,1,1,0,0,0,1,0,2,0,0,0,0,3,1
382,NA,NA,NA,NA,NA,NA,NA,NA,NA,NA,NA,NA,NA,NA,NA,NA,NA,NA,NA,NA,NA,NA,NA,NA,NA,NA,NA,NA,NA,NA,NA,NA,NA,NA
383,1,6,1,0,1,0,1,0,1,4,1,0,4,2,3,1,1,2,3,1,2,1,1,0,0,3,3,5,1,1,0,1,1,1
384,NA,NA,NA,NA,NA,NA,NA,NA,NA,NA,NA,NA,NA,NA,NA,NA,NA,NA,NA,NA,NA,NA,NA,NA,NA,NA,NA,NA,NA,NA,NA,NA,NA,NA
385,NA,NA,NA,NA,NA,NA,NA,NA,NA,NA,NA,NA,NA,NA,NA,NA,NA,NA,NA,NA,NA,NA,NA,NA,NA,NA,NA,NA,NA,NA,NA,NA,NA,NA
386,6,1,2,1,2,1,5,8,9,2,4,2,2,1,3,3,0,0,2,2,2,2,10,0,8,3,3,1,5,2,3,9,2,1
387,0,0,0,0,0,0,0,0,0,0,0,0,0,0,0,3,2,1,0,0,0,0,0,0,0,0,0,0,0,0,0,0,0,0
388,0,0,0,2,8,8,2,1,1,1,0,1,1,0,0,1,2,1,1,1,0,0,0,0,1,0,0,1,0,0,0,0,1,0
389,NA,NA,NA,NA,NA,NA,NA,NA,NA,NA,NA,NA,NA,NA,NA,0,2,2,2,2,2,2,5,0,5,10,3,0,2,2,3,8,7,2
390,NA,NA,NA,NA,NA,NA,NA,NA,NA,NA,NA,NA,NA,NA,NA,NA,NA,NA,NA,NA,NA,NA,NA,NA,NA,NA,NA,NA,NA,NA,NA,NA,NA,NA
391,NA,NA,NA,NA,NA,NA,NA,NA,NA,NA,NA,NA,NA,NA,NA,NA,NA,NA,NA,NA,NA,NA,NA,NA,NA,NA,NA,NA,NA,NA,NA,NA,NA,NA
392,0,1,1,3,2,6,7,3,3,11,0,0,1,1,2,2,4,2,2,2,1,7,1,9,2,1,2,2,3,2,11,3,3,3
393,0,0,1,1,1,5,1,4,2,12,5,2,1,0,1,2,1,0,3,2,3,0,2,0,2,0,4,1,1,0,2,11,0,0
394,7,14,2,3,10,8,11,2,1,0,0,0,0,0,0,0,1,1,2,2,3,8,2,1,2,13,7,8,3,7,1,3,19,10
395,0,1,0,0,0,0,0,0,0,0,0,0,0,0,0,0,0,0,0,0,0,0,0,0,0,0,0,0,0,0,0,1,1,0
396,10,2,5,3,1,7,2,3,9,4,2,3,3,2,3,0,2,2,1,2,2,0,0,0,0,0,0,0,0,0,0,0,0,0
397,2,15,1,1,3,2,12,0,0,1,7,19,3,9,6,1,2,2,2,2,3,2,2,1,2,0,0,0,0,0,3,1,3,9
398,0,0,0,0,1,0,2,0,1,2,0,1,1,0,1,1,0,0,0,2,3,2,1,1,1,7,1,0,5,2,5,3,1,1
399,2,7,2,3,12,2,13,3,6,11,8,3,10,2,3,6,0,0,1,2,16,2,13,2,1,6,0,0,0,0,0,0,0,0
400,NA,NA,NA,NA,NA,NA,NA,NA,NA,NA,NA,NA,NA,NA,NA,NA,NA,NA,NA,NA,NA,NA,NA,NA,NA,NA,NA,NA,NA,NA,NA,NA,NA,NA
401,0,0,0,0,0,0,0,0,0,0,0,0,0,0,0,0,0,0,0,0,0,0,0,0,0,0,0,0,0,0,0,0,0,0
402,2,2,2,0,1,1,5,3,3,2,2,3,3,2,11,2,1,5,10,0,7,2,8,7,2,2,5,5,3,3,3,3,11,14
403,NA,NA,NA,NA,NA,NA,NA,NA,1,0,0,0,0,0,0,0,0,0,0,0,0,1,0,1,0,0,0,1,0,0,0,0,1,0
404,NA,NA,NA,NA,NA,NA,NA,NA,NA,NA,NA,NA,NA,NA,NA,NA,NA,NA,NA,NA,NA,NA,NA,NA,NA,NA,NA,NA,NA,NA,NA,NA,NA,NA
405,0,2,2,7,2,3,2,1,0,2,5,10,5,6,2,0,1,2,10,4,3,0,7,0,1,5,6,3,6,0,0,9,10,3
406,14,10,0,0,1,4,8,7,1,2,2,6,7,3,2,2,2,13,8,2,3,0,4,0,8,5,2,0,12,3,2,17,15,9
407,0,0,0,0,0,0,0,0,0,0,0,0,0,0,0,0,0,1,1,0,0,0,1,0,0,0,1,7,0,0,0,0,0,0
408,NA,NA,NA,NA,NA,NA,NA,NA,NA,NA,NA,NA,NA,NA,NA,NA,NA,NA,NA,NA,NA,NA,NA,NA,NA,NA,NA,NA,NA,NA,NA,NA,NA,NA
409,3,1,2,2,2,3,2,2,6,-1,0,0,0,3,2,-2,0,0,1,2,3,0,6,0,2,1,2,0,3,3,2,3,4,8
410,0,1,1,0,0,2,0,1,3,0,1,1,1,1,0,0,0,0,0,1,0,0,0,0,1,0,0,1,0,0,0,0,1,0
411,NA,NA,NA,NA,NA,NA,NA,NA,NA,NA,NA,NA,NA,NA,NA,NA,NA,NA,NA,NA,NA,NA,NA,NA,NA,NA,NA,NA,NA,NA,NA,NA,NA,NA
412,8,2,1,2,2,18,3,0,0,2,2,1,0,0,0,0,0,0,0,0,0,0,0,0,0,0,0,0,0,0,0,0,0,0
413,3,0,0,6,1,2,1,4,1,0,6,3,0,1,0,0,0,0,0,0,1,0,1,0,0,0,1,1,0,0,1,0,0,0
414,1,0,1,2,7,0,0,0,1,2,0,1,8,0,0,0,0,7,6,2,5,0,12,0,2,7,2,3,8,3,3,3,12,6
415,13,6,1,2,2,3,0,2,1,0,1,6,9,9,2,5,2,5,8,4,10,0,6,0,2,1,1,9,1,3,0,8,2,0
416,0,0,0,0,0,0,0,15,2,1,1,3,1,11,2,1,2,2,8,2,2,0,6,0,1,1,0,3,3,3,0,3,10,3
417,0,0,0,0,0,0,0,0,0,0,0,0,0,0,0,0,0,0,0,0,0,0,0,0,0,0,0,0,0,0,0,0,0,0
418,0,1,0,0,0,0,2,2,0,2,3,2,3,2,0,3,1,0,1,0,0,0,1,0,2,3,2,0,1,4,2,2,3,0
419,1,0,0,2,1,1,2,0,0,0,1,0,1,1,3,0,1,1,0,1,1,0,1,0,7,2,2,2,3,3,0,0,3,0
420,0,2,1,3,2,0,0,6,2,2,9,2,3,3,2,7,1,3,3,2,3,0,0,0,0,0,2,6,13,10,3,2,2,0
421,0,5,3,0,2,3,1,0,2,0,0,1,5,3,0,1,0,1,0,0,1,0,1,0,10,3,2,2,1,4,1,1,2,4
422,1,0,6,0,1,0,0,3,0,6,3,0,0,1,9,0,2,0,0,0,12,0,2,0,1,3,0,0,0,17,1,2,8,1
423,1,13,3,0,1,3,1,10,2,0,0,2,0,3,4,9,1,0,1,7,11,0,2,0,8,0,0,0,0,0,0,2,5,0
424,5,2,5,6,6,3,6,3,6,0,2,1,3,3,1,2,3,3,2,1,2,1,1,0,2,1,1,2,2,2,6,8,3,0
425,NA,NA,NA,NA,NA,NA,NA,NA,NA,NA,NA,NA,NA,NA,NA,NA,NA,NA,NA,NA,NA,NA,NA,NA,NA,NA,NA,NA,NA,NA,0,1,0,2
426,0,0,0,0,0,0,0,0,0,0,0,0,0,0,0,0,0,0,0,0,0,0,0,0,0,0,0,0,0,0,0,0,0,0
427,1,8,2,3,1,2,8,2,5,2,2,12,3,7,10,3,2,2,3,2,3,0,2,0,0,0,1,3,3,3,0,0,0,12
428,10,14,3,5,3,13,2,1,14,23,5,7,5,3,6,7,11,8,4,2,15,0,4,0,9,2,3,2,7,2,2,14,27,9
429,1,1,0,2,0,0,2,0,0,0,0,0,0,0,0,0,0,0,0,1,0,0,0,0,6,3,1,0,3,4,2,0,0,0
430,NA,NA,NA,NA,NA,NA,NA,NA,NA,NA,NA,NA,NA,NA,NA,NA,NA,NA,NA,NA,NA,NA,NA,NA,NA,NA,NA,NA,NA,NA,NA,NA,NA,NA
431,NA,NA,NA,NA,NA,NA,NA,NA,NA,NA,NA,NA,NA,NA,NA,NA,NA,NA,NA,NA,NA,NA,NA,NA,NA,NA,NA,NA,NA,NA,NA,NA,NA,NA
432,NA,NA,NA,NA,NA,NA,NA,NA,NA,NA,NA,NA,NA,NA,NA,NA,NA,NA,NA,NA,NA,NA,NA,NA,NA,NA,NA,NA,NA,NA,NA,NA,NA,NA
433,NA,NA,NA,NA,NA,NA,NA,NA,NA,NA,NA,NA,NA,NA,NA,NA,NA,NA,NA,NA,NA,NA,NA,NA,NA,NA,NA,NA,NA,NA,NA,NA,NA,NA
434,0,0,0,0,0,0,0,0,0,0,0,0,0,0,0,0,0,0,0,0,0,0,0,0,0,0,0,0,0,0,0,0,0,0
435,NA,NA,NA,NA,NA,NA,NA,NA,NA,NA,NA,NA,NA,NA,NA,NA,NA,NA,NA,NA,NA,NA,NA,NA,NA,NA,NA,NA,NA,NA,NA,NA,NA,NA
436,NA,NA,NA,NA,NA,NA,NA,NA,NA,NA,NA,NA,NA,NA,NA,NA,NA,NA,NA,NA,NA,NA,NA,NA,NA,NA,NA,NA,NA,NA,NA,NA,NA,NA
437,0,1,0,0,0,0,0,0,0,0,0,0,0,0,0,0,0,0,0,0,0,0,0,0,0,0,0,0,0,0,0,0,2,0
438,NA,NA,NA,NA,NA,NA,NA,NA,NA,NA,NA,NA,NA,NA,NA,NA,NA,NA,NA,NA,NA,NA,NA,NA,NA,NA,NA,NA,NA,NA,NA,NA,NA,NA
439,NA,NA,NA,NA,NA,NA,NA,NA,NA,NA,NA,NA,NA,NA,NA,NA,NA,NA,NA,NA,NA,NA,NA,NA,NA,NA,NA,NA,NA,NA,NA,NA,NA,NA
440,NA,NA,NA,NA,NA,NA,NA,NA,NA,NA,NA,NA,NA,NA,NA,NA,NA,NA,NA,NA,NA,NA,NA,NA,NA,NA,NA,NA,NA,NA,NA,NA,NA,NA
441,NA,NA,NA,NA,NA,NA,NA,NA,NA,NA,NA,NA,NA,NA,NA,NA,NA,NA,NA,NA,NA,NA,NA,NA,NA,NA,NA,NA,NA,NA,NA,NA,NA,NA
442,NA,NA,NA,NA,NA,NA,NA,NA,NA,NA,NA,NA,NA,NA,NA,NA,NA,NA,NA,NA,NA,NA,NA,NA,NA,NA,NA,NA,NA,NA,NA,NA,NA,NA
443,0,0,0,0,1,1,1,3,0,2,8,3,1,2,1,1,0,0,1,2,0,0,4,0,0,1,0,0,1,2,1,2,2,0
444,1,0,0,2,1,2,1,0,1,0,3,0,4,0,0,2,0,1,2,0,0,0,1,0,0,0,0,11,0,0,0,0,2,0
445,3,3,3,5,2,2,2,3,0,0,1,3,3,2,2,0,0,0,2,2,3,0,2,0,2,3,5,0,1,2,3,5,4,2
446,1,3,3,0,1,1,0,3,3,1,0,0,2,1,1,0,2,3,0,0,1,0,0,0,0,0,1,3,1,0,0,0,2,0
447,NA,NA,NA,NA,NA,NA,NA,NA,NA,NA,NA,NA,NA,NA,NA,NA,NA,NA,NA,NA,NA,NA,NA,NA,NA,NA,NA,NA,NA,NA,NA,NA,NA,NA
448,3,2,3,2,1,2,1,3,3,2,2,2,0,2,2,2,1,3,2,2,3,0,2,0,1,2,1,0,0,7,3,5,4,2
449,3,3,3,9,9,2,2,3,3,2,1,3,5,-2,0,2,2,3,2,1,3,0,14,0,1,3,10,3,2,1,3,3,10,2
450,NA,NA,NA,NA,NA,NA,NA,NA,6,1,0,0,0,0,1,0,1,0,1,0,0,0,0,0,0,0,0,1,0,0,1,0,0,0
451,6,8,3,1,2,2,1,0,0,0,0,1,1,1,5,3,3,9,1,0,6,0,16,0,2,3,2,6,2,1,1,5,3,2
452,0,6,1,1,1,0,1,0,3,2,6,2,0,5,1,1,2,10,0,2,6,0,2,0,10,3,7,3,1,2,0,3,3,2
453,0,0,0,1,0,2,2,1,6,3,9,3,1,0,1,11,4,3,3,1,3,0,0,0,0,1,1,1,1,0,1,0,0,0
454,0,0,0,0,0,0,0,0,0,0,0,0,0,1,2,1,1,1,2,2,1,1,2,0,0,0,1,0,0,0,0,0,0,0
455,2,11,8,16,2,10,1,1,0,1,5,2,7,1,2,3,2,1,2,2,9,2,6,0,1,2,2,1,0,2,3,2,1,2
456,NA,NA,NA,NA,NA,NA,NA,NA,NA,NA,NA,NA,NA,NA,NA,NA,NA,NA,NA,NA,NA,NA,NA,NA,NA,NA,NA,NA,NA,NA,NA,NA,NA,NA
457,2,0,0,0,0,0,8,0,0,0,0,0,9,0,1,0,0,0,0,0,0,0,0,0,0,0,0,0,0,0,0,0,0,0
458,NA,NA,NA,NA,NA,NA,NA,NA,NA,NA,NA,NA,NA,NA,NA,NA,NA,NA,NA,NA,NA,NA,NA,NA,NA,NA,NA,NA,NA,NA,NA,NA,NA,NA
459,2,2,2,2,2,1,2,8,3,5,2,2,2,2,2,2,2,10,5,3,2,2,2,2,2,3,2,2,2,0,1,2,4,5
460,0,0,0,0,0,0,0,0,3,2,2,0,5,0,1,0,0,1,0,0,0,0,1,0,0,0,0,0,0,0,0,0,0,0
461,0,0,0,0,0,0,0,0,0,0,0,0,0,0,0,0,0,0,0,0,0,0,0,0,0,0,0,0,0,0,0,0,0,0
462,NA,NA,NA,NA,NA,NA,NA,NA,NA,NA,NA,NA,NA,NA,NA,NA,NA,NA,NA,NA,NA,NA,NA,NA,NA,NA,NA,NA,NA,NA,NA,NA,NA,NA
463,0,3,2,3,15,1,0,2,3,3,2,1,0,0,2,0,2,3,0,0,0,0,0,0,0,0,0,5,13,2,3,2,2,2
464,0,0,0,0,0,6,2,0,0,0,1,0,1,1,0,0,0,0,0,0,7,2,5,0,2,2,0,1,0,1,0,0,1,2
465,2,1,2,3,3,2,0,0,0,1,0,3,2,2,0,1,2,2,2,2,3,1,9,0,0,1,0,1,0,0,3,2,2,2
466,0,0,0,0,0,1,3,2,1,1,2,1,1,8,2,1,0,0,0,0,0,8,4,6,7,2,2,2,7,3,3,6,2,13
467,2,1,1,5,2,2,1,1,2,2,2,1,1,0,1,0,0,0,0,0,0,0,0,0,0,0,0,0,0,0,0,0,0,0
468,0,2,1,1,2,0,2,0,0,0,3,2,2,2,2,0,0,0,0,0,0,0,0,0,0,0,0,0,0,3,1,3,3,2
469,0,0,0,0,0,0,0,0,0,0,0,0,0,0,0,0,0,5,2,2,3,2,6,2,2,3,2,1,1,10,2,3,3,2
470,2,2,2,1,1,1,5,2,1,2,2,2,2,2,1,2,2,2,2,3,-1,0,9,2,2,2,1,1,2,10,3,1,1,7
471,0,0,0,0,0,0,0,1,0,0,0,0,0,4,2,1,1,0,0,1,1,0,0,0,0,0,0,0,0,0,0,0,0,0
472,2,2,7,2,0,2,1,2,14,1,0,0,1,0,1,4,0,1,2,2,2,1,4,2,2,2,2,2,2,1,1,1,1,2
473,0,0,1,0,0,0,0,3,1,0,3,2,2,1,0,3,0,1,0,0,0,0,0,0,0,0,0,0,2,0,0,0,0,0
474,2,1,1,1,3,2,2,1,0,0,0,0,0,0,1,2,1,0,1,0,0,0,0,0,1,0,1,0,2,3,2,3,6,1
475,1,1,0,1,2,2,2,0,2,2,8,1,1,2,0,3,0,0,0,1,0,0,0,0,0,0,1,1,1,0,1,1,2,2
476,NA,NA,NA,NA,NA,NA,NA,NA,NA,NA,NA,NA,NA,NA,NA,NA,NA,NA,NA,NA,NA,NA,NA,NA,NA,NA,NA,NA,NA,NA,NA,NA,NA,NA
477,1,0,0,0,0,0,1,0,1,2,4,2,1,1,0,0,0,0,0,0,0,0,0,0,0,0,0,1,0,0,1,0,0,0
478,NA,NA,NA,NA,NA,NA,NA,NA,NA,NA,NA,NA,NA,NA,NA,NA,0,0,4,4,1,1,2,1,1,3,1,1,1,0,0,0,1,4
479,0,2,2,2,3,8,1,2,1,1,6,7,2,2,0,3,2,5,1,2,3,2,0,2,1,0,8,1,0,0,0,0,0,0
480,NA,NA,NA,NA,NA,NA,NA,NA,NA,NA,NA,NA,NA,NA,NA,NA,NA,NA,NA,NA,NA,NA,NA,NA,NA,NA,NA,NA,NA,NA,NA,NA,NA,NA
481,6,2,8,10,2,2,0,1,5,9,2,3,9,15,14,15,6,6,3,3,2,8,12,0,7,6,12,8,6,3,8,2,7,11
482,3,0,0,0,3,2,8,1,1,3,2,0,2,1,0,3,3,2,3,4,2,3,2,0,6,1,2,3,9,1,1,1,3,1
483,3,0,1,1,3,2,1,2,2,3,0,3,2,2,2,3,3,1,3,3,1,3,2,0,1,11,1,9,3,3,3,2,4,2
484,0,2,3,5,3,2,2,2,10,18,2,19,2,10,2,11,10,2,3,3,2,11,2,0,9,3,13,6,7,11,6,2,8,9
485,1,1,1,3,2,0,0,0,0,0,0,0,0,0,0,0,0,0,0,0,0,0,0,0,0,0,0,0,0,0,0,0,0,0
486,NA,NA,NA,NA,NA,NA,NA,NA,NA,NA,NA,NA,NA,NA,NA,NA,NA,NA,NA,NA,NA,NA,NA,NA,NA,NA,NA,NA,NA,NA,NA,NA,NA,NA
487,NA,NA,NA,NA,NA,NA,NA,NA,NA,NA,NA,NA,NA,NA,NA,NA,NA,NA,NA,NA,NA,NA,NA,NA,NA,NA,NA,NA,NA,NA,NA,NA,NA,NA
488,3,2,3,3,1,0,0,0,0,4,1,3,3,5,0,1,0,1,1,1,1,0,1,0,0,1,2,1,1,1,1,0,1,1
489,3,15,6,1,3,1,2,7,2,11,1,1,1,6,2,1,1,6,3,6,1,1,0,0,2,6,7,19,10,1,3,2,19,5
490,3,2,2,2,3,1,2,2,2,3,1,8,2,2,2,2,3,1,3,3,2,2,2,0,1,1,0,0,1,0,3,2,13,12
491,0,1,0,0,0,1,1,7,1,1,1,1,2,1,1,1,1,1,0,1,0,1,4,0,1,1,0,0,0,0,0,0,0,0
492,1,1,5,2,1,5,5,2,1,2,5,2,2,2,2,0,0,0,0,0,0,0,0,0,1,1,3,2,3,2,2,2,2,1
493,2,2,1,3,3,2,2,2,1,0,2,0,1,1,0,1,3,0,2,3,0,2,2,0,1,0,0,0,1,0,0,0,3,2
494,0,0,0,0,0,0,0,0,0,0,0,0,0,0,0,0,0,0,0,0,0,0,0,0,0,0,0,0,0,0,0,0,0,0
495,10,2,2,3,2,3,2,10,2,2,2,1,2,2,2,2,3,2,5,1,2,2,2,0,2,2,3,0,8,2,1,2,9,2
496,NA,NA,NA,NA,NA,NA,NA,NA,NA,NA,NA,NA,NA,NA,NA,NA,NA,NA,NA,NA,NA,NA,NA,NA,NA,NA,NA,NA,NA,NA,NA,NA,NA,NA
497,0,0,1,4,1,0,0,1,0,0,0,1,0,1,1,0,0,0,0,0,0,0,0,0,0,0,0,0,0,0,0,1,1,0
498,1,1,1,2,1,1,2,0,0,2,0,0,0,1,0,0,1,5,4,2,2,1,2,0,1,3,3,2,3,2,2,2,5,2
499,1,1,0,1,1,0,0,1,1,1,1,0,0,0,0,0,0,0,0,0,0,0,0,0,0,0,0,0,0,0,0,0,0,0
500,0,0,0,0,0,0,0,0,0,0,0,0,0,0,2,1,3,2,1,1,0,0,6,0,1,3,3,0,3,2,2,2,4,1
501,NA,NA,NA,NA,NA,NA,NA,NA,NA,NA,NA,NA,NA,NA,NA,NA,NA,NA,NA,NA,NA,NA,NA,NA,NA,NA,NA,NA,NA,NA,NA,NA,NA,NA
502,NA,NA,NA,NA,NA,NA,NA,NA,NA,NA,NA,NA,NA,NA,NA,NA,NA,NA,NA,NA,NA,NA,NA,NA,NA,NA,NA,NA,NA,NA,NA,NA,NA,NA
503,1,2,2,2,1,1,2,3,2,2,0,0,3,2,2,6,0,0,3,8,2,2,2,0,1,1,2,1,2,2,2,3,4,0
504,5,1,1,3,3,6,2,9,2,-1,0,1,0,0,0,0,0,0,0,0,0,0,0,0,0,0,0,0,0,0,0,0,0,0
505,NA,NA,NA,NA,NA,NA,NA,NA,NA,NA,NA,NA,NA,NA,NA,NA,NA,NA,NA,NA,NA,NA,NA,NA,NA,NA,NA,NA,NA,NA,NA,NA,NA,NA
506,NA,NA,NA,NA,NA,NA,NA,NA,NA,NA,NA,NA,NA,NA,0,0,0,0,0,0,0,0,0,0,0,0,0,0,0,0,0,0,0,0
507,1,0,6,3,0,0,0,0,0,0,0,1,1,0,0,0,0,0,1,1,1,1,4,0,1,1,1,2,0,1,0,0,0,0
508,0,0,0,1,0,0,1,0,0,0,1,0,0,0,0,0,0,0,0,0,0,0,0,0,0,0,0,0,0,0,0,0,0,0
509,6,1,1,2,1,3,1,0,2,1,5,0,1,3,2,1,3,1,0,2,1,0,2,2,2,1,1,1,1,0,0,2,1,1
510,0,0,0,1,1,0,1,7,2,14,1,10,0,2,2,8,0,13,2,9,0,2,1,1,2,6,1,1,1,0,2,5,3,1
511,NA,NA,NA,NA,NA,NA,NA,NA,NA,NA,NA,NA,NA,NA,NA,NA,NA,NA,NA,NA,NA,NA,NA,NA,NA,NA,NA,NA,NA,NA,NA,NA,NA,NA
512,21,1,10,10,2,2,0,0,1,1,1,3,2,3,1,2,2,6,1,6,6,5,2,2,5,3,2,2,2,0,2,0,2,0
513,0,0,0,0,0,0,0,0,0,0,0,0,0,0,0,0,1,0,0,1,0,1,0,0,1,0,0,0,0,0,0,1,0,0
514,NA,NA,NA,NA,NA,NA,NA,NA,NA,NA,NA,0,0,0,0,0,0,0,0,0,0,0,0,0,0,0,0,0,0,0,0,0,0,0
515,NA,NA,NA,NA,NA,NA,NA,NA,NA,NA,NA,NA,NA,NA,NA,NA,NA,NA,NA,NA,NA,NA,NA,NA,NA,NA,NA,NA,NA,NA,NA,NA,NA,NA
516,0,4,0,0,0,1,0,0,0,0,0,0,1,0,0,0,0,0,0,0,0,0,1,0,0,0,0,0,0,0,1,0,0,1
517,-2,2,1,5,2,2,2,2,2,1,9,2,2,2,2,2,1,1,0,3,2,2,2,2,2,2,1,2,2,0,2,2,4,2
518,7,2,2,5,1,1,0,1,1,0,1,1,0,1,1,1,1,1,1,1,0,0,1,2,4,1,0,1,1,0,1,2,1,1
519,1,1,1,0,0,0,9,8,2,5,2,3,1,0,1,7,2,3,8,9,5,2,2,1,0,1,1,2,1,0,1,1,1,2
520,5,2,5,3,1,0,13,14,5,9,2,5,2,2,13,9,2,3,2,2,2,0,0,0,0,0,1,1,2,0,0,0,0,0
521,2,1,1,2,0,0,2,3,2,2,1,2,2,2,2,2,2,3,2,0,1,1,0,1,1,0,0,0,2,0,1,1,3,2
522,7,2,2,3,3,1,4,6,2,0,7,3,6,8,2,2,15,5,2,2,2,2,0,8,5,0,1,1,0,0,0,0,0,0
523,6,2,2,5,3,1,0,2,3,6,2,-2,0,0,0,3,15,2,5,1,3,1,16,0,2,1,2,2,12,0,3,8,5,0
524,0,0,0,0,0,0,0,0,0,0,0,0,0,0,0,0,0,0,0,0,0,0,0,0,0,0,0,0,0,0,0,0,0,0
525,0,1,0,0,1,1,1,0,1,0,0,0,0,4,1,-2,9,2,2,2,12,2,2,4,0,2,0,1,0,0,0,0,1,8
526,0,1,0,1,2,2,0,1,0,2,1,0,1,1,1,1,1,1,1,0,1,1,1,0,1,1,1,1,2,2,3,1,1,5
527,NA,NA,NA,NA,NA,NA,NA,NA,NA,NA,NA,NA,NA,NA,NA,NA,NA,NA,NA,NA,NA,NA,NA,NA,NA,NA,NA,NA,NA,NA,NA,NA,NA,NA
528,NA,NA,NA,NA,NA,NA,NA,NA,NA,NA,NA,NA,NA,NA,NA,NA,NA,NA,NA,NA,NA,NA,NA,NA,NA,NA,NA,NA,NA,NA,NA,NA,NA,NA
529,NA,NA,NA,NA,NA,NA,NA,NA,NA,NA,NA,NA,NA,NA,NA,NA,NA,NA,NA,NA,NA,NA,NA,NA,NA,NA,NA,NA,NA,NA,NA,NA,NA,NA
530,2,2,2,2,3,2,2,2,2,0,0,3,3,5,2,2,0,0,0,2,2,1,2,2,2,2,2,7,2,3,6,3,0,0
531,7,1,1,11,3,2,3,8,2,2,2,3,1,0,0,2,9,9,1,1,13,2,10,2,10,2,1,2,2,3,3,9,2,1
532,NA,NA,NA,NA,NA,NA,NA,NA,NA,NA,NA,NA,NA,NA,NA,NA,NA,NA,NA,NA,NA,NA,NA,NA,NA,NA,NA,NA,NA,0,0,0,0,0
533,1,1,2,2,3,2,1,0,2,2,2,6,10,2,1,0,2,1,2,9,1,2,2,0,0,0,2,2,0,0,1,2,0,0
534,0,0,1,3,3,0,5,2,2,2,5,3,0,0,0,2,3,2,1,13,1,2,2,1,2,0,0,0,0,0,0,0,0,0
535,NA,NA,NA,NA,NA,NA,NA,NA,NA,NA,0,0,0,0,0,0,0,0,0,0,0,0,0,0,0,0,0,0,0,0,0,0,0,0
536,8,2,2,1,2,0,14,2,2,2,10,2,2,2,10,10,5,0,1,5,2,2,2,1,2,2,1,6,5,0,1,1,1,2
537,NA,NA,NA,NA,NA,NA,NA,NA,NA,NA,NA,NA,NA,NA,NA,NA,NA,NA,NA,NA,NA,NA,NA,NA,NA,NA,NA,NA,NA,NA,NA,NA,NA,NA
538,NA,NA,NA,NA,NA,NA,NA,NA,NA,NA,NA,NA,NA,NA,NA,NA,NA,NA,NA,NA,NA,NA,NA,NA,NA,NA,NA,NA,NA,NA,NA,NA,NA,NA
539,NA,NA,NA,NA,NA,NA,NA,NA,NA,NA,NA,NA,NA,NA,NA,NA,NA,NA,NA,NA,NA,NA,NA,NA,NA,NA,NA,NA,NA,NA,NA,NA,NA,NA
540,1,0,0,0,1,0,0,0,0,0,0,1,0,1,2,5,1,0,1,0,4,0,1,0,0,0,0,0,0,0,0,0,0,0
541,0,0,0,0,0,0,0,0,0,0,0,0,0,0,0,0,1,1,0,1,1,0,6,0,2,2,2,1,0,1,1,8,2,8
542,NA,NA,NA,NA,NA,NA,NA,NA,NA,NA,NA,NA,NA,NA,NA,NA,NA,NA,NA,NA,NA,NA,NA,NA,NA,NA,NA,NA,NA,NA,NA,NA,NA,NA
543,NA,NA,NA,NA,NA,NA,NA,NA,NA,NA,NA,NA,NA,NA,NA,NA,NA,NA,NA,NA,NA,NA,NA,NA,NA,NA,NA,NA,NA,NA,NA,NA,NA,NA
544,NA,NA,NA,NA,NA,NA,NA,NA,NA,NA,NA,NA,NA,NA,NA,NA,NA,NA,NA,NA,NA,NA,NA,NA,NA,NA,NA,NA,NA,NA,NA,NA,NA,NA
545,NA,NA,NA,NA,NA,NA,NA,NA,NA,NA,NA,NA,NA,NA,NA,NA,NA,NA,NA,NA,NA,NA,NA,NA,NA,NA,NA,NA,NA,NA,NA,NA,NA,NA
546,0,0,1,0,0,1,1,0,0,0,0,1,6,1,1,2,0,0,0,0,0,0,0,0,0,0,0,1,2,2,1,0,0,0
547,0,1,1,1,1,1,1,1,1,4,7,5,1,1,6,0,1,7,2,1,1,1,2,2,12,2,9,5,2,6,1,0,0,1
548,2,13,2,2,2,7,12,11,2,9,2,1,5,2,7,13,6,2,2,13,2,2,2,0,2,2,2,2,2,2,2,6,4,0
549,2,0,6,4,3,2,1,3,2,1,1,3,2,2,6,3,1,7,2,13,2,7,9,18,8,3,7,9,2,8,11,5,9,0
550,0,0,0,0,0,0,1,0,1,0,0,0,0,0,0,0,0,0,0,0,0,1,0,1,0,0,0,1,1,1,1,-1,2,5
551,1,2,8,9,2,1,0,2,6,6,1,1,2,0,0,6,1,2,1,0,0,0,0,0,0,0,0,0,0,0,0,0,0,0
552,0,0,0,0,0,1,6,1,1,1,1,1,5,2,11,2,2,4,2,8,2,-1,0,8,2,1,1,1,2,2,9,4,1,1
553,1,2,2,6,7,2,11,2,2,1,1,2,1,4,1,4,1,1,6,1,1,1,5,1,1,1,2,1,6,0,2,13,6,8
554,NA,NA,NA,NA,NA,NA,NA,NA,NA,NA,NA,NA,NA,NA,NA,NA,NA,NA,NA,NA,NA,NA,NA,NA,NA,NA,NA,NA,NA,NA,NA,NA,NA,NA
555,NA,NA,NA,NA,NA,NA,NA,NA,NA,NA,NA,NA,NA,NA,NA,NA,NA,NA,NA,NA,NA,NA,NA,NA,NA,NA,NA,NA,NA,NA,NA,NA,NA,NA
556,0,1,0,0,1,1,1,0,0,1,0,0,1,1,0,1,1,1,1,0,1,0,0,0,0,1,0,0,0,0,0,0,11,12
557,6,1,12,9,2,7,9,9,5,12,8,2,6,0,6,2,0,6,0,8,2,6,9,0,1,1,2,8,1,16,1,6,2,4
558,0,1,0,0,0,12,1,7,4,0,1,1,1,7,8,15,5,2,1,6,0,0,2,0,1,1,5,1,2,1,1,7,18,0
559,NA,NA,NA,NA,NA,NA,NA,NA,NA,NA,NA,NA,NA,NA,NA,NA,NA,NA,NA,NA,NA,NA,NA,NA,NA,NA,NA,NA,NA,NA,NA,NA,NA,NA
560,0,0,0,0,0,0,0,0,0,0,0,0,0,0,0,0,0,0,0,0,0,0,0,0,0,0,0,0,0,0,0,0,0,0
561,2,7,5,-1,2,2,6,2,10,12,6,2,2,-1,2,1,2,2,6,2,2,2,1,0,2,10,5,2,6,14,1,2,7,2
562,0,0,0,0,0,0,0,0,0,0,0,0,0,0,0,0,0,0,0,0,0,0,0,0,0,0,0,0,0,0,0,0,0,0
563,NA,NA,NA,NA,NA,NA,NA,NA,NA,NA,NA,NA,NA,NA,NA,NA,NA,NA,NA,NA,NA,NA,NA,NA,NA,NA,NA,NA,NA,NA,NA,NA,NA,NA
564,0,1,0,1,0,0,5,4,1,0,0,0,0,0,0,0,0,0,0,0,0,0,0,0,0,0,0,0,0,0,0,0,0,0
565,NA,NA,NA,NA,NA,0,0,0,0,0,0,1,1,0,1,1,0,0,0,0,0,0,0,1,6,2,1,0,0,1,1,1,0,0
566,0,0,0,0,0,0,0,0,0,0,0,0,0,0,0,0,1,1,1,5,2,1,2,12,0,1,6,2,1,-2,2,2,2,5
567,1,1,1,1,0,1,10,0,1,0,0,2,5,0,0,0,1,8,0,0,0,0,2,0,0,0,0,0,0,5,8,2,8,2
568,NA,NA,NA,NA,NA,NA,NA,NA,NA,NA,NA,NA,NA,NA,NA,NA,NA,NA,NA,NA,NA,NA,NA,NA,NA,NA,NA,NA,NA,NA,NA,NA,NA,NA
569,NA,NA,NA,NA,NA,NA,NA,NA,NA,NA,NA,NA,NA,NA,NA,NA,NA,NA,NA,NA,NA,NA,NA,NA,NA,NA,NA,NA,NA,NA,NA,NA,NA,NA
570,NA,NA,NA,NA,NA,NA,NA,NA,NA,NA,NA,NA,NA,NA,NA,NA,NA,NA,NA,NA,NA,NA,NA,NA,NA,NA,NA,NA,NA,NA,NA,NA,NA,NA
571,NA,NA,NA,NA,NA,NA,NA,NA,NA,NA,NA,NA,NA,NA,NA,NA,NA,NA,NA,NA,NA,NA,NA,NA,NA,NA,NA,NA,NA,NA,NA,NA,NA,NA
572,NA,NA,NA,NA,NA,NA,NA,NA,NA,NA,NA,NA,NA,NA,NA,NA,NA,NA,NA,NA,NA,NA,NA,NA,NA,NA,NA,NA,NA,NA,NA,NA,NA,NA
573,NA,NA,NA,NA,NA,NA,NA,NA,NA,NA,NA,NA,NA,NA,NA,NA,NA,NA,NA,NA,NA,NA,NA,NA,NA,NA,NA,NA,NA,NA,NA,NA,NA,NA
574,10,0,1,1,8,0,1,0,0,1,1,0,1,5,1,1,1,0,0,0,0,0,1,0,0,0,0,1,1,0,0,1,0,1
575,0,0,1,0,6,2,1,2,2,7,0,1,0,1,1,2,1,2,1,1,0,2,2,0,2,2,2,0,0,1,5,2,8,0
576,6,1,2,2,1,4,1,5,1,2,17,2,-2,0,0,0,2,2,2,2,2,13,5,0,11,7,9,5,9,2,9,8,4,9
577,0,2,12,3,5,6,15,3,3,2,1,3,3,10,3,2,1,14,2,2,6,2,12,0,4,5,5,5,11,2,3,3,0,6
578,0,0,0,0,0,0,0,0,0,0,0,0,0,0,0,0,0,0,0,0,0,0,0,0,0,0,0,0,0,0,0,0,0,0
579,1,0,1,1,1,1,0,1,7,6,9,11,2,5,1,1,2,1,1,1,0,1,4,5,1,5,7,2,2,2,2,2,6,1
580,NA,NA,NA,0,0,0,0,0,0,0,0,0,0,0,0,0,0,0,0,0,0,0,0,0,0,0,0,0,0,0,0,0,0,0
581,0,13,2,-1,1,16,6,2,12,-1,0,0,0,0,2,7,2,2,1,1,5,0,9,0,6,7,8,9,6,2,12,0,6,16
582,NA,NA,NA,NA,NA,NA,NA,NA,NA,NA,NA,NA,NA,NA,NA,0,0,1,11,13,1,0,0,0,0,0,0,0,0,0,6,5,19,11
583,5,2,1,1,2,2,12,0,9,7,2,11,12,15,5,8,7,2,2,6,5,0,-1,0,0,0,7,12,0,0,0,0,0,0
584,12,2,8,8,5,12,2,2,1,1,12,2,2,8,2,11,5,2,2,21,2,6,6,12,16,2,2,13,6,2,2,2,2,8
585,6,6,2,2,2,2,0,2,2,1,1,0,1,0,1,4,0,4,2,2,1,0,0,0,2,2,2,5,8,3,5,1,2,0
586,NA,NA,NA,NA,NA,NA,NA,NA,NA,NA,NA,NA,NA,NA,NA,NA,NA,NA,NA,NA,NA,NA,NA,NA,NA,NA,NA,NA,NA,NA,NA,NA,NA,NA
587,0,0,0,0,0,0,0,0,0,0,0,0,0,0,0,0,0,0,0,0,0,0,0,0,0,0,0,0,0,0,0,0,0,0
588,NA,NA,NA,NA,NA,NA,NA,NA,NA,NA,NA,NA,NA,NA,NA,NA,NA,NA,NA,NA,NA,NA,NA,NA,NA,NA,NA,NA,NA,NA,NA,NA,NA,NA
589,NA,NA,NA,NA,NA,NA,NA,NA,NA,NA,NA,NA,NA,NA,NA,NA,NA,NA,NA,NA,NA,NA,NA,NA,NA,NA,NA,NA,NA,NA,NA,NA,NA,NA
590,NA,NA,NA,NA,NA,NA,NA,NA,NA,NA,NA,NA,NA,NA,NA,NA,NA,NA,NA,NA,NA,NA,NA,NA,NA,NA,NA,NA,NA,NA,NA,NA,NA,NA
591,13,2,2,1,5,0,7,0,5,2,8,1,1,2,9,0,0,0,0,0,1,0,1,0,1,1,7,6,0,0,0,1,2,5
592,5,12,2,13,2,2,7,2,9,1,0,0,0,0,0,0,0,0,0,0,0,0,0,0,0,0,0,0,0,0,0,0,1,2
593,NA,NA,NA,NA,NA,NA,NA,NA,NA,NA,NA,NA,NA,NA,NA,NA,NA,NA,NA,NA,NA,NA,NA,NA,NA,NA,NA,NA,NA,NA,NA,NA,NA,NA
594,NA,NA,NA,NA,NA,NA,NA,NA,NA,NA,NA,NA,NA,NA,NA,NA,NA,NA,0,7,13,0,5,0,1,0,0,0,1,5,1,4,0,1
595,0,1,1,0,0,0,0,1,1,1,1,2,1,0,7,1,2,4,7,1,5,0,1,0,1,1,2,2,1,1,1,2,3,0
596,NA,NA,NA,NA,NA,NA,NA,NA,NA,NA,NA,NA,NA,NA,NA,NA,NA,NA,NA,NA,NA,NA,NA,NA,NA,NA,NA,NA,NA,NA,NA,NA,NA,NA
597,0,0,0,0,0,0,0,0,0,0,0,0,0,0,0,0,0,0,1,1,0,1,3,0,2,2,2,2,1,2,2,0,1,0
598,0,1,1,0,0,1,1,1,1,1,1,0,0,2,10,6,11,2,9,1,2,1,5,0,1,0,1,0,5,1,1,0,4,7
599,1,1,0,0,1,0,1,0,2,4,2,1,2,2,4,1,0,0,0,1,1,0,3,0,1,1,2,0,1,1,0,8,2,2
600,0,0,0,0,0,0,0,0,0,0,1,0,0,0,0,0,1,1,1,1,0,0,0,0,0,0,0,0,0,0,0,0,0,0
601,NA,NA,NA,NA,NA,NA,NA,NA,NA,NA,NA,NA,NA,NA,NA,NA,NA,NA,NA,NA,NA,NA,NA,NA,NA,NA,NA,NA,NA,NA,NA,NA,NA,NA
602,2,2,2,2,2,13,2,1,0,0,0,0,0,1,0,0,0,0,0,0,0,0,0,0,0,0,0,0,0,0,0,0,0,0
603,NA,NA,NA,NA,NA,NA,NA,NA,NA,NA,NA,NA,NA,NA,NA,NA,NA,NA,0,0,1,1,1,1,1,2,4,2,1,5,5,5,2,8
604,0,0,0,0,0,0,0,0,0,0,1,0,0,0,1,0,1,0,0,0,0,0,0,0,0,0,1,0,0,0,0,0,0,0
605,1,5,1,2,1,9,1,5,1,0,0,0,0,1,1,0,0,0,1,1,1,0,1,0,1,2,4,2,5,0,0,1,1,1
606,9,0,0,0,0,0,8,13,2,13,2,2,2,4,16,2,17,5,2,6,1,20,13,0,0,0,0,1,12,4,5,2,31,17
607,2,7,0,0,1,2,1,0,15,1,13,2,2,5,1,1,2,13,2,1,2,7,13,1,2,0,0,1,2,6,2,8,8,12
608,6,2,9,2,2,2,2,5,2,4,2,1,2,8,2,2,1,9,9,7,2,9,5,0,0,0,11,1,2,2,2,1,2,1
609,NA,NA,NA,NA,NA,NA,NA,NA,NA,NA,NA,NA,NA,NA,0,1,0,0,0,0,0,0,0,0,0,0,0,0,0,0,0,0,0,0
610,2,0,0,0,0,1,0,1,0,2,4,2,2,7,17,1,2,8,2,1,2,2,12,2,2,1,2,2,1,2,5,1,1,5
611,0,0,0,0,0,0,0,1,1,2,13,0,0,0,0,0,1,2,0,0,1,0,5,0,0,2,0,2,1,1,1,2,6,2
612,0,0,0,0,0,0,0,0,0,1,0,2,0,1,1,1,0,0,0,0,0,0,0,0,0,0,0,0,0,0,0,0,0,0
613,NA,NA,NA,NA,NA,NA,NA,NA,NA,NA,NA,NA,NA,NA,NA,NA,NA,0,0,2,2,4,0,0,0,0,0,0,0,0,0,0,0,0
614,1,1,1,0,4,1,1,1,1,1,1,1,1,1,10,1,1,1,1,1,1,0,1,2,6,2,1,1,1,0,0,0,5,1
615,0,0,0,1,0,0,1,1,0,0,3,1,15,2,1,2,1,8,0,4,0,0,0,0,1,3,1,0,1,1,1,1,14,0
616,10,8,2,2,2,2,2,9,2,2,2,17,1,2,1,5,2,2,2,2,1,2,2,1,1,1,1,2,1,0,2,8,4,2
617,1,4,1,1,0,0,4,1,0,0,0,0,4,6,0,6,0,1,0,1,0,0,0,0,0,0,0,1,1,0,1,1,7,5
618,NA,NA,NA,NA,NA,NA,NA,NA,NA,NA,NA,NA,NA,NA,NA,NA,NA,NA,NA,NA,NA,NA,NA,NA,NA,NA,NA,NA,NA,NA,NA,NA,NA,NA
619,0,0,0,0,0,0,0,0,0,5,1,2,2,8,2,1,5,13,1,5,0,0,2,2,5,6,2,0,5,0,0,0,0,0
620,NA,NA,NA,NA,NA,NA,NA,NA,NA,NA,NA,NA,NA,NA,NA,NA,NA,NA,NA,NA,NA,NA,NA,NA,NA,NA,NA,NA,NA,NA,NA,NA,NA,NA
621,1,1,0,0,1,0,1,0,1,1,0,1,0,1,0,0,1,0,1,0,0,0,0,0,0,0,0,0,0,0,0,1,1,1
622,NA,NA,NA,NA,NA,NA,NA,NA,NA,NA,NA,NA,NA,NA,NA,NA,NA,NA,NA,NA,NA,NA,NA,NA,NA,NA,NA,NA,NA,NA,NA,NA,NA,NA
623,NA,NA,NA,NA,NA,NA,NA,NA,NA,NA,NA,NA,NA,NA,NA,NA,NA,NA,NA,NA,NA,NA,NA,NA,NA,NA,NA,NA,NA,NA,NA,NA,NA,NA
624,0,0,0,0,0,0,0,2,8,0,0,0,0,0,0,0,0,0,0,0,0,0,0,0,0,0,1,0,0,1,0,0,0,0
625,1,1,0,0,1,0,0,1,1,1,1,2,2,0,2,9,0,0,0,0,1,1,5,0,10,1,0,0,1,0,1,1,1,2
