FirstName;Surname;PositionsList;Team;Cost;PointsLastRound;TotalPoints;AveragePoints;AveragePointsPerDollar;TotalPointsPerDollar;GameweekWeighting;TransfersOut;YellowCards;GoalsConceded;GoalsConcededPoints;Saves;SavesPoints;GoalsScored;GoalsScoredPoints;ValueSeason;TransfersOutRound;PriceRise;PriceFallRound;LastSeasonPoints;PriceFall;ValueForm;PenaltiesMissed;Form;Bonus;FanRating;CleanSheets;CleanSheetPoints;Assists;SelectedByPercent;TransfersIn;OwnGoals;EAIndex;PenaltiesSaved;DreamteamCount;MinutesPlayed;TransfersInRound;PriceRiseRound;RedCards;BPS;NextFixture1;NextFixture2;NextFixture3;NextFixture4;NextFixture5;GW6Forecast;GW7Forecast;GW8Forecast;GW9Forecast;GW10Forecast;GW11Forecast;GW12Forecast;GW13Forecast;GW14Forecast;GW15Forecast;GW16Forecast;GW17Forecast;GW18Forecast;GW19Forecast;GW20Forecast;GW21Forecast;GW22Forecast;GW23Forecast;GW24Forecast;GW25Forecast;GW26Forecast;GW27Forecast;GW28Forecast;GW29Forecast;GW30Forecast;GW31Forecast;GW32Forecast;GW33Forecast;GW34Forecast;GW35Forecast;GW36Forecast;GW37Forecast;GW38Forecast
Almen;Abdi;MID;WAT;5000000;;;;;;;;;;;;;;;;;;;;;;;;;;;;;;;;;;;;;;;;Man Utd;Burnley;Bournemouth;Middlesbrough;Swansea;;;;;;;;;;;;;;;;;;;;;;;;;;;;;;;;;
Charlie;Adam;MID;STK;4800000;0;;;;;;;1;0;;;;;;;;;;;;;;;;;;;;;;;;;;19;;;;;Crystal Palace;West Brom;Man Utd;Sunderland;Hull;;;;;;;;;;;;;;;;;;;;;;;;;;;;;;;;;
Albert;Adomah;MID;MID;5400000;;;;;;;;;;;;;;;;;;;;;;;;;;;;;;;;;;;;;;;;Everton;Tottenham;West Ham;Watford;Arsenal;;;;;;;;;;;;;;;;;;;;;;;;;;;;;;;;;
;Adrian;GLK;WHU;5000000;0;;;;;;;;4;;;;;;;;;;;;;;;;;;;;;;;;;;90;;;;;West Brom;Southampton;Middlesbrough;Crystal Palace;Sunderland;;;;;;;;;;;;;;;;;;;;;;;;;;;;;;;;;
Ibrahim;Afellay;MID;STK;5400000;;;;;;;;;;;;;;;;;;;;;;;;;;;;;;;;;;;;;;;;Crystal Palace;West Brom;Man Utd;Sunderland;Hull;;;;;;;;;;;;;;;;;;;;;;;;;;;;;;;;;
Benik;Afobe;FWD;BOU;5700000;;;;;;;;;;;;;;;;;;;;;;;;;;;;;;;;;;;;;;;;Man City;Everton;Watford;Hull;Tottenham;;;;;;;;;;;;;;;;;;;;;;;;;;;;;;;;;
Sergio;Aguero;FWD;MCI;13000000;;;;;;;;;;;;;;;;;;;;;;;;;;;;;;;;;;;;;;;;Bournemouth;Swansea;Tottenham;Everton;Southampton;;;;;;;;;;;;;;;;;;;;;;;;;;;;;;;;;
Ola;Aina;DEF;CHE;4800000;;;;;;;;;;;;;;;;;;;;;;;;;;;;;;;;;;;;;;;;Liverpool;Arsenal;Hull;Leicester;Man Utd;;;;;;;;;;;;;;;;;;;;;;;;;;;;;;;;;
Nathan;Ake;DEF;BOU;4400000;;;;;;;;;;;;;;;;;;;;;;;;;;;;;;;;;;;;;;;;Man City;Everton;Watford;Hull;Tottenham;;;;;;;;;;;;;;;;;;;;;;;;;;;;;;;;;
Chuba;Akpom;FWD;ARS;5200000;;;;;;;;;;;;;;;;;;;;;;;;;;;;;;;;;;;;;;;;Hull;Chelsea;Burnley;Swansea;Middlesbrough;;;;;;;;;;;;;;;;;;;;;;;;;;;;;;;;;
Marc;Albrighton;MID;LEI;5300000;2;;;;;;;;3;;;;;;;;;;;;;;;;;;;;;;;;;;65;;;;;Burnley;Man Utd;Southampton;Chelsea;Crystal Palace;;;;;;;;;;;;;;;;;;;;;;;;;;;;;;;;;
Toby;Alderweireld;DEF;TOT;6500000;6;;;;;;;;0;;;;;;;;;;;;;;;;;1;;;;;;;;;90;;;;;Sunderland;Middlesbrough;Man City;West Brom;Bournemouth;;;;;;;;;;;;;;;;;;;;;;;;;;;;;;;;;
Trent;Alexander-Arnold;MID;LIV;4400000;;;;;;;;;;;;;;;;;;;;;;;;;;;;;;;;;;;;;;;;Chelsea;Hull;Swansea;Man Utd;West Brom;;;;;;;;;;;;;;;;;;;;;;;;;;;;;;;;;
Joe;Allen;MID;STK;4800000;2;;;;;;;;4;;;;;;;;;;;;;;;;;;;;;;;;;;90;;;;;Crystal Palace;West Brom;Man Utd;Sunderland;Hull;;;;;;;;;;;;;;;;;;;;;;;;;;;;;;;;;
Bamidele;Alli;MID;TOT;8300000;11;;;;;;;;0;;;;1;;;;;;;;;;;;;1;;;;;;;;;90;;;;;Sunderland;Middlesbrough;Man City;West Brom;Bournemouth;;;;;;;;;;;;;;;;;;;;;;;;;;;;;;;;;
Marcos;Alonso;DEF;CHE;5900000;;;;;;;;;;;;;;;;;;;;;;;;;;;;;;;;;;;;;;;;Liverpool;Arsenal;Hull;Leicester;Man Utd;;;;;;;;;;;;;;;;;;;;;;;;;;;;;;;;;
Daniel;Amartey;MID;LEI;4500000;1;;;;;;;1;4;;;;;;;;;;;;;;;;;;;;;;;;;;90;;;;;Burnley;Man Utd;Southampton;Chelsea;Crystal Palace;;;;;;;;;;;;;;;;;;;;;;;;;;;;;;;;;
Jordi;Amat;DEF;SWA;4100000;0;;;;;;;1;2;;;;;;;;;;;;;;;;;;;;;;;;;;90;;;;;Southampton;Man City;Liverpool;Arsenal;Watford;;;;;;;;;;;;;;;;;;;;;;;;;;;;;;;;;
Nordin;Amrabat;MID;WAT;5000000;;;;;;;;;;;;;;;;;;;;;;;;;;;;;;;;;;;;;;;;Man Utd;Burnley;Bournemouth;Middlesbrough;Swansea;;;;;;;;;;;;;;;;;;;;;;;;;;;;;;;;;
Keshi;Anderson;FWD;CRY;4500000;;;;;;;;;;;;;;;;;;;;;;;;;;;;;;;;;;;;;;;;Stoke;Sunderland;Everton;West Ham;Leicester;;;;;;;;;;;;;;;;;;;;;;;;;;;;;;;;;
;Angelino;DEF;MCI;4400000;;;;;;;;;;;;;;;;;;;;;;;;;;;;;;;;;;;;;;;;Bournemouth;Swansea;Tottenham;Everton;Southampton;;;;;;;;;;;;;;;;;;;;;;;;;;;;;;;;;
Victor;Anichebe;FWD;SUN;4500000;;;;;;;;;;;;;;;;;;;;;;;;;;;;;;;;;;;;;;;;Tottenham;Crystal Palace;West Brom;Stoke;West Ham;;;;;;;;;;;;;;;;;;;;;;;;;;;;;;;;;
Michail;Antonio;MID;WHU;7300000;12;;;;;;;;4;;;;2;;;;;;;;;;;;;;;;;;;;;;90;;;;;West Brom;Southampton;Middlesbrough;Crystal Palace;Sunderland;;;;;;;;;;;;;;;;;;;;;;;;;;;;;;;;;
Ikechi;Anya;MID;WAT;4500000;;;;;;;;;;;;;;;;;;;;;;;;;;;;;;;;;;;;;;;;Man Utd;Burnley;Bournemouth;Middlesbrough;Swansea;;;;;;;;;;;;;;;;;;;;;;;;;;;;;;;;;
Alvaro;Arbeloa;DEF;WHU;4900000;;;;;;;;;;;;;;;;;;;;;;;;;;;;;;;;;;;;;;;;West Brom;Southampton;Middlesbrough;Crystal Palace;Sunderland;;;;;;;;;;;;;;;;;;;;;;;;;;;;;;;;;
Scott;Arfield;MID;BUR;5300000;0;;;;;;;1;0;;;;;;;;;;;;;;;;;;;;;;;;;;14;;;;;Leicester;Watford;Arsenal;Southampton;Everton;;;;;;;;;;;;;;;;;;;;;;;;;;;;;;;;;
Marko;Arnautovic;MID;STK;7300000;1;;;;;;;1;4;;;;;;;;;;;;;;;;;;;;;;;;;;90;;;;;Crystal Palace;West Brom;Man Utd;Sunderland;Hull;;;;;;;;;;;;;;;;;;;;;;;;;;;;;;;;;
Harry;Arter;MID;BOU;5000000;3;;;;;;;;0;;;;;;;;;;;;;;;;;1;;;;;;;;;90;;;;;Man City;Everton;Watford;Hull;Tottenham;;;;;;;;;;;;;;;;;;;;;;;;;;;;;;;;;
Takuma;Asano;FWD;ARS;4900000;;;;;;;;;;;;;;;;;;;;;;;;;;;;;;;;;;;;;;;;Hull;Chelsea;Burnley;Swansea;Middlesbrough;;;;;;;;;;;;;;;;;;;;;;;;;;;;;;;;;
Joel;Asoro;MID;SUN;4500000;;;;;;;;;;;;;;;;;;;;;;;;;;;;;;;;;;;;;;;;Tottenham;Crystal Palace;West Brom;Stoke;West Ham;;;;;;;;;;;;;;;;;;;;;;;;;;;;;;;;;
Charlie;Austin;FWD;SOU;6200000;;;;;;;;;;;;;;;;;;;;;;;;;;;;;;;;;;;;;;;;Swansea;West Ham;Leicester;Burnley;Man City;;;;;;;;;;;;;;;;;;;;;;;;;;;;;;;;;
Daniel;Ayala;DEF;MID;5000000;7;;;;;;;;2;;;;1;;;;;;;;;;;;;;;;;;;;;;90;;;;;Everton;Tottenham;West Ham;Watford;Arsenal;;;;;;;;;;;;;;;;;;;;;;;;;;;;;;;;;
Andre;Ayew;MID;WHU;7200000;;;;;;;;;;;;;;;;;;;;;;;;;;;;;;;;;;;;;;;;West Brom;Southampton;Middlesbrough;Crystal Palace;Sunderland;;;;;;;;;;;;;;;;;;;;;;;;;;;;;;;;;
Cesar;Azpilicueta;DEF;CHE;6000000;1;;;;;;;;2;;;;;;;;;;;;;;;;;;;;;;;;;;90;;;;;Liverpool;Arsenal;Hull;Leicester;Man Utd;;;;;;;;;;;;;;;;;;;;;;;;;;;;;;;;;
;Baba Rahman;DEF;CHE;5500000;;;;;;;;;;;;;;;;;;;;;;;;;;;;;;;;;;;;;;;;Liverpool;Arsenal;Hull;Leicester;Man Utd;;;;;;;;;;;;;;;;;;;;;;;;;;;;;;;;;
Eric;Bailly;DEF;MUN;5500000;0;;;;;;;1;2;;;;;;;;;;;;;;;;;;;;;;;;;;90;;;;;Watford;Leicester;Stoke;Liverpool;Chelsea;;;;;;;;;;;;;;;;;;;;;;;;;;;;;;;;;
Leighton;Baines;DEF;EVE;5600000;6;;;;;;;;0;;;;;;;;;;;;;;;;;1;;;;;;;;;90;;;;;Middlesbrough;Bournemoth;Crystal Palace;Man City;Burnley;;;;;;;;;;;;;;;;;;;;;;;;;;;;;;;;;
Mario;Balotelli;FWD;LIV;6300000;;;;;;;;;;;;;;;;;;;;;;;;;;;;;;;;;;;;;;;;Chelsea;Hull;Swansea;Man Utd;West Brom;;;;;;;;;;;;;;;;;;;;;;;;;;;;;;;;;
Patrick;Bamford;FWD;BUR;5000000;1;;;;;;;;0;;;;;;;;;;;;;;;;;;;;;;;;;;10;;;;;Leicester;Watford;Arsenal;Southampton;Everton;;;;;;;;;;;;;;;;;;;;;;;;;;;;;;;;;
Alex;Baptiste;DEF;MID;4000000;;;;;;;;;;;;;;;;;;;;;;;;;;;;;;;;;;;;;;;;Everton;Tottenham;West Ham;Watford;Arsenal;;;;;;;;;;;;;;;;;;;;;;;;;;;;;;;;;
Phil;Bardsley;DEF;STK;4500000;;;;;;;;;;;;;;;;;;;;;;;;;;;;;;;;;;;;;;;;Crystal Palace;West Brom;Man Utd;Sunderland;Hull;;;;;;;;;;;;;;;;;;;;;;;;;;;;;;;;;
Ross;Barkley;MID;EVE;7500000;1;;;;;;;;0;;;;;;;;;;;;;;;;;0;;;;;;;;;45;;;;;Middlesbrough;Bournemoth;Crystal Palace;Man City;Burnley;;;;;;;;;;;;;;;;;;;;;;;;;;;;;;;;;
Ashley;Barnes;FWD;BUR;4400000;;;;;;;;;;;;;;;;;;;;;;;;;;;;;;;;;;;;;;;;Leicester;Watford;Arsenal;Southampton;Everton;;;;;;;;;;;;;;;;;;;;;;;;;;;;;;;;;
Antonio;Barragan;DEF;MID;4500000;1;;;;;;;;2;;;;;;;;;;;;;;;;;;;;;;;;;;90;;;;;Everton;Tottenham;West Ham;Watford;Arsenal;;;;;;;;;;;;;;;;;;;;;;;;;;;;;;;;;
Modou;Barrow;FWD;SWA;5000000;1;;;;;;;;1;;;;;;;;;;;;;;;;;;;;;;;;;;49;;;;;Southampton;Man City;Liverpool;Arsenal;Watford;;;;;;;;;;;;;;;;;;;;;;;;;;;;;;;;;
Gareth;Barry;MID;EVE;4600000;3;;;;;;;;0;;;;;;;;;;;;;;;;;1;;;;;;;;;90;;;;;Middlesbrough;Bournemoth;Crystal Palace;Man City;Burnley;;;;;;;;;;;;;;;;;;;;;;;;;;;;;;;;;
Borja;Baston;FWD;SWA;6900000;;;;;;;;;;;;;;;;;;;;;;;;;;;;;;;;;;;;;;;;Southampton;Man City;Liverpool;Arsenal;Watford;;;;;;;;;;;;;;;;;;;;;;;;;;;;;;;;;
Michy;Batshuayi;FWD;CHE;8800000;1;;;;;;;;0;;;;;;;;;;;;;;;;;;;;;;;;;;2;;;;;Liverpool;Arsenal;Hull;Leicester;Man Utd;;;;;;;;;;;;;;;;;;;;;;;;;;;;;;;;;
Asmir;Begovic;GLK;CHE;4900000;;;;;;;;;;;;;;;;;;;;;;;;;;;;;;;;;;;;;;;;Liverpool;Arsenal;Hull;Leicester;Man Utd;;;;;;;;;;;;;;;;;;;;;;;;;;;;;;;;;
Valon;Behrami;MID;WAT;4500000;2;;;;;;;;2;;;;;;;;;;;;;;;;;;;;;;;;;;90;;;;;Man Utd;Burnley;Bournemouth;Middlesbrough;Swansea;;;;;;;;;;;;;;;;;;;;;;;;;;;;;;;;;
Hector;Bellerin;DEF;ARS;6500000;2;;;;;;;;1;;;;;;;;;;;;;;;;;;;;;;;;;;90;;;;;Hull;Chelsea;Burnley;Swansea;Middlesbrough;;;;;;;;;;;;;;;;;;;;;;;;;;;;;;;;;
Yohan;Benalouane;DEF;LEI;4000000;;;;;;;;;;;;;;;;;;;;;;;;;;;;;;;;;;;;;;;;Burnley;Man Utd;Southampton;Chelsea;Crystal Palace;;;;;;;;;;;;;;;;;;;;;;;;;;;;;;;;;
Nabil;Bentaleb;MID;TOT;4500000;;;;;;;;;;;;;;;;;;;;;;;;;;;;;;;;;;;;;;;;Sunderland;Middlesbrough;Man City;West Brom;Bournemouth;;;;;;;;;;;;;;;;;;;;;;;;;;;;;;;;;
Saido;Berahino;FWD;WBA;6200000;2;;;;;;;;0;;;;;;;;;;;;;;;;;1;;;;;;;;;63;;;;;West Ham;Stoke;Sunderland;Tottenham;Liverpool;;;;;;;;;;;;;;;;;;;;;;;;;;;;;;;;;
Steven;Berghuis;MID;WAT;5000000;;;;;;;;;;;;;;;;;;;;;;;;;;;;;;;;;;;;;;;;Man Utd;Burnley;Bournemouth;Middlesbrough;Swansea;;;;;;;;;;;;;;;;;;;;;;;;;;;;;;;;;
;Bernardo;DEF;MID;4400000;;;;;;;;;;;;;;;;;;;;;;;;;;;;;;;;;;;;;;;;Everton;Tottenham;West Ham;Watford;Arsenal;;;;;;;;;;;;;;;;;;;;;;;;;;;;;;;;;
Ryan;Bertrand;DEF;SOU;5400000;0;;;;;;;1;2;;;;;;;;;;;;;;;;;;;;;;;;;;90;;;;;Swansea;West Ham;Leicester;Burnley;Man City;;;;;;;;;;;;;;;;;;;;;;;;;;;;;;;;;
Muhamed;Besic;MID;EVE;4400000;;;;;;;;;;;;;;;;;;;;;;;;;;;;;;;;;;;;;;;;Middlesbrough;Bournemoth;Crystal Palace;Man City;Burnley;;;;;;;;;;;;;;;;;;;;;;;;;;;;;;;;;
Daley;Blind;DEF;MUN;5500000;1;;;;;;;;2;;;;;;;;;;;;;;;;;;;;;;;;;;90;;;;;Watford;Leicester;Stoke;Liverpool;Chelsea;;;;;;;;;;;;;;;;;;;;;;;;;;;;;;;;;
Hiram;Boateng;MID;CRY;4500000;;;;;;;;;;;;;;;;;;;;;;;;;;;;;;;;;;;;;;;;Stoke;Sunderland;Everton;West Ham;Leicester;;;;;;;;;;;;;;;;;;;;;;;;;;;;;;;;;
;Bojan;MID;STK;5900000;1;;;;;;;;1;;;;;;;;;;;;;;;;;;;;;;;;;;23;;;;;Crystal Palace;West Brom;Man Utd;Sunderland;Hull;;;;;;;;;;;;;;;;;;;;;;;;;;;;;;;;;
Yannick;Bolasie;MID;EVE;6100000;6;;;;;;;;0;;;;;;;;;;;;;;;;;1;;1;;;;;;;76;;;;;Middlesbrough;Bournemoth;Crystal Palace;Man City;Burnley;;;;;;;;;;;;;;;;;;;;;;;;;;;;;;;;;
Wilfried;Bony;FWD;STK;7300000;2;;;;;;;;4;;;;;;;;;;;;;;;;;;;;;;;;;;90;;;;;Crystal Palace;West Brom;Man Utd;Sunderland;Hull;;;;;;;;;;;;;;;;;;;;;;;;;;;;;;;;;
Fabio;Borini;FWD;SUN;5300000;;;;;;;;;;;;;;;;;;;;;;;;;;;;;;;;;;;;;;;;Tottenham;Crystal Palace;West Brom;Stoke;West Ham;;;;;;;;;;;;;;;;;;;;;;;;;;;;;;;;;
Cameron;Borthwick-Jackson;DEF;MUN;4400000;;;;;;;;;;;;;;;;;;;;;;;;;;;;;;;;;;;;;;;;Watford;Leicester;Stoke;Liverpool;Chelsea;;;;;;;;;;;;;;;;;;;;;;;;;;;;;;;;;
Artur;Boruc;GLK;BOU;4500000;6;;;;;;;;0;;;;;;;;;;;;;;;;;1;;;;;;;;;90;;;;;Man City;Everton;Watford;Hull;Tottenham;;;;;;;;;;;;;;;;;;;;;;;;;;;;;;;;;
Sofiane;Boufal;MID;SOU;6900000;;;;;;;;;;;;;;;;;;;;;;;;;;;;;;;;;;;;;;;;Swansea;West Ham;Leicester;Burnley;Man City;;;;;;;;;;;;;;;;;;;;;;;;;;;;;;;;;
Jarrod;Bowen;FWD;HUL;4500000;;;;;;;;;;;;;;;;;;;;;;;;;;;;;;;;;;;;;;;;Arsenal;Liverpool;Chelsea;Bournemouth;Stoke;;;;;;;;;;;;;;;;;;;;;;;;;;;;;;;;;
George;Boyd;MID;BUR;5400000;2;;;;;;;;1;;;;;;;;;;;;;;;;;;;;;;;;;;90;;;;;Leicester;Watford;Arsenal;Southampton;Everton;;;;;;;;;;;;;;;;;;;;;;;;;;;;;;;;;
Cameron;Brannagan;MID;LIV;4400000;;;;;;;;;;;;;;;;;;;;;;;;;;;;;;;;;;;;;;;;Chelsea;Hull;Swansea;Man Utd;West Brom;;;;;;;;;;;;;;;;;;;;;;;;;;;;;;;;;
Claudio;Bravo;GLK;MCI;5500000;2;;;;;;;;1;;;;;;;;;;;;;;;;;;;;;;;;;;90;;;;;Bournemouth;Swansea;Tottenham;Everton;Southampton;;;;;;;;;;;;;;;;;;;;;;;;;;;;;;;;;
Miguel;Britos;DEF;WAT;4400000;1;;;;;;;;2;;;;;;;;;;;;;;;;;;;;;;;;;;90;;;;;Man Utd;Burnley;Bournemouth;Middlesbrough;Swansea;;;;;;;;;;;;;;;;;;;;;;;;;;;;;;;;;
Leon;Britton;MID;SWA;4400000;;;;;;;;;;;;;;;;;;;;;;;;;;;;;;;;;;;;;;;;Southampton;Man City;Liverpool;Arsenal;Watford;;;;;;;;;;;;;;;;;;;;;;;;;;;;;;;;;
Tyias;Browning;DEF;EVE;3900000;;;;;;;;;;;;;;;;;;;;;;;;;;;;;;;;;;;;;;;;Middlesbrough;Bournemoth;Crystal Palace;Man City;Burnley;;;;;;;;;;;;;;;;;;;;;;;;;;;;;;;;;
Alex;Bruce;DEF;HUL;4000000;;;;;;;;;;;;;;;;;;;;;;;;;;;;;;;;;;;;;;;;Arsenal;Liverpool;Chelsea;Bournemouth;Stoke;;;;;;;;;;;;;;;;;;;;;;;;;;;;;;;;;
Chris;Brunt;DEF;WBA;4900000;;;;;;;;;;;;;;;;;;;;;;;;;;;;;;;;;;;;;;;;West Ham;Stoke;Sunderland;Tottenham;Liverpool;;;;;;;;;;;;;;;;;;;;;;;;;;;;;;;;;
Reece;Burke;DEF;WHU;4000000;;;;;;;;;;;;;;;;;;;;;;;;;;;;;;;;;;;;;;;;West Brom;Southampton;Middlesbrough;Crystal Palace;Sunderland;;;;;;;;;;;;;;;;;;;;;;;;;;;;;;;;;
Jack;Butland;GLK;STK;4800000;;;;;;;;;;;;;;;;;;;;;;;;;;;;;;;;;;;;;;;;Crystal Palace;West Brom;Man Utd;Sunderland;Hull;;;;;;;;;;;;;;;;;;;;;;;;;;;;;;;;;
Sam;Byram;DEF;WHU;4500000;-1;;;;;;;1;4;;;;;;;;;;;;;;;;;;;;;;;;;;85;;;;;West Brom;Southampton;Middlesbrough;Crystal Palace;Sunderland;;;;;;;;;;;;;;;;;;;;;;;;;;;;;;;;;
Willy;Caballero;GLK;MCI;5000000;;;;;;;;;;;;;;;;;;;;;;;;;;;;;;;;;;;;;;;;Bournemouth;Swansea;Tottenham;Everton;Southampton;;;;;;;;;;;;;;;;;;;;;;;;;;;;;;;;;
Yohan;Cabaye;MID;CRY;5700000;;;;;;;;;;;;;;;;;;;;;;;;;;;;;;;;;;;;;;;;Stoke;Sunderland;Everton;West Ham;Leicester;;;;;;;;;;;;;;;;;;;;;;;;;;;;;;;;;
Gary;Cahill;DEF;CHE;6000000;1;;;;;;;;2;;;;;;;;;;;;;;;;;;;;;;;;;;90;;;;;Liverpool;Arsenal;Hull;Leicester;Man Utd;;;;;;;;;;;;;;;;;;;;;;;;;;;;;;;;;
Jonathan;Calleri;FWD;WHU;6900000;1;;;;;;;;0;;;;;;;;;;;;;;;;;;;;;;;;;;21;;;;;West Brom;Southampton;Middlesbrough;Crystal Palace;Sunderland;;;;;;;;;;;;;;;;;;;;;;;;;;;;;;;;;
;Callum Wilson;FWD;BOU;6400000;6;;;;;;;;0;;;;1;;;;;;;;;;;;;1;;;;;;;;;90;;;;;Man City;Everton;Watford;Hull;Tottenham;;;;;;;;;;;;;;;;;;;;;;;;;;;;;;;;;
Geoff;Cameron;DEF;STK;4400000;0;;;;;;;;4;;;;;;;;;;;;;;;;;;;;;;;;;;90;;;;;Crystal Palace;West Brom;Man Utd;Sunderland;Hull;;;;;;;;;;;;;;;;;;;;;;;;;;;;;;;;;
Joel;Campbell;MID;ARS;4400000;;;;;;;;;;;;;;;;;;;;;;;;;;;;;;;;;;;;;;;;Hull;Chelsea;Burnley;Swansea;Middlesbrough;;;;;;;;;;;;;;;;;;;;;;;;;;;;;;;;;
Fraizer;Campbell;FWD;CRY;5900000;;;;;;;;;;;;;;;;;;;;;;;;;;;;;;;;;;;;;;;;Stoke;Sunderland;Everton;West Ham;Leicester;;;;;;;;;;;;;;;;;;;;;;;;;;;;;;;;;
Emre;Can;MID;LIV;4800000;;;;;;;;;;;;;;;;;;;;;;;;;;;;;;;;;;;;;;;;Chelsea;Hull;Swansea;Man Utd;West Brom;;;;;;;;;;;;;;;;;;;;;;;;;;;;;;;;;
Etienne;Capoue;MID;WAT;5100000;10;;;;;;;;2;;;;1;;;;;;;;;;;;;;;1;;;;;;;90;;;;;Man Utd;Burnley;Bournemouth;Middlesbrough;Swansea;;;;;;;;;;;;;;;;;;;;;;;;;;;;;;;;;
Michael;Carrick;MID;MUN;4300000;;;;;;;;;;;;;;;;;;;;;;;;;;;;;;;;;;;;;;;;Watford;Leicester;Stoke;Liverpool;Chelsea;;;;;;;;;;;;;;;;;;;;;;;;;;;;;;;;;
Tom;Carroll;MID;TOT;6300000;;;;;;;;;;;;;;;;;;;;;;;;;;;;;;;;;;;;;;;;Sunderland;Middlesbrough;Man City;West Brom;Bournemouth;;;;;;;;;;;;;;;;;;;;;;;;;;;;;;;;;
Andy;Carroll;FWD;WHU;4400000;;;;;;;;;;;;;;;;;;;;;;;;;;;;;;;;;;;;;;;;West Brom;Southampton;Middlesbrough;Crystal Palace;Sunderland;;;;;;;;;;;;;;;;;;;;;;;;;;;;;;;;;
Cameron;Carter-Vickers;DEF;TOT;4400000;;;;;;;;;;;;;;;;;;;;;;;;;;;;;;;;;;;;;;;;Sunderland;Middlesbrough;Man City;West Brom;Bournemouth;;;;;;;;;;;;;;;;;;;;;;;;;;;;;;;;;
Craig;Cathcart;DEF;WAT;4500000;0;;;;;;;1;2;;;;;;;;;;;;;;;;;;;;;;;;;;90;;;;;Man Utd;Burnley;Bournemouth;Middlesbrough;Swansea;;;;;;;;;;;;;;;;;;;;;;;;;;;;;;;;;
Lee;Cattermole;MID;SUN;4400000;;;;;;;;;;;;;;;;;;;;;;;;;;;;;;;;;;;;;;;;Tottenham;Crystal Palace;West Brom;Stoke;West Ham;;;;;;;;;;;;;;;;;;;;;;;;;;;;;;;;;
Santiago;Cazorla;MID;ARS;7700000;6;;;;;;;1;1;;;;1;;;;;;;;;;;;;;;;;;;;;;90;;;;;Hull;Chelsea;Burnley;Swansea;Middlesbrough;;;;;;;;;;;;;;;;;;;;;;;;;;;;;;;;;
Petr;Cech;GLK;ARS;5500000;0;;;;;;;;1;;;;;;;;;;;;;;;;;;;;;;1;;;;90;;;;;Hull;Chelsea;Burnley;Swansea;Middlesbrough;;;;;;;;;;;;;;;;;;;;;;;;;;;;;;;;;
;Cedric;DEF;SOU;5000000;1;;;;;;;;2;;;;;;;;;;;;;;;;;;;;;;;;;;90;;;;;Swansea;West Ham;Leicester;Burnley;Man City;;;;;;;;;;;;;;;;;;;;;;;;;;;;;;;;;
Nacer;Chadli;MID;WBA;6400000;2;;;;;;;;1;;;;;;;;;;;;;;;;;;;;;;;;;;90;;;;;West Ham;Stoke;Sunderland;Tottenham;Liverpool;;;;;;;;;;;;;;;;;;;;;;;;;;;;;;;;;
Nathaniel;Chalobah;MID;CHE;4500000;;;;;;;;;;;;;;;;;;;;;;;;;;;;;;;;;;;;;;;;Liverpool;Arsenal;Hull;Leicester;Man Utd;;;;;;;;;;;;;;;;;;;;;;;;;;;;;;;;;
;Chamberlain;MID;ARS;6000000;2;;;;;;;;1;;;;;;;;;;;;;;;;;;;;;;;;;;62;;;;;Hull;Chelsea;Burnley;Swansea;Middlesbrough;;;;;;;;;;;;;;;;;;;;;;;;;;;;;;;;;
Calum;Chambers;DEF;MID;4400000;;;;;;;;;;;;;;;;;;;;;;;;;;;;;;;;;;;;;;;;Everton;Tottenham;West Ham;Watford;Arsenal;;;;;;;;;;;;;;;;;;;;;;;;;;;;;;;;;
James;Chester;DEF;WBA;4500000;;;;;;;;;;;;;;;;;;;;;;;;;;;;;;;;;;;;;;;;West Ham;Stoke;Sunderland;Tottenham;Liverpool;;;;;;;;;;;;;;;;;;;;;;;;;;;;;;;;;
Benjamin;Chilwell;DEF;LEI;4400000;;;;;;;;;;;;;;;;;;;;;;;;;;;;;;;;;;;;;;;;Burnley;Man Utd;Southampton;Chelsea;Crystal Palace;;;;;;;;;;;;;;;;;;;;;;;;;;;;;;;;;
Pedro;Chirivella;MID;LIV;4400000;;;;;;;;;;;;;;;;;;;;;;;;;;;;;;;;;;;;;;;;Chelsea;Hull;Swansea;Man Utd;West Brom;;;;;;;;;;;;;;;;;;;;;;;;;;;;;;;;;
;Christian Benteke;FWD;CRY;7600000;6;;;;;;;;1;;;;1;;;;;;;;;;;;;;;;;;;;;;84;;;;;Stoke;Sunderland;Everton;West Ham;Leicester;;;;;;;;;;;;;;;;;;;;;;;;;;;;;;;;;
Josh;Clackstone;DEF;HUL;4000000;;;;;;;;;;;;;;;;;;;;;;;;;;;;;;;;;;;;;;;;Arsenal;Liverpool;Chelsea;Bournemouth;Stoke;;;;;;;;;;;;;;;;;;;;;;;;;;;;;;;;;
Jordy;Clasie;MID;SOU;4800000;2;;;;;;;;1;;;;;;;;;;;;;;;;;;;;;;;;;;64;;;;;Swansea;West Ham;Leicester;Burnley;Man City;;;;;;;;;;;;;;;;;;;;;;;;;;;;;;;;;
Adam;Clayton;MID;MID;4400000;1;;;;;;;;2;;;;;;;;;;;;;;;;;;;;;;;;;;57;;;;;Everton;Tottenham;West Ham;Watford;Arsenal;;;;;;;;;;;;;;;;;;;;;;;;;;;;;;;;;
Tom;Cleverley;MID;EVE;5300000;;;;;;;;;;;;;;;;;;;;;;;;;;;;;;;;;;;;;;;;Middlesbrough;Bournemoth;Crystal Palace;Man City;Burnley;;;;;;;;;;;;;;;;;;;;;;;;;;;;;;;;;
Gael;Clichy;DEF;MCI;5400000;;;;;;;;;;;;;;;;;;;;;;;;;;;;;;;;;;;;;;;;Bournemouth;Swansea;Tottenham;Everton;Southampton;;;;;;;;;;;;;;;;;;;;;;;;;;;;;;;;;
Sam;Clucas;MID;HUL;4900000;2;;;;;;;;1;;;;;;;;;;;;;;;;;;;;;;;;;;83;;;;;Arsenal;Liverpool;Chelsea;Bournemouth;Stoke;;;;;;;;;;;;;;;;;;;;;;;;;;;;;;;;;
Nathaniel;Clyne;DEF;LIV;5500000;2;;;;;;;;1;;;;;;;;;;;;;;;;;;;;;;;;;;90;;;;;Chelsea;Hull;Swansea;Man Utd;West Brom;;;;;;;;;;;;;;;;;;;;;;;;;;;;;;;;;
Seamus;Coleman;DEF;EVE;5400000;6;;;;;;;;0;;;;;;;;;;;;;;;;;1;;;;;;;;;90;;;;;Middlesbrough;Bournemoth;Crystal Palace;Man City;Burnley;;;;;;;;;;;;;;;;;;;;;;;;;;;;;;;;;
James;Collins;DEF;WHU;4600000;0;;;;;;;;4;;;;;;;;;;;;;;;;;;;;;;;;;;90;;;;;West Brom;Southampton;Middlesbrough;Crystal Palace;Sunderland;;;;;;;;;;;;;;;;;;;;;;;;;;;;;;;;;
Steve;Cook;DEF;BOU;4900000;6;;;;;;;;0;;;;;;;;;;;;;;;;;1;;;;;;;;;90;;;;;Man City;Everton;Watford;Hull;Tottenham;;;;;;;;;;;;;;;;;;;;;;;;;;;;;;;;;
Lewis;Cook;MID;BOU;4400000;;;;;;;;;;;;;;;;;;;;;;;;;;;;;;;;;;;;;;;;Man City;Everton;Watford;Hull;Tottenham;;;;;;;;;;;;;;;;;;;;;;;;;;;;;;;;;
Francis;Coquelin;MID;ARS;4400000;2;;;;;;;;1;;;;;;;;;;;;;;;;;;;;;;;;;;90;;;;;Hull;Chelsea;Burnley;Swansea;Middlesbrough;;;;;;;;;;;;;;;;;;;;;;;;;;;;;;;;;
Jack;Cork;MID;SWA;4900000;2;;;;;;;;2;;;;;;;;;;;;;;;;;;;;;;;;;;90;;;;;Southampton;Man City;Liverpool;Arsenal;Watford;;;;;;;;;;;;;;;;;;;;;;;;;;;;;;;;;
;Costa;FWD;CHE;10000000;9;;;;;;;1;2;2;;;;;;;;;;;;;;;;;;;;;;;;;90;;;;;Liverpool;Arsenal;Hull;Leicester;Man Utd;;;;;;;;;;;;;;;;;;;;;;;;;;;;;;;;;
Thibaut;Courtois;GLK;CHE;5500000;0;;;;;;;1;2;;;;;;;;;;;;;;;;;;;;;;;;;;90;;;;;Liverpool;Arsenal;Hull;Leicester;Man Utd;;;;;;;;;;;;;;;;;;;;;;;;;;;;;;;;;
Philippe;Coutinho;MID;LIV;8100000;1;;;;;;;;0;;;;;;;;;;;;;;;;;;;;;;;;;;14;;;;;Chelsea;Hull;Swansea;Man Utd;West Brom;;;;;;;;;;;;;;;;;;;;;;;;;;;;;;;;;
Aaron;Cresswell;DEF;WHU;5400000;;;;;;;;;;;;;;;;;;;;;;;;;;;;;;;;;;;;;;;;West Brom;Southampton;Middlesbrough;Crystal Palace;Sunderland;;;;;;;;;;;;;;;;;;;;;;;;;;;;;;;;;
Peter;Crouch;FWD;STK;4800000;;;;;;;;;;;;;;;;;;;;;;;;;;;;;;;;;;;;;;;;Crystal Palace;West Brom;Man Utd;Sunderland;Hull;;;;;;;;;;;;;;;;;;;;;;;;;;;;;;;;;
Juan;Cuadrado;MID;CHE;6900000;;;;;;;;;;;;;;;;;;;;;;;;;;;;;;;;;;;;;;;;Liverpool;Arsenal;Hull;Leicester;Man Utd;;;;;;;;;;;;;;;;;;;;;;;;;;;;;;;;;
Josh;Cullen;MID;WHU;4400000;;;;;;;;;;;;;;;;;;;;;;;;;;;;;;;;;;;;;;;;West Brom;Southampton;Middlesbrough;Crystal Palace;Sunderland;;;;;;;;;;;;;;;;;;;;;;;;;;;;;;;;;
Charlie;Daniels;DEF;BOU;4900000;6;;;;;;;;0;;;;;;;;;;;;;;;;;1;;;;;;;;;90;;;;;Man City;Everton;Watford;Hull;Tottenham;;;;;;;;;;;;;;;;;;;;;;;;;;;;;;;;;
Scott;Dann;DEF;CRY;5500000;2;;;;;;;;1;;;;;;;;;;;;;;;;;;;;;;;;;;90;;;;;Stoke;Sunderland;Everton;West Ham;Leicester;;;;;;;;;;;;;;;;;;;;;;;;;;;;;;;;;
Tendayi;Darikwa;DEF;BUR;4300000;;;;;;;;;;;;;;;;;;;;;;;;;;;;;;;;;;;;;;;;Leicester;Watford;Arsenal;Southampton;Everton;;;;;;;;;;;;;;;;;;;;;;;;;;;;;;;;;
Matteo;Darmian;DEF;MUN;5100000;;;;;;;;;;;;;;;;;;;;;;;;;;;;;;;;;;;;;;;;Watford;Leicester;Stoke;Liverpool;Chelsea;;;;;;;;;;;;;;;;;;;;;;;;;;;;;;;;;
;David Luiz;DEF;CHE;6000000;;;;;;;;;;;;;;;;;;;;;;;;;;;;;;;;;;;;;;;;Liverpool;Arsenal;Hull;Leicester;Man Utd;;;;;;;;;;;;;;;;;;;;;;;;;;;;;;;;;
Tom;Davies;MID;EVE;5000000;1;;;;;;;;0;;;;;;;;;;;;;;;;;0;;;;;;;;;14;;;;;Middlesbrough;Bournemoth;Crystal Palace;Man City;Burnley;;;;;;;;;;;;;;;;;;;;;;;;;;;;;;;;;
Curtis;Davies;DEF;HUL;4900000;2;;;;;;;;1;;;;;;;;;;;;;;;;;;;;;;;;;;90;;;;;Arsenal;Liverpool;Chelsea;Bournemouth;Stoke;;;;;;;;;;;;;;;;;;;;;;;;;;;;;;;;;
Ben;Davies;DEF;TOT;4500000;6;;;;;;;;0;;;;;;;;;;;;;;;;;1;;;;;;;;;90;;;;;Sunderland;Middlesbrough;Man City;West Brom;Bournemouth;;;;;;;;;;;;;;;;;;;;;;;;;;;;;;;;;
Steven;Davis;MID;SOU;5300000;2;;;;;;;;2;;;;;;;;;;;;;;;;;;;;;;;;;;90;;;;;Swansea;West Ham;Leicester;Burnley;Man City;;;;;;;;;;;;;;;;;;;;;;;;;;;;;;;;;
Michael;Dawson;DEF;HUL;5000000;;;;;;;;;;;;;;;;;;;;;;;;;;;;;;;;;;;;;;;;Arsenal;Liverpool;Chelsea;Bournemouth;Stoke;;;;;;;;;;;;;;;;;;;;;;;;;;;;;;;;;
Craig;Dawson;DEF;WBA;4400000;2;;;;;;;;1;;;;;;;;;;;;;;;;;;;;;;;;;;90;;;;;West Ham;Stoke;Sunderland;Tottenham;Liverpool;;;;;;;;;;;;;;;;;;;;;;;;;;;;;;;;;
Kevin;De Bruyne;MID;MCI;10800000;7;;;;;;;;1;;;;1;;;;;;;;;;;;;;;;;;;;;;90;;;;;Bournemouth;Swansea;Tottenham;Everton;Southampton;;;;;;;;;;;;;;;;;;;;;;;;;;;;;;;;;
David;de Gea;GLK;MUN;5500000;1;;;;;;;;2;;;;;;;;;;;;;;;;;;;;;;;;;;90;;;;;Watford;Leicester;Stoke;Liverpool;Chelsea;;;;;;;;;;;;;;;;;;;;;;;;;;;;;;;;;
Ritchie;de Laet;DEF;LEI;4400000;;;;;;;;;;;;;;;;;;;;;;;;;;;;;;;;;;;;;;;;Burnley;Man Utd;Southampton;Chelsea;Crystal Palace;;;;;;;;;;;;;;;;;;;;;;;;;;;;;;;;;
Carlos;De Pena;MID;MID;4300000;;;;;;;;;;;;;;;;;;;;;;;;;;;;;;;;;;;;;;;;Everton;Tottenham;West Ham;Watford;Arsenal;;;;;;;;;;;;;;;;;;;;;;;;;;;;;;;;;
Marten;de Roon;MID;MID;4400000;1;;;;;;;;0;;;;;;;;;;;;;;;;;;;;;;;;;;33;;;;;Everton;Tottenham;West Ham;Watford;Arsenal;;;;;;;;;;;;;;;;;;;;;;;;;;;;;;;;;
Julien;de Sart;MID;MID;4400000;;;;;;;;;;;;;;;;;;;;;;;;;;;;;;;;;;;;;;;;Everton;Tottenham;West Ham;Watford;Arsenal;;;;;;;;;;;;;;;;;;;;;;;;;;;;;;;;;
Mathieu;Debuchy;DEF;ARS;4800000;;;;;;;;;;;;;;;;;;;;;;;;;;;;;;;;;;;;;;;;Hull;Chelsea;Burnley;Swansea;Middlesbrough;;;;;;;;;;;;;;;;;;;;;;;;;;;;;;;;;
Troy;Deeney;FWD;WAT;7000000;6;;;;;;;;2;;;;1;;;;;;;;;;;;;;;;;;;;;;78;;;;;Man Utd;Burnley;Bournemouth;Middlesbrough;Swansea;;;;;;;;;;;;;;;;;;;;;;;;;;;;;;;;;
Jermain;Defoe;FWD;SUN;7100000;2;;;;;;;;3;;;;;;;;;;;;;;;;;;;;;;;;;;90;;;;;Tottenham;Crystal Palace;West Brom;Stoke;West Ham;;;;;;;;;;;;;;;;;;;;;;;;;;;;;;;;;
Steven;Defour;MID;BUR;6000000;5;;;;;;;;1;;;;1;;;;;;;;;;;;;;;;;;;;;;75;;;;;Leicester;Watford;Arsenal;Southampton;Everton;;;;;;;;;;;;;;;;;;;;;;;;;;;;;;;;;
Damien;Delaney;DEF;CRY;5000000;2;;;;;;;;1;;;;;;;;;;;;;;;;;;;;;;;;;;90;;;;;Stoke;Sunderland;Everton;West Ham;Leicester;;;;;;;;;;;;;;;;;;;;;;;;;;;;;;;;;
Fabian;Delph;MID;MCI;4800000;;;;;;;;;;;;;;;;;;;;;;;;;;;;;;;;;;;;;;;;Bournemouth;Swansea;Tottenham;Everton;Southampton;;;;;;;;;;;;;;;;;;;;;;;;;;;;;;;;;
Mousa;Dembele;MID;TOT;5500000;;;;;;;;;;;;;;;;;;;;;;;;;;;;;;;;;;;;;;;;Sunderland;Middlesbrough;Man City;West Brom;Bournemouth;;;;;;;;;;;;;;;;;;;;;;;;;;;;;;;;;
Jason;Denayer;DEF;SUN;4900000;1;;;;;;;;0;;;;;;;;;;;;;;;;;;;;;;;;;;14;;;;;Tottenham;Crystal Palace;West Brom;Stoke;West Ham;;;;;;;;;;;;;;;;;;;;;;;;;;;;;;;;;
Memphis;Depay;MID;MUN;7300000;;;;;;;;;;;;;;;;;;;;;;;;;;;;;;;;;;;;;;;;Watford;Leicester;Stoke;Liverpool;Chelsea;;;;;;;;;;;;;;;;;;;;;;;;;;;;;;;;;
Gerard;Deulofeu;MID;EVE;6200000;1;;;;;;;;0;;;;;;;;;;;;;;;;;0;;;;;;;;;45;;;;;Middlesbrough;Bournemoth;Crystal Palace;Man City;Burnley;;;;;;;;;;;;;;;;;;;;;;;;;;;;;;;;;
Mohamed;Diame;MID;HUL;5500000;;;;;;;;;;;;;;;;;;;;;;;;;;;;;;;;;;;;;;;;Arsenal;Liverpool;Chelsea;Bournemouth;Stoke;;;;;;;;;;;;;;;;;;;;;;;;;;;;;;;;;
Eric;Dier;MID;TOT;5300000;3;;;;;;;;0;;;;;;;;;;;;;;;;;1;;;;;;;;;90;;;;;Sunderland;Middlesbrough;Man City;West Brom;Bournemouth;;;;;;;;;;;;;;;;;;;;;;;;;;;;;;;;;
Adama;Diomande;FWD;HUL;4600000;2;;;;;;;;0;;;;;;;;;;;;;;;;;1;;;;;;;;;70;;;;;Arsenal;Liverpool;Chelsea;Bournemouth;Stoke;;;;;;;;;;;;;;;;;;;;;;;;;;;;;;;;;
Mame Biram;Diouf;FWD;STK;5800000;;;;;;;;;;;;;;;;;;;;;;;;;;;;;;;;;;;;;;;;Crystal Palace;West Brom;Man Utd;Sunderland;Hull;;;;;;;;;;;;;;;;;;;;;;;;;;;;;;;;;
Brice;Dja Djedje;DEF;WAT;4400000;;;;;;;;;;;;;;;;;;;;;;;;;;;;;;;;;;;;;;;;Man Utd;Burnley;Bournemouth;Middlesbrough;Swansea;;;;;;;;;;;;;;;;;;;;;;;;;;;;;;;;;
Papy;Djilobodji;DEF;SUN;4500000;1;;;;;;;;3;;;;;;;;;;;;;;;;;;;;;;;;;;90;;;;;Tottenham;Crystal Palace;West Brom;Stoke;West Ham;;;;;;;;;;;;;;;;;;;;;;;;;;;;;;;;;
Abdoulaye;Doucoure;MID;WAT;4800000;;;;;;;;;;;;;;;;;;;;;;;;;;;;;;;;;;;;;;;;Man Utd;Burnley;Bournemouth;Middlesbrough;Swansea;;;;;;;;;;;;;;;;;;;;;;;;;;;;;;;;;
Stewart;Downing;MID;MID;5300000;5;;;;;;;;2;;;;;;;;;;;;;;;;;;;1;;;;;;;90;;;;;Everton;Tottenham;West Ham;Watford;Arsenal;;;;;;;;;;;;;;;;;;;;;;;;;;;;;;;;;
Luke;Dreher;MID;CRY;4500000;;;;;;;;;;;;;;;;;;;;;;;;;;;;;;;;;;;;;;;;Stoke;Sunderland;Everton;West Ham;Leicester;;;;;;;;;;;;;;;;;;;;;;;;;;;;;;;;;
Daniel;Drinkwater;MID;LEI;5400000;2;;;;;;;;4;;;;;;;;;;;;;;;;;;;;;;;;;;90;;;;;Burnley;Man Utd;Southampton;Chelsea;Crystal Palace;;;;;;;;;;;;;;;;;;;;;;;;;;;;;;;;;
Nathan;Dyer;MID;SWA;4800000;;;;;;;;;;;;;;;;;;;;;;;;;;;;;;;;;;;;;;;;Southampton;Man City;Liverpool;Arsenal;Watford;;;;;;;;;;;;;;;;;;;;;;;;;;;;;;;;;
Oviemuno;Ejaria;MID;LIV;4500000;;;;;;;;;;;;;;;;;;;;;;;;;;;;;;;;;;;;;;;;Chelsea;Hull;Swansea;Man Utd;West Brom;;;;;;;;;;;;;;;;;;;;;;;;;;;;;;;;;
Ahmed;Elmohamady;MID;HUL;4900000;2;;;;;;;;1;;;;;;;;;;;;;;;;;;;;;;;;;;90;;;;;Arsenal;Liverpool;Chelsea;Bournemouth;Stoke;;;;;;;;;;;;;;;;;;;;;;;;;;;;;;;;;
Mohamed;Elneny;MID;ARS;4800000;;;;;;;;;;;;;;;;;;;;;;;;;;;;;;;;;;;;;;;;Hull;Chelsea;Burnley;Swansea;Middlesbrough;;;;;;;;;;;;;;;;;;;;;;;;;;;;;;;;;
Marvin;Emnes;FWD;SWA;4400000;;;;;;;;;;;;;;;;;;;;;;;;;;;;;;;;;;;;;;;;Southampton;Man City;Liverpool;Arsenal;Watford;;;;;;;;;;;;;;;;;;;;;;;;;;;;;;;;;
Christian;Eriksen;MID;TOT;8300000;9;;;;;;;;0;;;;;;;;;;;;;;;;;1;;2;;;;;;;78;;;;;Sunderland;Middlesbrough;Man City;West Brom;Bournemouth;;;;;;;;;;;;;;;;;;;;;;;;;;;;;;;;;
Jonny;Evans;DEF;WBA;4500000;1;;;;;;;1;1;;;;;;;;;;;;;;;;;;;;;;;;;;90;;;;;West Ham;Stoke;Sunderland;Tottenham;Liverpool;;;;;;;;;;;;;;;;;;;;;;;;;;;;;;;;;
Lukasz;Fabianski;GLK;SWA;5100000;1;;;;;;;;2;;;;;;;;;;;;;;;;;;;;;;;;;;90;;;;;Southampton;Man City;Liverpool;Arsenal;Watford;;;;;;;;;;;;;;;;;;;;;;;;;;;;;;;;;
;Fabio;DEF;MID;4500000;;;;;;;;;;;;;;;;;;;;;;;;;;;;;;;;;;;;;;;;Everton;Tottenham;West Ham;Watford;Arsenal;;;;;;;;;;;;;;;;;;;;;;;;;;;;;;;;;
Cesc;Fabregas;MID;CHE;7100000;1;;;;;;;;0;;;;;;;;;;;;;;;;;;;;;;;;;;14;;;;;Liverpool;Arsenal;Hull;Leicester;Man Utd;;;;;;;;;;;;;;;;;;;;;;;;;;;;;;;;;
Adam;Federici;GLK;BOU;4500000;;;;;;;;;;;;;;;;;;;;;;;;;;;;;;;;;;;;;;;;Man City;Everton;Watford;Hull;Tottenham;;;;;;;;;;;;;;;;;;;;;;;;;;;;;;;;;
Sofiane;Feghouli;MID;WHU;5300000;;;;;;;;;;;;;;;;;;;;;;;;;;;;;;;;;;;;;;;;West Brom;Southampton;Middlesbrough;Crystal Palace;Sunderland;;;;;;;;;;;;;;;;;;;;;;;;;;;;;;;;;
Marouane;Fellaini;MID;MUN;6000000;1;;;;;;;1;2;;;;;;;;;;;;;;;;;;;;;;;;;;90;;;;;Watford;Leicester;Stoke;Liverpool;Chelsea;;;;;;;;;;;;;;;;;;;;;;;;;;;;;;;;;
Leroy;Fer;MID;SWA;5300000;6;;;;;;;1;2;;;;1;;;;;;;;;;;;;;;;;;;;;;90;;;;;Southampton;Man City;Liverpool;Arsenal;Watford;;;;;;;;;;;;;;;;;;;;;;;;;;;;;;;;;
Edimilson;Fernandes;MID;WHU;5000000;;;;;;;;;;;;;;;;;;;;;;;;;;;;;;;;;;;;;;;;West Brom;Southampton;Middlesbrough;Crystal Palace;Sunderland;;;;;;;;;;;;;;;;;;;;;;;;;;;;;;;;;
Federico;Fernandez;DEF;SWA;4500000;0;;;;;;;1;2;;;;;;;;;;;;;;;;;;;;;;;;;;90;;;;;Southampton;Man City;Liverpool;Arsenal;Watford;;;;;;;;;;;;;;;;;;;;;;;;;;;;;;;;;
;Fernandinho;MID;MCI;5500000;1;;;;;;;1;1;;;;;;;;;;;;;;;;;;;;;;;;;;90;;;;;Bournemouth;Swansea;Tottenham;Everton;Southampton;;;;;;;;;;;;;;;;;;;;;;;;;;;;;;;;;
;Fernando;MID;MCI;4800000;1;;;;;;;;0;;;;;;;;;;;;;;;;;;;;;;;;;;37;;;;;Bournemouth;Swansea;Tottenham;Everton;Southampton;;;;;;;;;;;;;;;;;;;;;;;;;;;;;;;;;
Sam;Field;MID;WBA;4500000;1;;;;;;;1;1;;;;;;;;;;;;;;;;;;;;;;;;;;90;;;;;West Ham;Stoke;Sunderland;Tottenham;Liverpool;;;;;;;;;;;;;;;;;;;;;;;;;;;;;;;;;
Roberto;Firmino;MID;LIV;8400000;12;;;;;;;;1;;;;2;;;;;;;;;;;;;;;;;;;;;;90;;;;;Chelsea;Hull;Swansea;Man Utd;West Brom;;;;;;;;;;;;;;;;;;;;;;;;;;;;;;;;;
Viktor;Fischer;MID;MID;5100000;1;;;;;;;;2;;;;;;;;;;;;;;;;;;;;;;;;;;57;;;;;Everton;Tottenham;West Ham;Watford;Arsenal;;;;;;;;;;;;;;;;;;;;;;;;;;;;;;;;;
Mathieu;Flamini;MID;CRY;4500000;1;;;;;;;;0;;;;;;;;;;;;;;;;;;;;;;;;;;6;;;;;Stoke;Sunderland;Everton;West Ham;Leicester;;;;;;;;;;;;;;;;;;;;;;;;;;;;;;;;;
Jon;Flanagan;DEF;BUR;4400000;;;;;;;;;;;;;;;;;;;;;;;;;;;;;;;;;;;;;;;;Leicester;Watford;Arsenal;Southampton;Everton;;;;;;;;;;;;;;;;;;;;;;;;;;;;;;;;;
Darren;Fletcher;MID;WBA;4400000;3;;;;;;;;0;;;;;;;;;;;;;;;;;1;;;;;;;;;72;;;;;West Ham;Stoke;Sunderland;Tottenham;Liverpool;;;;;;;;;;;;;;;;;;;;;;;;;;;;;;;;;
Ashley;Fletcher;FWD;WHU;5000000;1;;;;;;;;0;;;;;;;;;;;;;;;;;;;;;;;;;;13;;;;;West Brom;Southampton;Middlesbrough;Crystal Palace;Sunderland;;;;;;;;;;;;;;;;;;;;;;;;;;;;;;;;;
Jose;Fonte;DEF;SOU;5400000;0;;;;;;;1;2;;;;;;;;;;;;;;;;;;;;;;;;;;90;;;;;Swansea;West Ham;Leicester;Burnley;Man City;;;;;;;;;;;;;;;;;;;;;;;;;;;;;;;;;
Adam;Forshaw;MID;MID;4500000;2;;;;;;;;2;;;;;;;;;;;;;;;;;;;;;;;;;;90;;;;;Everton;Tottenham;West Ham;Watford;Arsenal;;;;;;;;;;;;;;;;;;;;;;;;;;;;;;;;;
Fraser;Forster;GLK;SOU;5000000;0;;;;;;;1;2;;;;;;;;;;;;;;;;;;;;;;;;;;90;;;;;Swansea;West Ham;Leicester;Burnley;Man City;;;;;;;;;;;;;;;;;;;;;;;;;;;;;;;;;
Ben;Foster;GLK;WBA;4700000;2;;;;;;;;1;;;;;;;;;;;;;;;;;;;;;;;;;;90;;;;;West Ham;Stoke;Sunderland;Tottenham;Liverpool;;;;;;;;;;;;;;;;;;;;;;;;;;;;;;;;;
Timothy;Fosu-Mensah;DEF;MUN;4300000;;;;;;;;;;;;;;;;;;;;;;;;;;;;;;;;;;;;;;;;Watford;Leicester;Stoke;Liverpool;Chelsea;;;;;;;;;;;;;;;;;;;;;;;;;;;;;;;;;
Simon;Francis;DEF;BOU;4500000;6;;;;;;;;0;;;;;;;;;;;;;;;;;1;;;;;;;;;90;;;;;Man City;Everton;Watford;Hull;Tottenham;;;;;;;;;;;;;;;;;;;;;;;;;;;;;;;;;
Ryan;Fraser;MID;BOU;5000000;;;;;;;;;;;;;;;;;;;;;;;;;;;;;;;;;;;;;;;;Man City;Everton;Watford;Hull;Tottenham;;;;;;;;;;;;;;;;;;;;;;;;;;;;;;;;;
George;Friend;DEF;MID;4500000;1;;;;;;;;2;;;;;;;;;;;;;;;;;;;;;;;;;;90;;;;;Everton;Tottenham;West Ham;Watford;Arsenal;;;;;;;;;;;;;;;;;;;;;;;;;;;;;;;;;
Dael;Fry;DEF;MID;4000000;;;;;;;;;;;;;;;;;;;;;;;;;;;;;;;;;;;;;;;;Everton;Tottenham;West Ham;Watford;Arsenal;;;;;;;;;;;;;;;;;;;;;;;;;;;;;;;;;
Ezekiel;Fryers;DEF;CRY;4500000;;;;;;;;;;;;;;;;;;;;;;;;;;;;;;;;;;;;;;;;Stoke;Sunderland;Everton;West Ham;Leicester;;;;;;;;;;;;;;;;;;;;;;;;;;;;;;;;;
Christian;Fuchs;DEF;LEI;5400000;0;;;;;;;;4;;;;;;;;;;;;;;;;;;;;;;;;;;90;;;;;Burnley;Man Utd;Southampton;Chelsea;Crystal Palace;;;;;;;;;;;;;;;;;;;;;;;;;;;;;;;;;
Jay;Fulton;MID;SWA;4400000;;;;;;;;;;;;;;;;;;;;;;;;;;;;;;;;;;;;;;;;Southampton;Man City;Liverpool;Arsenal;Watford;;;;;;;;;;;;;;;;;;;;;;;;;;;;;;;;;
Ramiro;Funes Mori;DEF;EVE;4800000;;;;;;;;;;;;;;;;;;;;;;;;;;;;;;;;;;;;;;;;Middlesbrough;Bournemoth;Crystal Palace;Man City;Burnley;;;;;;;;;;;;;;;;;;;;;;;;;;;;;;;;;
;Gabriel;DEF;ARS;4800000;;;;;;;;;;;;;;;;;;;;;;;;;;;;;;;;;;;;;;;;Hull;Chelsea;Burnley;Swansea;Middlesbrough;;;;;;;;;;;;;;;;;;;;;;;;;;;;;;;;;
Brendan;Galloway;DEF;WBA;4500000;2;;;;;;;;1;;;;;;;;;;;;;;;;;;;;;;;;;;90;;;;;West Ham;Stoke;Sunderland;Tottenham;Liverpool;;;;;;;;;;;;;;;;;;;;;;;;;;;;;;;;;
Cristian;Gamboa;DEF;WBA;4000000;;;;;;;;;;;;;;;;;;;;;;;;;;;;;;;;;;;;;;;;West Ham;Stoke;Sunderland;Tottenham;Liverpool;;;;;;;;;;;;;;;;;;;;;;;;;;;;;;;;;
;Garcia;MID;MCI;5000000;;;;;;;;;;;;;;;;;;;;;;;;;;;;;;;;;;;;;;;;Bournemouth;Swansea;Tottenham;Everton;Southampton;;;;;;;;;;;;;;;;;;;;;;;;;;;;;;;;;
Craig;Gardner;MID;WBA;5500000;1;;;;;;;;1;;;;;;;;;;;;;;;;;;;;;;;;;;18;;;;;West Ham;Stoke;Sunderland;Tottenham;Liverpool;;;;;;;;;;;;;;;;;;;;;;;;;;;;;;;;;
Florin;Gardos;DEF;SOU;4000000;;;;;;;;;;;;;;;;;;;;;;;;;;;;;;;;;;;;;;;;Swansea;West Ham;Leicester;Burnley;Man City;;;;;;;;;;;;;;;;;;;;;;;;;;;;;;;;;
Paulo;Gazzaniga;GLK;SOU;4500000;;;;;;;;;;;;;;;;;;;;;;;;;;;;;;;;;;;;;;;;Swansea;West Ham;Leicester;Burnley;Man City;;;;;;;;;;;;;;;;;;;;;;;;;;;;;;;;;
Kieran;Gibbs;DEF;ARS;4800000;;;;;;;;;;;;;;;;;;;;;;;;;;;;;;;;;;;;;;;;Hull;Chelsea;Burnley;Swansea;Middlesbrough;;;;;;;;;;;;;;;;;;;;;;;;;;;;;;;;;
Darron;Gibson;MID;EVE;4500000;;;;;;;;;;;;;;;;;;;;;;;;;;;;;;;;;;;;;;;;Middlesbrough;Bournemoth;Crystal Palace;Man City;Burnley;;;;;;;;;;;;;;;;;;;;;;;;;;;;;;;;;
Ben;Gibson;DEF;MID;4400000;1;;;;;;;;2;;;;;;;;;;;;;;;;;;;;;;;;;;90;;;;;Everton;Tottenham;West Ham;Watford;Arsenal;;;;;;;;;;;;;;;;;;;;;;;;;;;;;;;;;
Olivier;Giroud;FWD;ARS;8900000;1;;;;;;;;0;;;;;;;;;;;;;;;;;;;;;;;;;;28;;;;;Hull;Chelsea;Burnley;Swansea;Middlesbrough;;;;;;;;;;;;;;;;;;;;;;;;;;;;;;;;;
Shay;Given;GLK;STK;4500000;0;;;;;;;;4;;;;;;;;;;;;;;;;;;;;;;;;;;90;;;;;Crystal Palace;West Brom;Man Utd;Sunderland;Hull;;;;;;;;;;;;;;;;;;;;;;;;;;;;;;;;;
Serge;Gnabry;MID;ARS;5000000;;;;;;;;;;;;;;;;;;;;;;;;;;;;;;;;;;;;;;;;Hull;Chelsea;Burnley;Swansea;Middlesbrough;;;;;;;;;;;;;;;;;;;;;;;;;;;;;;;;;
Heurelho;Gomes;GLK;WAT;5000000;1;;;;;;;;2;;;;;;;;;;;;;;;;;;;;;;;;;;90;;;;;Man Utd;Burnley;Bournemouth;Middlesbrough;Swansea;;;;;;;;;;;;;;;;;;;;;;;;;;;;;;;;;
Joseph;Gomez;DEF;LIV;4900000;;;;;;;;;;;;;;;;;;;;;;;;;;;;;;;;;;;;;;;;Chelsea;Hull;Swansea;Man Utd;West Brom;;;;;;;;;;;;;;;;;;;;;;;;;;;;;;;;;
Bafetimbi;Gomis;FWD;SWA;6500000;;;;;;;;;;;;;;;;;;;;;;;;;;;;;;;;;;;;;;;;Southampton;Man City;Liverpool;Arsenal;Watford;;;;;;;;;;;;;;;;;;;;;;;;;;;;;;;;;
Lynden;Gooch;MID;SUN;4500000;1;;;;;;;;0;;;;;;;;;;;;;;;;;;;;;;;;;;57;;;;;Tottenham;Crystal Palace;West Brom;Stoke;West Ham;;;;;;;;;;;;;;;;;;;;;;;;;;;;;;;;;
Dan;Gosling;MID;BOU;4800000;1;;;;;;;;0;;;;;;;;;;;;;;;;;0;;;;;;;;;16;;;;;Man City;Everton;Watford;Hull;Tottenham;;;;;;;;;;;;;;;;;;;;;;;;;;;;;;;;;
Lewis;Grabban;FWD;BOU;4500000;;;;;;;;;;;;;;;;;;;;;;;;;;;;;;;;;;;;;;;;Man City;Everton;Watford;Hull;Tottenham;;;;;;;;;;;;;;;;;;;;;;;;;;;;;;;;;
Max;Gradel;MID;BOU;5200000;1;;;;;;;;0;;;;;;;;;;;;;;;;;0;;;;;;;;;16;;;;;Man City;Everton;Watford;Hull;Tottenham;;;;;;;;;;;;;;;;;;;;;;;;;;;;;;;;;
Lee;Grant;GLK;STK;4000000;;;;;;;;;;;;;;;;;;;;;;;;;;;;;;;;;;;;;;;;Crystal Palace;West Brom;Man Utd;Sunderland;Hull;;;;;;;;;;;;;;;;;;;;;;;;;;;;;;;;;
Andre;Gray;FWD;BUR;6400000;2;;;;;;;;1;;;;;;;;;;;;;;;;;;;;;;;;;;80;;;;;Leicester;Watford;Arsenal;Southampton;Everton;;;;;;;;;;;;;;;;;;;;;;;;;;;;;;;;;
Demarai;Gray;MID;LEI;4900000;;;;;;;;;;;;;;;;;;;;;;;;;;;;;;;;;;;;;;;;Burnley;Man Utd;Southampton;Chelsea;Crystal Palace;;;;;;;;;;;;;;;;;;;;;;;;;;;;;;;;;
Marko;Grujic;MID;LIV;4600000;;;;;;;;;;;;;;;;;;;;;;;;;;;;;;;;;;;;;;;;Chelsea;Hull;Swansea;Man Utd;West Brom;;;;;;;;;;;;;;;;;;;;;;;;;;;;;;;;;
Johann Berg;Gudmundsson;MID;BUR;5200000;2;;;;;;;;1;;;;;;;;;;;;;;;;;;;;;;;;;;76;;;;;Leicester;Watford;Arsenal;Southampton;Everton;;;;;;;;;;;;;;;;;;;;;;;;;;;;;;;;;
Adlene;Guedioura;MID;WAT;4500000;;;;;;;;;;;;;;;;;;;;;;;;;;;;;;;;;;;;;;;;Man Utd;Burnley;Bournemouth;Middlesbrough;Swansea;;;;;;;;;;;;;;;;;;;;;;;;;;;;;;;;;
Idrissa;Gueye;MID;EVE;5000000;5;;;;;;;1;0;;;;;;;;;;;;;;;;;1;;1;;;;;;;90;;;;;Middlesbrough;Bournemoth;Crystal Palace;Man City;Burnley;;;;;;;;;;;;;;;;;;;;;;;;;;;;;;;;;
Ilkay;Gundogan;MID;MCI;5400000;;;;;;;;;;;;;;;;;;;;;;;;;;;;;;;;;;;;;;;;Bournemouth;Swansea;Tottenham;Everton;Southampton;;;;;;;;;;;;;;;;;;;;;;;;;;;;;;;;;
Bradley;Guzan;GLK;MID;4500000;;;;;;;;;;;;;;;;;;;;;;;;;;;;;;;;;;;;;;;;Everton;Tottenham;West Ham;Watford;Arsenal;;;;;;;;;;;;;;;;;;;;;;;;;;;;;;;;;
Pierre-Emile;H?jbjerg;MID;SOU;4400000;0;;;;;;;1;1;;;;;;;;;;;;;;;;;;;;;;;;;;26;;;;;Swansea;West Ham;Leicester;Burnley;Man City;;;;;;;;;;;;;;;;;;;;;;;;;;;;;;;;;
Ben;Hamer;GLK;LEI;4500000;;;;;;;;;;;;;;;;;;;;;;;;;;;;;;;;;;;;;;;;Burnley;Man Utd;Southampton;Chelsea;Crystal Palace;;;;;;;;;;;;;;;;;;;;;;;;;;;;;;;;;
Joe;Hart;GLK;MCI;5300000;;;;;;;;;;;;;;;;;;;;;;;;;;;;;;;;;;;;;;;;Bournemouth;Swansea;Tottenham;Everton;Southampton;;;;;;;;;;;;;;;;;;;;;;;;;;;;;;;;;
Jakob;Haugaard;GLK;STK;4400000;;;;;;;;;;;;;;;;;;;;;;;;;;;;;;;;;;;;;;;;Crystal Palace;West Brom;Man Utd;Sunderland;Hull;;;;;;;;;;;;;;;;;;;;;;;;;;;;;;;;;
Eden;Hazard;MID;CHE;10000000;1;;;;;;;1;2;;;;;;;;;;;;;;;;;;;;;;;;;;90;;;;;Liverpool;Arsenal;Hull;Leicester;Man Utd;;;;;;;;;;;;;;;;;;;;;;;;;;;;;;;;;
Tom;Heaton;GLK;BUR;4600000;2;;;;;;;;1;;;;;;;;;;;;;;;;;;;;;;;;;;90;;;;;Leicester;Watford;Arsenal;Southampton;Everton;;;;;;;;;;;;;;;;;;;;;;;;;;;;;;;;;
Jordan;Henderson;MID;LIV;6400000;1;;;;;;;1;1;;;;;;;;;;;;;;;;;;;;;;;;;;90;;;;;Chelsea;Hull;Swansea;Man Utd;West Brom;;;;;;;;;;;;;;;;;;;;;;;;;;;;;;;;;
Jeff;Hendrick;MID;BUR;5400000;1;;;;;;;;0;;;;;;;;;;;;;;;;;;;;;;;;;;15;;;;;Leicester;Watford;Arsenal;Southampton;Everton;;;;;;;;;;;;;;;;;;;;;;;;;;;;;;;;;
Wayne;Hennessey;GLK;CRY;4500000;;;;;;;;;;;;;;;;;;;;;;;;;;;;;;;;;;;;;;;;Stoke;Sunderland;Everton;West Ham;Leicester;;;;;;;;;;;;;;;;;;;;;;;;;;;;;;;;;
Rouwen;Hennings;FWD;BUR;4500000;;;;;;;;;;;;;;;;;;;;;;;;;;;;;;;;;;;;;;;;Leicester;Watford;Arsenal;Southampton;Everton;;;;;;;;;;;;;;;;;;;;;;;;;;;;;;;;;
Markus;Henriksen;MID;HUL;5400000;;;;;;;;;;;;;;;;;;;;;;;;;;;;;;;;;;;;;;;;Arsenal;Liverpool;Chelsea;Bournemouth;Stoke;;;;;;;;;;;;;;;;;;;;;;;;;;;;;;;;;
Abel;Hernandez;FWD;HUL;6000000;2;;;;;;;;1;;;;;;;;;;;;;;;;;;;;;;;;;;90;;;;;Arsenal;Liverpool;Chelsea;Bournemouth;Stoke;;;;;;;;;;;;;;;;;;;;;;;;;;;;;;;;;
Luis;Hernandez;DEF;LEI;4400000;0;;;;;;;;2;;;;;;;;;;;;;;;;;;;;;;;;;;56;;;;;Burnley;Man Utd;Southampton;Chelsea;Crystal Palace;;;;;;;;;;;;;;;;;;;;;;;;;;;;;;;;;
Ander;Herrera;MID;MUN;6300000;1;;;;;;;;0;;;;;;;;;;;;;;;;;;;;;;;;;;45;;;;;Watford;Leicester;Stoke;Liverpool;Chelsea;;;;;;;;;;;;;;;;;;;;;;;;;;;;;;;;;
Ben;Hinchcliffe;FWD;HUL;4500000;;;;;;;;;;;;;;;;;;;;;;;;;;;;;;;;;;;;;;;;Arsenal;Liverpool;Chelsea;Bournemouth;Stoke;;;;;;;;;;;;;;;;;;;;;;;;;;;;;;;;;
Tommie;Hoban;DEF;WAT;4000000;;;;;;;;;;;;;;;;;;;;;;;;;;;;;;;;;;;;;;;;Man Utd;Burnley;Bournemouth;Middlesbrough;Swansea;;;;;;;;;;;;;;;;;;;;;;;;;;;;;;;;;
Rob;Holding;DEF;ARS;4500000;;;;;;;;;;;;;;;;;;;;;;;;;;;;;;;;;;;;;;;;Hull;Chelsea;Burnley;Swansea;Middlesbrough;;;;;;;;;;;;;;;;;;;;;;;;;;;;;;;;;
Jose;Holebas;DEF;WAT;4500000;7;;;;;;;;2;;;;1;;;;;;;;;;;;;;;;;;;;;;90;;;;;Man Utd;Burnley;Bournemouth;Middlesbrough;Swansea;;;;;;;;;;;;;;;;;;;;;;;;;;;;;;;;;
Mason;Holgate;DEF;EVE;4500000;;;;;;;;;;;;;;;;;;;;;;;;;;;;;;;;;;;;;;;;Middlesbrough;Bournemoth;Crystal Palace;Man City;Burnley;;;;;;;;;;;;;;;;;;;;;;;;;;;;;;;;;
Tom;Huddlestone;MID;HUL;5000000;2;;;;;;;;1;;;;;;;;;;;;;;;;;;;;;;;;;;90;;;;;Arsenal;Liverpool;Chelsea;Bournemouth;Stoke;;;;;;;;;;;;;;;;;;;;;;;;;;;;;;;;;
Robert;Huth;DEF;LEI;5000000;-1;;;;;;;1;4;;;;;;;;;;;;;;;;;;;;;;;;;;90;;;;;Burnley;Man Utd;Southampton;Chelsea;Crystal Palace;;;;;;;;;;;;;;;;;;;;;;;;;;;;;;;;;
Emerson;Hyndman;MID;BOU;4500000;;;;;;;;;;;;;;;;;;;;;;;;;;;;;;;;;;;;;;;;Man City;Everton;Watford;Hull;Tottenham;;;;;;;;;;;;;;;;;;;;;;;;;;;;;;;;;
Jordon;Ibe;MID;BOU;5300000;3;;;;;;;;0;;;;;;;;;;;;;;;;;1;;;;;;;;;63;;;;;Man City;Everton;Watford;Hull;Tottenham;;;;;;;;;;;;;;;;;;;;;;;;;;;;;;;;;
Zlatan;Ibrahimovic;FWD;MUN;11700000;5;;;;;;;1;2;;;;1;;;;;;;;;;;;;;;;;;;;;;90;;;;;Watford;Leicester;Stoke;Liverpool;Chelsea;;;;;;;;;;;;;;;;;;;;;;;;;;;;;;;;;
Odion;Ighalo;FWD;WAT;7300000;10;;;;;;;;2;;;;1;;;;;;;;;;;;;;;1;;;;;;;69;;;;;Man Utd;Burnley;Bournemouth;Middlesbrough;Swansea;;;;;;;;;;;;;;;;;;;;;;;;;;;;;;;;;
Kelechi;Iheanacho;FWD;MCI;7100000;8;;;;;;;;1;;;;1;;;;;;;;;;;;;;;1;;;;;;;53;;;;;Bournemouth;Swansea;Tottenham;Everton;Southampton;;;;;;;;;;;;;;;;;;;;;;;;;;;;;;;;;
Giannelli;Imbula;MID;STK;4900000;2;;;;;;;;4;;;;;;;;;;;;;;;;;;;;;;;;;;71;;;;;Crystal Palace;West Brom;Man Utd;Sunderland;Hull;;;;;;;;;;;;;;;;;;;;;;;;;;;;;;;;;
Danny;Ings;FWD;LIV;5600000;;;;;;;;;;;;;;;;;;;;;;;;;;;;;;;;;;;;;;;;Chelsea;Hull;Swansea;Man Utd;West Brom;;;;;;;;;;;;;;;;;;;;;;;;;;;;;;;;;
Gokhan;Inler;MID;LEI;4400000;;;;;;;;;;;;;;;;;;;;;;;;;;;;;;;;;;;;;;;;Burnley;Man Utd;Southampton;Chelsea;Crystal Palace;;;;;;;;;;;;;;;;;;;;;;;;;;;;;;;;;
Stephen;Ireland;MID;STK;4500000;;;;;;;;;;;;;;;;;;;;;;;;;;;;;;;;;;;;;;;;Crystal Palace;West Brom;Man Utd;Sunderland;Hull;;;;;;;;;;;;;;;;;;;;;;;;;;;;;;;;;
Lloyd;Isgrove;MID;SOU;4500000;;;;;;;;;;;;;;;;;;;;;;;;;;;;;;;;;;;;;;;;Swansea;West Ham;Leicester;Burnley;Man City;;;;;;;;;;;;;;;;;;;;;;;;;;;;;;;;;
Branislav;Ivanovic;DEF;CHE;6000000;1;;;;;;;;2;;;;;;;;;;;;;;;;;;;;;;;;;;90;;;;;Liverpool;Arsenal;Hull;Leicester;Man Utd;;;;;;;;;;;;;;;;;;;;;;;;;;;;;;;;;
Alex;Iwobi;MID;ARS;5800000;1;;;;;;;;0;;;;;;;;;;;;;;;;;;;;;;;;;;15;;;;;Hull;Chelsea;Burnley;Swansea;Middlesbrough;;;;;;;;;;;;;;;;;;;;;;;;;;;;;;;;;
Phil;Jagielka;DEF;EVE;5100000;6;;;;;;;;0;;;;;;;;;;;;;;;;;1;;;;;;;;;90;;;;;Middlesbrough;Bournemoth;Crystal Palace;Man City;Burnley;;;;;;;;;;;;;;;;;;;;;;;;;;;;;;;;;
Eldin;Jakupovic;GLK;HUL;4100000;2;;;;;;;;1;;;;;;;;;;;;;;;;;;;;;;;;;;90;;;;;Arsenal;Liverpool;Chelsea;Bournemouth;Stoke;;;;;;;;;;;;;;;;;;;;;;;;;;;;;;;;;
Daryl;Janmaat;DEF;WAT;5000000;1;;;;;;;;2;;;;;;;;;;;;;;;;;;;;;;;;;;90;;;;;Man Utd;Burnley;Bournemouth;Middlesbrough;Swansea;;;;;;;;;;;;;;;;;;;;;;;;;;;;;;;;;
Vincent;Janssen;FWD;TOT;7800000;1;;;;;;;;0;;;;;;;;;;;;;;;;;0;;;;;;;;;17;;;;;Sunderland;Middlesbrough;Man City;West Brom;Bournemouth;;;;;;;;;;;;;;;;;;;;;;;;;;;;;;;;;
Adnan;Januzaj;MID;SUN;5500000;2;;;;;;;;3;;;;;;;;;;;;;;;;;;;;;;;;;;90;;;;;Tottenham;Crystal Palace;West Brom;Stoke;West Ham;;;;;;;;;;;;;;;;;;;;;;;;;;;;;;;;;
Mile;Jedinak;MID;CRY;4500000;;;;;;;;;;;;;;;;;;;;;;;;;;;;;;;;;;;;;;;;Stoke;Sunderland;Everton;West Ham;Leicester;;;;;;;;;;;;;;;;;;;;;;;;;;;;;;;;;
Carl;Jenkinson;DEF;ARS;5000000;;;;;;;;;;;;;;;;;;;;;;;;;;;;;;;;;;;;;;;;Hull;Chelsea;Burnley;Swansea;Middlesbrough;;;;;;;;;;;;;;;;;;;;;;;;;;;;;;;;;
Glen;Johnson;DEF;STK;4800000;;;;;;;;;;;;;;;;;;;;;;;;;;;;;;;;;;;;;;;;Crystal Palace;West Brom;Man Utd;Sunderland;Hull;;;;;;;;;;;;;;;;;;;;;;;;;;;;;;;;;
;Jonathan Benteke;FWD;CRY;4500000;1;;;;;;;;0;;;;;;;;;;;;;;;;;;;;;;;;;;6;;;;;Stoke;Sunderland;Everton;West Ham;Leicester;;;;;;;;;;;;;;;;;;;;;;;;;;;;;;;;;
David;Jones;MID;BUR;5000000;;;;;;;;;;;;;;;;;;;;;;;;;;;;;;;;;;;;;;;;Leicester;Watford;Arsenal;Southampton;Everton;;;;;;;;;;;;;;;;;;;;;;;;;;;;;;;;;
Phil;Jones;DEF;MUN;4400000;;;;;;;;;;;;;;;;;;;;;;;;;;;;;;;;;;;;;;;;Watford;Leicester;Stoke;Liverpool;Chelsea;;;;;;;;;;;;;;;;;;;;;;;;;;;;;;;;;
Billy;Jones;DEF;SUN;4800000;;;;;;;;;;;;;;;;;;;;;;;;;;;;;;;;;;;;;;;;Tottenham;Crystal Palace;West Brom;Stoke;West Ham;;;;;;;;;;;;;;;;;;;;;;;;;;;;;;;;;
;Joselu;FWD;STK;5300000;;;;;;;;;;;;;;;;;;;;;;;;;;;;;;;;;;;;;;;;Crystal Palace;West Brom;Man Utd;Sunderland;Hull;;;;;;;;;;;;;;;;;;;;;;;;;;;;;;;;;
;Josh Robson;DEF;SUN;4000000;;;;;;;;;;;;;;;;;;;;;;;;;;;;;;;;;;;;;;;;Tottenham;Crystal Palace;West Brom;Stoke;West Ham;;;;;;;;;;;;;;;;;;;;;;;;;;;;;;;;;
Lukas;Jutkiewicz;FWD;BUR;4400000;;;;;;;;;;;;;;;;;;;;;;;;;;;;;;;;;;;;;;;;Leicester;Watford;Arsenal;Southampton;Everton;;;;;;;;;;;;;;;;;;;;;;;;;;;;;;;;;
Christian;Kabasele;DEF;WAT;4800000;;;;;;;;;;;;;;;;;;;;;;;;;;;;;;;;;;;;;;;;Man Utd;Burnley;Bournemouth;Middlesbrough;Swansea;;;;;;;;;;;;;;;;;;;;;;;;;;;;;;;;;
Younes;Kaboul;DEF;WAT;4400000;1;;;;;;;;2;;;;;;;;;;;;;;;;;;;;;;;;;;82;;;;;Man Utd;Burnley;Bournemouth;Middlesbrough;Swansea;;;;;;;;;;;;;;;;;;;;;;;;;;;;;;;;;
Sullay;Kaikai;MID;CRY;4500000;;;;;;;;;;;;;;;;;;;;;;;;;;;;;;;;;;;;;;;;Stoke;Sunderland;Everton;West Ham;Leicester;;;;;;;;;;;;;;;;;;;;;;;;;;;;;;;;;
Harry;Kane;FWD;TOT;10800000;6;;;;;;;;0;;;;1;;;;;;;;;;;;;1;;;;;;;;;73;;;;;Sunderland;Middlesbrough;Man City;West Brom;Bournemouth;;;;;;;;;;;;;;;;;;;;;;;;;;;;;;;;;
N'Golo;Kante;MID;CHE;4900000;2;;;;;;;;2;;;;;;;;;;;;;;;;;;;;;;;;;;90;;;;;Liverpool;Arsenal;Hull;Leicester;Man Utd;;;;;;;;;;;;;;;;;;;;;;;;;;;;;;;;;
Bartosz;Kapustka;MID;LEI;5300000;;;;;;;;;;;;;;;;;;;;;;;;;;;;;;;;;;;;;;;;Burnley;Man Utd;Southampton;Chelsea;Crystal Palace;;;;;;;;;;;;;;;;;;;;;;;;;;;;;;;;;
Loris;Karius;GLK;LIV;4900000;;;;;;;;;;;;;;;;;;;;;;;;;;;;;;;;;;;;;;;;Chelsea;Hull;Swansea;Man Utd;West Brom;;;;;;;;;;;;;;;;;;;;;;;;;;;;;;;;;
Michael;Keane;DEF;BUR;5000000;2;;;;;;;;1;;;;;;;;;;;;;;;;;;;;;;;;;;90;;;;;Leicester;Watford;Arsenal;Southampton;Everton;;;;;;;;;;;;;;;;;;;;;;;;;;;;;;;;;
Will;Keane;FWD;HUL;4500000;1;;;;;;;;1;;;;;;;;;;;;;;;;;;;;;;;;;;20;;;;;Arsenal;Liverpool;Chelsea;Bournemouth;Stoke;;;;;;;;;;;;;;;;;;;;;;;;;;;;;;;;;
Martin;Kelly;DEF;CRY;4400000;2;;;;;;;;1;;;;;;;;;;;;;;;;;;;;;;;;;;90;;;;;Stoke;Sunderland;Everton;West Ham;Leicester;;;;;;;;;;;;;;;;;;;;;;;;;;;;;;;;;
;Kenedy;MID;WAT;5400000;;;;;;;;;;;;;;;;;;;;;;;;;;;;;;;;;;;;;;;;Man Utd;Burnley;Bournemouth;Middlesbrough;Swansea;;;;;;;;;;;;;;;;;;;;;;;;;;;;;;;;;
Wahbi;Khazri;MID;SUN;6200000;1;;;;;;;;3;;;;;;;;;;;;;;;;;;;;;;;;;;33;;;;;Tottenham;Crystal Palace;West Brom;Stoke;West Ham;;;;;;;;;;;;;;;;;;;;;;;;;;;;;;;;;
;Ki Sung-yueng;MID;SWA;5300000;2;;;;;;;;2;;;;;;;;;;;;;;;;;;;;;;;;;;90;;;;;Southampton;Man City;Liverpool;Arsenal;Watford;;;;;;;;;;;;;;;;;;;;;;;;;;;;;;;;;
Michael;Kightly;MID;BUR;4400000;;;;;;;;;;;;;;;;;;;;;;;;;;;;;;;;;;;;;;;;Leicester;Watford;Arsenal;Southampton;Everton;;;;;;;;;;;;;;;;;;;;;;;;;;;;;;;;;
Joshua;King;MID;BOU;5500000;3;;;;;;;;0;;;;;;;;;;;;;;;;;1;;;;;;;;;74;;;;;Man City;Everton;Watford;Hull;Tottenham;;;;;;;;;;;;;;;;;;;;;;;;;;;;;;;;;
Andy;King;MID;LEI;4800000;;;;;;;;;;;;;;;;;;;;;;;;;;;;;;;;;;;;;;;;Burnley;Man Utd;Southampton;Chelsea;Crystal Palace;;;;;;;;;;;;;;;;;;;;;;;;;;;;;;;;;
Stephen;Kingsley;DEF;SWA;4100000;1;;;;;;;;2;;;;;;;;;;;;;;;;;;;;;;;;;;90;;;;;Southampton;Man City;Liverpool;Arsenal;Watford;;;;;;;;;;;;;;;;;;;;;;;;;;;;;;;;;
Jan;Kirchhoff;MID;SUN;4500000;2;;;;;;;;3;;;;;;;;;;;;;;;;;;;;;;;;;;76;;;;;Tottenham;Crystal Palace;West Brom;Stoke;West Ham;;;;;;;;;;;;;;;;;;;;;;;;;;;;;;;;;
Ragnar;Klavan;DEF;LIV;4900000;;;;;;;;;;;;;;;;;;;;;;;;;;;;;;;;;;;;;;;;Chelsea;Hull;Swansea;Man Utd;West Brom;;;;;;;;;;;;;;;;;;;;;;;;;;;;;;;;;
Aleksandar;Kolarov;DEF;MCI;5900000;2;;;;;;;;1;;;;;;;;;;;;;;;;;;;;;;;;;;90;;;;;Bournemouth;Swansea;Tottenham;Everton;Southampton;;;;;;;;;;;;;;;;;;;;;;;;;;;;;;;;;
Vincent;Kompany;DEF;MCI;5900000;;;;;;;;;;;;;;;;;;;;;;;;;;;;;;;;;;;;;;;;Bournemouth;Swansea;Tottenham;Everton;Southampton;;;;;;;;;;;;;;;;;;;;;;;;;;;;;;;;;
Arouna;Kone;FWD;EVE;4500000;1;;;;;;;;0;;;;;;;;;;;;;;;;;0;;;;;;;;;1;;;;;Middlesbrough;Bournemoth;Crystal Palace;Man City;Burnley;;;;;;;;;;;;;;;;;;;;;;;;;;;;;;;;;
Lamine;Kone;DEF;SUN;5300000;1;;;;;;;;3;;;;;;;;;;;;;;;;;;;;;;;;;;90;;;;;Tottenham;Crystal Palace;West Brom;Stoke;West Ham;;;;;;;;;;;;;;;;;;;;;;;;;;;;;;;;;
Dimitrios;Konstantopoulos;GLK;MID;4400000;;;;;;;;;;;;;;;;;;;;;;;;;;;;;;;;;;;;;;;;Everton;Tottenham;West Ham;Watford;Arsenal;;;;;;;;;;;;;;;;;;;;;;;;;;;;;;;;;
Laurent;Koscielny;DEF;ARS;6000000;8;;;;;;;;1;;;;1;;;;;;;;;;;;;;;;;;;;;;90;;;;;Hull;Chelsea;Burnley;Swansea;Middlesbrough;;;;;;;;;;;;;;;;;;;;;;;;;;;;;;;;;
Cheikhou;Kouyate;MID;WHU;5300000;2;;;;;;;;4;;;;;;;;;;;;;;;;;;;;;;;;;;90;;;;;West Brom;Southampton;Middlesbrough;Crystal Palace;Sunderland;;;;;;;;;;;;;;;;;;;;;;;;;;;;;;;;;
Dusan;Kuciak;GLK;HUL;4000000;;;;;;;;;;;;;;;;;;;;;;;;;;;;;;;;;;;;;;;;Arsenal;Liverpool;Chelsea;Bournemouth;Stoke;;;;;;;;;;;;;;;;;;;;;;;;;;;;;;;;;
Olayinka Fredrick Oladotun;Ladapo;FWD;CRY;4500000;;;;;;;;;;;;;;;;;;;;;;;;;;;;;;;;;;;;;;;;Stoke;Sunderland;Everton;West Ham;Leicester;;;;;;;;;;;;;;;;;;;;;;;;;;;;;;;;;
Daniel;Lafferty;DEF;BUR;4000000;;;;;;;;;;;;;;;;;;;;;;;;;;;;;;;;;;;;;;;;Leicester;Watford;Arsenal;Southampton;Everton;;;;;;;;;;;;;;;;;;;;;;;;;;;;;;;;;
Adam;Lallana;MID;LIV;7100000;7;;;;;;;;1;;;;1;;;;;;;;;;;;;;;;;;;;;;90;;;;;Chelsea;Hull;Swansea;Man Utd;West Brom;;;;;;;;;;;;;;;;;;;;;;;;;;;;;;;;;
Rickie;Lambert;FWD;WBA;5400000;;;;;;;;;;;;;;;;;;;;;;;;;;;;;;;;;;;;;;;;West Ham;Stoke;Sunderland;Tottenham;Liverpool;;;;;;;;;;;;;;;;;;;;;;;;;;;;;;;;;
Erik;Lamela;MID;TOT;7000000;1;;;;;;;;0;;;;;;;;;;;;;;;;;0;;;;;;;;;35;;;;;Sunderland;Middlesbrough;Man City;West Brom;Bournemouth;;;;;;;;;;;;;;;;;;;;;;;;;;;;;;;;;
Manuel;Lanzini;MID;WHU;6400000;2;;;;;;;;4;;;;;;;;;;;;;;;;;;;;;;;;;;90;;;;;West Brom;Southampton;Middlesbrough;Crystal Palace;Sunderland;;;;;;;;;;;;;;;;;;;;;;;;;;;;;;;;;
Sebastian;Larsson;MID;SUN;4800000;;;;;;;;;;;;;;;;;;;;;;;;;;;;;;;;;;;;;;;;Tottenham;Crystal Palace;West Brom;Stoke;West Ham;;;;;;;;;;;;;;;;;;;;;;;;;;;;;;;;;
Grant;Leadbitter;MID;MID;4900000;;;;;;;;;;;;;;;;;;;;;;;;;;;;;;;;;;;;;;;;Everton;Tottenham;West Ham;Watford;Arsenal;;;;;;;;;;;;;;;;;;;;;;;;;;;;;;;;;
Joe;Ledley;MID;CRY;4500000;2;;;;;;;;1;;;;;;;;;;;;;;;;;;;;;;;;;;84;;;;;Stoke;Sunderland;Everton;West Ham;Leicester;;;;;;;;;;;;;;;;;;;;;;;;;;;;;;;;;
;Lee Chung-yong;MID;CRY;4500000;1;;;;;;;;0;;;;;;;;;;;;;;;;;;;;;;;;;;13;;;;;Stoke;Sunderland;Everton;West Ham;Leicester;;;;;;;;;;;;;;;;;;;;;;;;;;;;;;;;;
Jonathan;Leko;MID;WBA;4400000;1;;;;;;;;0;;;;;;;;;;;;;;;;;;;;;;;;;;8;;;;;West Ham;Stoke;Sunderland;Tottenham;Liverpool;;;;;;;;;;;;;;;;;;;;;;;;;;;;;;;;;
Brian;Lenihan;DEF;HUL;3900000;;;;;;;;;;;;;;;;;;;;;;;;;;;;;;;;;;;;;;;;Arsenal;Liverpool;Chelsea;Bournemouth;Stoke;;;;;;;;;;;;;;;;;;;;;;;;;;;;;;;;;
Aaron;Lennon;MID;EVE;5700000;;;;;;;;;;;;;;;;;;;;;;;;;;;;;;;;;;;;;;;;Middlesbrough;Bournemoth;Crystal Palace;Man City;Burnley;;;;;;;;;;;;;;;;;;;;;;;;;;;;;;;;;
Jeremain;Lens;MID;SUN;5900000;;;;;;;;;;;;;;;;;;;;;;;;;;;;;;;;;;;;;;;;Tottenham;Crystal Palace;West Brom;Stoke;West Ham;;;;;;;;;;;;;;;;;;;;;;;;;;;;;;;;;
Jesse;Lingard;MID;MUN;5700000;1;;;;;;;;2;;;;;;;;;;;;;;;;;;;;;;;;;;45;;;;;Watford;Leicester;Stoke;Liverpool;Chelsea;;;;;;;;;;;;;;;;;;;;;;;;;;;;;;;;;
Jake;Livermore;MID;HUL;4900000;2;;;;;;;;1;;;;;;;;;;;;;;;;;;;;;;;;;;90;;;;;Arsenal;Liverpool;Chelsea;Bournemouth;Stoke;;;;;;;;;;;;;;;;;;;;;;;;;;;;;;;;;
Fernando;Llorente;FWD;SWA;6300000;2;;;;;;;;2;;;;;;;;;;;;;;;;;;;;;;;;;;90;;;;;Southampton;Man City;Liverpool;Arsenal;Watford;;;;;;;;;;;;;;;;;;;;;;;;;;;;;;;;;
Hugo;Lloris;GLK;TOT;5400000;6;;;;;;;;0;;;;;;;;;;;;;;;;;1;;;;;;;;;90;;;;;Sunderland;Middlesbrough;Man City;West Brom;Bournemouth;;;;;;;;;;;;;;;;;;;;;;;;;;;;;;;;;
Ruben;Loftus-Cheek;MID;CHE;5200000;;;;;;;;;;;;;;;;;;;;;;;;;;;;;;;;;;;;;;;;Liverpool;Arsenal;Hull;Leicester;Man Utd;;;;;;;;;;;;;;;;;;;;;;;;;;;;;;;;;
Chris;Long;FWD;BUR;6200000;;;;;;;;;;;;;;;;;;;;;;;;;;;;;;;;;;;;;;;;Leicester;Watford;Arsenal;Southampton;Everton;;;;;;;;;;;;;;;;;;;;;;;;;;;;;;;;;
Shane;Long;FWD;SOU;4500000;1;;;;;;;;1;;;;;;;;;;;;;;;;;;;;;;;;;;45;;;;;Swansea;West Ham;Leicester;Burnley;Man City;;;;;;;;;;;;;;;;;;;;;;;;;;;;;;;;;
Donald;Love;DEF;SUN;4000000;;;;;;;;;;;;;;;;;;;;;;;;;;;;;;;;;;;;;;;;Tottenham;Crystal Palace;West Brom;Stoke;West Ham;;;;;;;;;;;;;;;;;;;;;;;;;;;;;;;;;
Dejan;Lovren;DEF;LIV;4900000;;;;;;;;;;;;;;;;;;;;;;;;;;;;;;;;;;;;;;;;Chelsea;Hull;Swansea;Man Utd;West Brom;;;;;;;;;;;;;;;;;;;;;;;;;;;;;;;;;
Matthew;Lowton;DEF;BUR;4500000;2;;;;;;;;1;;;;;;;;;;;;;;;;;;;;;;;;;;90;;;;;Leicester;Watford;Arsenal;Southampton;Everton;;;;;;;;;;;;;;;;;;;;;;;;;;;;;;;;;
Leiva;Lucas;MID;LIV;4400000;2;;;;;;;;1;;;;;;;;;;;;;;;;;;;;;;;;;;90;;;;;Chelsea;Hull;Swansea;Man Utd;West Brom;;;;;;;;;;;;;;;;;;;;;;;;;;;;;;;;;
Greg;Luer;FWD;HUL;4400000;;;;;;;;;;;;;;;;;;;;;;;;;;;;;;;;;;;;;;;;Arsenal;Liverpool;Chelsea;Bournemouth;Stoke;;;;;;;;;;;;;;;;;;;;;;;;;;;;;;;;;
Romelu;Lukaku;FWD;EVE;9300000;14;;;;;;;;0;;;;3;;;;;;;;;;;;;1;;;;;;;;;89;;;;;Middlesbrough;Bournemoth;Crystal Palace;Man City;Burnley;;;;;;;;;;;;;;;;;;;;;;;;;;;;;;;;;
Shaun;MacDonald;MID;BOU;4500000;;;;;;;;;;;;;;;;;;;;;;;;;;;;;;;;;;;;;;;;Man City;Everton;Watford;Hull;Tottenham;;;;;;;;;;;;;;;;;;;;;;;;;;;;;;;;;
Pablo;Maffeo;DEF;MCI;4500000;;;;;;;;;;;;;;;;;;;;;;;;;;;;;;;;;;;;;;;;Bournemouth;Swansea;Tottenham;Everton;Southampton;;;;;;;;;;;;;;;;;;;;;;;;;;;;;;;;;
Harry;Maguire;DEF;HUL;4400000;;;;;;;;;;;;;;;;;;;;;;;;;;;;;;;;;;;;;;;;Arsenal;Liverpool;Chelsea;Bournemouth;Stoke;;;;;;;;;;;;;;;;;;;;;;;;;;;;;;;;;
Riyad;Mahrez;MID;LEI;9300000;2;;;;;;;;4;;;;;;;;;;;;;;;;;;;;;;;;;;90;;;;;Burnley;Man Utd;Southampton;Chelsea;Crystal Palace;;;;;;;;;;;;;;;;;;;;;;;;;;;;;;;;;
Shaun;Maloney;MID;HUL;4500000;1;;;;;;;;0;;;;;;;;;;;;;;;;;;;;;;;;;;7;;;;;Arsenal;Liverpool;Chelsea;Bournemouth;Stoke;;;;;;;;;;;;;;;;;;;;;;;;;;;;;;;;;
Steve;Mandanda;GLK;CRY;4400000;2;;;;;;;;1;;;;;;;;;;;;;;;;;;;;;;;;;;90;;;;;Stoke;Sunderland;Everton;West Ham;Leicester;;;;;;;;;;;;;;;;;;;;;;;;;;;;;;;;;
Sadio;Mane;MID;LIV;9000000;10;;;;;;;;1;;;;1;;;;;;;;;;;;;;;1;;;;;;;90;;;;;Chelsea;Hull;Swansea;Man Utd;West Brom;;;;;;;;;;;;;;;;;;;;;;;;;;;;;;;;;
Eliaquim;Mangala;DEF;MCI;5400000;;;;;;;;;;;;;;;;;;;;;;;;;;;;;;;;;;;;;;;;Bournemouth;Swansea;Tottenham;Everton;Southampton;;;;;;;;;;;;;;;;;;;;;;;;;;;;;;;;;
Alexander;Manninger;GLK;LIV;4000000;;;;;;;;;;;;;;;;;;;;;;;;;;;;;;;;;;;;;;;;Chelsea;Hull;Swansea;Man Utd;West Brom;;;;;;;;;;;;;;;;;;;;;;;;;;;;;;;;;
Vito;Mannone;GLK;SUN;4400000;;;;;;;;;;;;;;;;;;;;;;;;;;;;;;;;;;;;;;;;Tottenham;Crystal Palace;West Brom;Stoke;West Ham;;;;;;;;;;;;;;;;;;;;;;;;;;;;;;;;;
Javier;Manquillo;DEF;SUN;4500000;1;;;;;;;;3;;;;;;;;;;;;;;;;;;;;;;;;;;90;;;;;Tottenham;Crystal Palace;West Brom;Stoke;West Ham;;;;;;;;;;;;;;;;;;;;;;;;;;;;;;;;;
;Marc Wilson;DEF;BOU;4000000;;;;;;;;;;;;;;;;;;;;;;;;;;;;;;;;;;;;;;;;Man City;Everton;Watford;Hull;Tottenham;;;;;;;;;;;;;;;;;;;;;;;;;;;;;;;;;
Adrian;Mariappa;DEF;WAT;4000000;;;;;;;;;;;;;;;;;;;;;;;;;;;;;;;;;;;;;;;;Man Utd;Burnley;Bournemouth;Middlesbrough;Swansea;;;;;;;;;;;;;;;;;;;;;;;;;;;;;;;;;
Lazar;Markovic;MID;LIV;5400000;;;;;;;;;;;;;;;;;;;;;;;;;;;;;;;;;;;;;;;;Chelsea;Hull;Swansea;Man Utd;West Brom;;;;;;;;;;;;;;;;;;;;;;;;;;;;;;;;;
Dean;Marney;MID;BUR;4500000;5;;;;;;;;1;;;;;;;;;;;;;;;;;;;1;;;;;;;90;;;;;Leicester;Watford;Arsenal;Southampton;Everton;;;;;;;;;;;;;;;;;;;;;;;;;;;;;;;;;
David;Marshall;GLK;HUL;4500000;;;;;;;;;;;;;;;;;;;;;;;;;;;;;;;;;;;;;;;;Arsenal;Liverpool;Chelsea;Bournemouth;Stoke;;;;;;;;;;;;;;;;;;;;;;;;;;;;;;;;;
Anthony;Martial;MID;MUN;9300000;1;;;;;;;;0;;;;;;;;;;;;;;;;;;;;;;;;;;9;;;;;Watford;Leicester;Stoke;Liverpool;Chelsea;;;;;;;;;;;;;;;;;;;;;;;;;;;;;;;;;
Cuco;Martina;DEF;SOU;4300000;;;;;;;;;;;;;;;;;;;;;;;;;;;;;;;;;;;;;;;;Swansea;West Ham;Leicester;Burnley;Man City;;;;;;;;;;;;;;;;;;;;;;;;;;;;;;;;;
Bruno;Martins Indi;DEF;STK;5000000;0;;;;;;;;4;;;;;;;;;;;;;;;;;;;;;;;;;;90;;;;;Crystal Palace;West Brom;Man Utd;Sunderland;Hull;;;;;;;;;;;;;;;;;;;;;;;;;;;;;;;;;
Ryan;Mason;MID;HUL;4900000;1;;;;;;;;0;;;;;;;;;;;;;;;;;;;;;;;;;;17;;;;;Arsenal;Liverpool;Chelsea;Bournemouth;Stoke;;;;;;;;;;;;;;;;;;;;;;;;;;;;;;;;;
Arthur;Masuaku;DEF;WHU;5000000;0;;;;;;;;4;;;;;;;;;;;;;;;;;;;;;;;;;;90;;;;;West Brom;Southampton;Middlesbrough;Crystal Palace;Sunderland;;;;;;;;;;;;;;;;;;;;;;;;;;;;;;;;;
Juan;Mata;MID;MUN;7400000;;;;;;;;;;;;;;;;;;;;;;;;;;;;;;;;;;;;;;;;Watford;Leicester;Stoke;Liverpool;Chelsea;;;;;;;;;;;;;;;;;;;;;;;;;;;;;;;;;
Nemanja;Matic;MID;CHE;5000000;2;;;;;;;;2;;;;;;;;;;;;;;;;;;;;;;;;;;76;;;;;Liverpool;Arsenal;Hull;Leicester;Man Utd;;;;;;;;;;;;;;;;;;;;;;;;;;;;;;;;;
Joel;Matip;DEF;LIV;5400000;2;;;;;;;;1;;;;;;;;;;;;;;;;;;;;;;;;;;90;;;;;Chelsea;Hull;Swansea;Man Utd;West Brom;;;;;;;;;;;;;;;;;;;;;;;;;;;;;;;;;
Adam;Matthews;DEF;SUN;4000000;;;;;;;;;;;;;;;;;;;;;;;;;;;;;;;;;;;;;;;;Tottenham;Crystal Palace;West Brom;Stoke;West Ham;;;;;;;;;;;;;;;;;;;;;;;;;;;;;;;;;
Alfie;Mawson;DEF;SWA;4500000;;;;;;;;;;;;;;;;;;;;;;;;;;;;;;;;;;;;;;;;Southampton;Man City;Liverpool;Arsenal;Watford;;;;;;;;;;;;;;;;;;;;;;;;;;;;;;;;;
Dieumerci;Mbokani;FWD;HUL;5500000;;;;;;;;;;;;;;;;;;;;;;;;;;;;;;;;;;;;;;;;Arsenal;Liverpool;Chelsea;Bournemouth;Stoke;;;;;;;;;;;;;;;;;;;;;;;;;;;;;;;;;
James;McArthur;MID;CRY;4900000;2;;;;;;;;1;;;;;;;;;;;;;;;;;;;;;;;;;;90;;;;;Stoke;Sunderland;Everton;West Ham;Leicester;;;;;;;;;;;;;;;;;;;;;;;;;;;;;;;;;
Gareth;McAuley;DEF;WBA;4800000;2;;;;;;;;1;;;;;;;;;;;;;;;;;;;;;;;;;;90;;;;;West Ham;Stoke;Sunderland;Tottenham;Liverpool;;;;;;;;;;;;;;;;;;;;;;;;;;;;;;;;;
Oliver;McBurnie;FWD;SWA;4500000;;;;;;;;;;;;;;;;;;;;;;;;;;;;;;;;;;;;;;;;Southampton;Man City;Liverpool;Arsenal;Watford;;;;;;;;;;;;;;;;;;;;;;;;;;;;;;;;;
James;McCarthy;MID;EVE;4800000;;;;;;;;;;;;;;;;;;;;;;;;;;;;;;;;;;;;;;;;Middlesbrough;Bournemoth;Crystal Palace;Man City;Burnley;;;;;;;;;;;;;;;;;;;;;;;;;;;;;;;;;
Alex;McCarthy;GLK;SOU;4400000;;;;;;;;;;;;;;;;;;;;;;;;;;;;;;;;;;;;;;;;Swansea;West Ham;Leicester;Burnley;Man City;;;;;;;;;;;;;;;;;;;;;;;;;;;;;;;;;
James;McClean;MID;WBA;5000000;;;;;;;;;;;;;;;;;;;;;;;;;;;;;;;;;;;;;;;;West Ham;Stoke;Sunderland;Tottenham;Liverpool;;;;;;;;;;;;;;;;;;;;;;;;;;;;;;;;;
Luke;McGee;GLK;TOT;4000000;;;;;;;;;;;;;;;;;;;;;;;;;;;;;;;;;;;;;;;;Sunderland;Middlesbrough;Man City;West Brom;Bournemouth;;;;;;;;;;;;;;;;;;;;;;;;;;;;;;;;;
Allan;McGregor;GLK;HUL;4500000;;;;;;;;;;;;;;;;;;;;;;;;;;;;;;;;;;;;;;;;Arsenal;Liverpool;Chelsea;Bournemouth;Stoke;;;;;;;;;;;;;;;;;;;;;;;;;;;;;;;;;
Callum;McManaman;MID;WBA;4400000;;;;;;;;;;;;;;;;;;;;;;;;;;;;;;;;;;;;;;;;West Ham;Stoke;Sunderland;Tottenham;Liverpool;;;;;;;;;;;;;;;;;;;;;;;;;;;;;;;;;
Patrick;McNair;DEF;SUN;4400000;;;;;;;;;;;;;;;;;;;;;;;;;;;;;;;;;;;;;;;;Tottenham;Crystal Palace;West Brom;Stoke;West Ham;;;;;;;;;;;;;;;;;;;;;;;;;;;;;;;;;
Ben;Mee;DEF;BUR;4500000;1;;;;;;;1;1;;;;;;;;;;;;;;;;;;;;;;;;;;90;;;;;Leicester;Watford;Arsenal;Southampton;Everton;;;;;;;;;;;;;;;;;;;;;;;;;;;;;;;;;
Nampalys;Mendy;MID;LEI;4400000;;;;;;;;;;;;;;;;;;;;;;;;;;;;;;;;;;;;;;;;Burnley;Man Utd;Southampton;Chelsea;Crystal Palace;;;;;;;;;;;;;;;;;;;;;;;;;;;;;;;;;
Per;Mertesacker;DEF;ARS;4900000;;;;;;;;;;;;;;;;;;;;;;;;;;;;;;;;;;;;;;;;Hull;Chelsea;Burnley;Swansea;Middlesbrough;;;;;;;;;;;;;;;;;;;;;;;;;;;;;;;;;
David;Meyler;MID;HUL;4500000;2;;;;;;;;1;;;;;;;;;;;;;;;;;;;;;;;;;;73;;;;;Arsenal;Liverpool;Chelsea;Bournemouth;Stoke;;;;;;;;;;;;;;;;;;;;;;;;;;;;;;;;;
Matt;Miazga;DEF;CHE;4400000;;;;;;;;;;;;;;;;;;;;;;;;;;;;;;;;;;;;;;;;Liverpool;Arsenal;Hull;Leicester;Man Utd;;;;;;;;;;;;;;;;;;;;;;;;;;;;;;;;;
Simon;Mignolet;GLK;LIV;5000000;2;;;;;;;;1;;;;;;;;;;;;;;;;;;;;;;;;;;90;;;;;Chelsea;Hull;Swansea;Man Utd;West Brom;;;;;;;;;;;;;;;;;;;;;;;;;;;;;;;;;
;Mika;GLK;SUN;4500000;;;;;;;;;;;;;;;;;;;;;;;;;;;;;;;;;;;;;;;;Tottenham;Crystal Palace;West Brom;Stoke;West Ham;;;;;;;;;;;;;;;;;;;;;;;;;;;;;;;;;
John Obi;Mikel;MID;CHE;4400000;;;;;;;;;;;;;;;;;;;;;;;;;;;;;;;;;;;;;;;;Liverpool;Arsenal;Hull;Leicester;Man Utd;;;;;;;;;;;;;;;;;;;;;;;;;;;;;;;;;
James;Milner;MID;LIV;6500000;2;;;;;;;;1;;;;;;;;;;;;;;;;;;;;;;;;;;90;;;;;Chelsea;Hull;Swansea;Man Utd;West Brom;;;;;;;;;;;;;;;;;;;;;;;;;;;;;;;;;
Tyrone;Mings;DEF;BOU;4500000;;;;;;;;;;;;;;;;;;;;;;;;;;;;;;;;;;;;;;;;Man City;Everton;Watford;Hull;Tottenham;;;;;;;;;;;;;;;;;;;;;;;;;;;;;;;;;
Kevin;Mirallas;MID;EVE;6600000;6;;;;;;;;0;;;;;;;;;;;;;;;;;1;;1;;;;;;;90;;;;;Middlesbrough;Bournemoth;Crystal Palace;Man City;Burnley;;;;;;;;;;;;;;;;;;;;;;;;;;;;;;;;;
Henrikh;Mkhitaryan;MID;MUN;9000000;1;;;;;;;;2;;;;;;;;;;;;;;;;;;;;;;;;;;45;;;;;Watford;Leicester;Stoke;Liverpool;Chelsea;;;;;;;;;;;;;;;;;;;;;;;;;;;;;;;;;
Nacho;Monreal;DEF;ARS;6000000;1;;;;;;;1;1;;;;;;;;;;;;;;;;;;;;;;;;;;90;;;;;Hull;Chelsea;Burnley;Swansea;Middlesbrough;;;;;;;;;;;;;;;;;;;;;;;;;;;;;;;;;
Jefferson;Montero;MID;SWA;5200000;;;;;;;;;;;;;;;;;;;;;;;;;;;;;;;;;;;;;;;;Southampton;Man City;Liverpool;Arsenal;Watford;;;;;;;;;;;;;;;;;;;;;;;;;;;;;;;;;
Alberto;Moreno;DEF;LIV;4700000;1;;;;;;;;0;;;;;;;;;;;;;;;;;;;;;;;;;;1;;;;;Chelsea;Hull;Swansea;Man Utd;West Brom;;;;;;;;;;;;;;;;;;;;;;;;;;;;;;;;;
Wes;Morgan;DEF;LEI;5000000;0;;;;;;;;4;;;;;;;;;;;;;;;;;;;;;;;;;;90;;;;;Burnley;Man Utd;Southampton;Chelsea;Crystal Palace;;;;;;;;;;;;;;;;;;;;;;;;;;;;;;;;;
James;Morrison;MID;WBA;4800000;;;;;;;;;;;;;;;;;;;;;;;;;;;;;;;;;;;;;;;;West Ham;Stoke;Sunderland;Tottenham;Liverpool;;;;;;;;;;;;;;;;;;;;;;;;;;;;;;;;;
Victor;Moses;MID;CHE;5500000;1;;;;;;;;0;;;;;;;;;;;;;;;;;;;;;;;;;;13;;;;;Liverpool;Arsenal;Hull;Leicester;Man Utd;;;;;;;;;;;;;;;;;;;;;;;;;;;;;;;;;
Lys;Mousset;FWD;BOU;5300000;;;;;;;;;;;;;;;;;;;;;;;;;;;;;;;;;;;;;;;;Man City;Everton;Watford;Hull;Tottenham;;;;;;;;;;;;;;;;;;;;;;;;;;;;;;;;;
Marc;Muniesa;DEF;STK;4300000;;;;;;;;;;;;;;;;;;;;;;;;;;;;;;;;;;;;;;;;Crystal Palace;West Brom;Man Utd;Sunderland;Hull;;;;;;;;;;;;;;;;;;;;;;;;;;;;;;;;;
Ahmed;Musa;FWD;LEI;7100000;1;;;;;;;;2;;;;;;;;;;;;;;;;;;;;;;;;;;45;;;;;Burnley;Man Utd;Southampton;Chelsea;Crystal Palace;;;;;;;;;;;;;;;;;;;;;;;;;;;;;;;;;
Shkodran;Mustafi;DEF;ARS;6000000;2;;;;;;;;1;;;;;;;;;;;;;;;;;;;;;;;;;;90;;;;;Hull;Chelsea;Burnley;Swansea;Middlesbrough;;;;;;;;;;;;;;;;;;;;;;;;;;;;;;;;;
Jordon;Mutch;MID;CRY;4400000;;;;;;;;;;;;;;;;;;;;;;;;;;;;;;;;;;;;;;;;Stoke;Sunderland;Everton;West Ham;Leicester;;;;;;;;;;;;;;;;;;;;;;;;;;;;;;;;;
Boaz;Myhill;GLK;WBA;4300000;;;;;;;;;;;;;;;;;;;;;;;;;;;;;;;;;;;;;;;;West Ham;Stoke;Sunderland;Tottenham;Liverpool;;;;;;;;;;;;;;;;;;;;;;;;;;;;;;;;;
Samir;Nasri;MID;MCI;6400000;;;;;;;;;;;;;;;;;;;;;;;;;;;;;;;;;;;;;;;;Bournemouth;Swansea;Tottenham;Everton;Southampton;;;;;;;;;;;;;;;;;;;;;;;;;;;;;;;;;
Kyle;Naughton;DEF;SWA;4500000;1;;;;;;;;2;;;;;;;;;;;;;;;;;;;;;;;;;;90;;;;;Southampton;Man City;Liverpool;Arsenal;Watford;;;;;;;;;;;;;;;;;;;;;;;;;;;;;;;;;
Jesus;Navas;MID;MCI;6300000;;;;;;;;;;;;;;;;;;;;;;;;;;;;;;;;;;;;;;;;Bournemouth;Swansea;Tottenham;Everton;Southampton;;;;;;;;;;;;;;;;;;;;;;;;;;;;;;;;;
Didier;Ndong;MID;SUN;5000000;1;;;;;;;;0;;;;;;;;;;;;;;;;;;;;;;;;;;17;;;;;Tottenham;Crystal Palace;West Brom;Stoke;West Ham;;;;;;;;;;;;;;;;;;;;;;;;;;;;;;;;;
Alvaro;Negredo;FWD;MID;6700000;2;;;;;;;;2;;;;;;;;;;;;;;;;;;;;;;;;;;90;;;;;Everton;Tottenham;West Ham;Watford;Arsenal;;;;;;;;;;;;;;;;;;;;;;;;;;;;;;;;;
Julien;Ngoy;FWD;STK;4500000;;;;;;;;;;;;;;;;;;;;;;;;;;;;;;;;;;;;;;;;Crystal Palace;West Brom;Man Utd;Sunderland;Hull;;;;;;;;;;;;;;;;;;;;;;;;;;;;;;;;;
Oumar;Niasse;FWD;EVE;5800000;;;;;;;;;;;;;;;;;;;;;;;;;;;;;;;;;;;;;;;;Middlesbrough;Bournemoth;Crystal Palace;Man City;Burnley;;;;;;;;;;;;;;;;;;;;;;;;;;;;;;;;;
Clinton;N'Jie;FWD;TOT;5900000;;;;;;;;;;;;;;;;;;;;;;;;;;;;;;;;;;;;;;;;Sunderland;Middlesbrough;Man City;West Brom;Bournemouth;;;;;;;;;;;;;;;;;;;;;;;;;;;;;;;;;
Georges-Kevin;Nkoudo;MID;TOT;6900000;;;;;;;;;;;;;;;;;;;;;;;;;;;;;;;;;;;;;;;;Sunderland;Middlesbrough;Man City;West Brom;Bournemouth;;;;;;;;;;;;;;;;;;;;;;;;;;;;;;;;;
Mark;Noble;MID;WHU;6400000;2;;;;;;;;4;;;;;;;;;;;;;;;;;;;;;;;;;;69;;;;;West Brom;Southampton;Middlesbrough;Crystal Palace;Sunderland;;;;;;;;;;;;;;;;;;;;;;;;;;;;;;;;;
;Nolito;MID;MCI;8900000;2;;;;;;;;1;;;;;;;;;;;;;;;;;;;;;;;;;;90;;;;;Bournemouth;Swansea;Tottenham;Everton;Southampton;;;;;;;;;;;;;;;;;;;;;;;;;;;;;;;;;
Kristoffer;Nordfeldt;GLK;SWA;4000000;;;;;;;;;;;;;;;;;;;;;;;;;;;;;;;;;;;;;;;;Southampton;Man City;Liverpool;Arsenal;Watford;;;;;;;;;;;;;;;;;;;;;;;;;;;;;;;;;
Havard;Nordtveit;MID;WHU;4800000;;;;;;;;;;;;;;;;;;;;;;;;;;;;;;;;;;;;;;;;West Brom;Southampton;Middlesbrough;Crystal Palace;Sunderland;;;;;;;;;;;;;;;;;;;;;;;;;;;;;;;;;
;Nsue;DEF;MID;4500000;;;;;;;;;;;;;;;;;;;;;;;;;;;;;;;;;;;;;;;;Everton;Tottenham;West Ham;Watford;Arsenal;;;;;;;;;;;;;;;;;;;;;;;;;;;;;;;;;
David;Nugent;FWD;MID;4800000;;;;;;;;;;;;;;;;;;;;;;;;;;;;;;;;;;;;;;;;Everton;Tottenham;West Ham;Watford;Arsenal;;;;;;;;;;;;;;;;;;;;;;;;;;;;;;;;;
Allan-Romeo;Nyom;DEF;WBA;4300000;;;;;;;;;;;;;;;;;;;;;;;;;;;;;;;;;;;;;;;;West Ham;Stoke;Sunderland;Tottenham;Liverpool;;;;;;;;;;;;;;;;;;;;;;;;;;;;;;;;;
Pedro;Obiang;MID;WHU;4400000;;;;;;;;;;;;;;;;;;;;;;;;;;;;;;;;;;;;;;;;West Brom;Southampton;Middlesbrough;Crystal Palace;Sunderland;;;;;;;;;;;;;;;;;;;;;;;;;;;;;;;;;
Moses;Odubajo;DEF;HUL;4500000;;;;;;;;;;;;;;;;;;;;;;;;;;;;;;;;;;;;;;;;Arsenal;Liverpool;Chelsea;Bournemouth;Stoke;;;;;;;;;;;;;;;;;;;;;;;;;;;;;;;;;
Angelo;Ogbonna;DEF;WHU;4800000;;;;;;;;;;;;;;;;;;;;;;;;;;;;;;;;;;;;;;;;West Brom;Southampton;Middlesbrough;Crystal Palace;Sunderland;;;;;;;;;;;;;;;;;;;;;;;;;;;;;;;;;
Stefano;Okaka;FWD;WAT;5400000;1;;;;;;;1;0;;;;;;;;;;;;;;;;;;;;;;;;;;12;;;;;Man Utd;Burnley;Bournemouth;Middlesbrough;Swansea;;;;;;;;;;;;;;;;;;;;;;;;;;;;;;;;;
Eunan;O'Kane;MID;BOU;4400000;;;;;;;;;;;;;;;;;;;;;;;;;;;;;;;;;;;;;;;;Man City;Everton;Watford;Hull;Tottenham;;;;;;;;;;;;;;;;;;;;;;;;;;;;;;;;;
Shinji;Okazaki;FWD;LEI;5800000;1;;;;;;;;2;;;;;;;;;;;;;;;;;;;;;;;;;;45;;;;;Burnley;Man Utd;Southampton;Chelsea;Crystal Palace;;;;;;;;;;;;;;;;;;;;;;;;;;;;;;;;;
Greg;Olley;MID;HUL;4400000;;;;;;;;;;;;;;;;;;;;;;;;;;;;;;;;;;;;;;;;Arsenal;Liverpool;Chelsea;Bournemouth;Stoke;;;;;;;;;;;;;;;;;;;;;;;;;;;;;;;;;
Jonas;Olsson;DEF;WBA;4500000;;;;;;;;;;;;;;;;;;;;;;;;;;;;;;;;;;;;;;;;West Ham;Stoke;Sunderland;Tottenham;Liverpool;;;;;;;;;;;;;;;;;;;;;;;;;;;;;;;;;
Aiden;O'Neill;MID;BUR;4400000;;;;;;;;;;;;;;;;;;;;;;;;;;;;;;;;;;;;;;;;Leicester;Watford;Arsenal;Southampton;Everton;;;;;;;;;;;;;;;;;;;;;;;;;;;;;;;;;
Joshua;Onomah;MID;TOT;4400000;;;;;;;;;;;;;;;;;;;;;;;;;;;;;;;;;;;;;;;;Sunderland;Middlesbrough;Man City;West Brom;Bournemouth;;;;;;;;;;;;;;;;;;;;;;;;;;;;;;;;;
Divock;Origi;FWD;LIV;6700000;;;;;;;;;;;;;;;;;;;;;;;;;;;;;;;;;;;;;;;;Chelsea;Hull;Swansea;Man Utd;West Brom;;;;;;;;;;;;;;;;;;;;;;;;;;;;;;;;;
;Oriol Romeu;MID;SOU;4500000;2;;;;;;;;2;;;;;;;;;;;;;;;;;;;;;;;;;;90;;;;;Swansea;West Ham;Leicester;Burnley;Man City;;;;;;;;;;;;;;;;;;;;;;;;;;;;;;;;;
;Oscar;MID;CHE;7400000;5;;;;;;;;2;;;;;;;;;;;;;;;;;;;1;;;;;;;88;;;;;Liverpool;Arsenal;Hull;Leicester;Man Utd;;;;;;;;;;;;;;;;;;;;;;;;;;;;;;;;;
John;O'Shea;DEF;SUN;4400000;;;;;;;;;;;;;;;;;;;;;;;;;;;;;;;;;;;;;;;;Tottenham;Crystal Palace;West Brom;Stoke;West Ham;;;;;;;;;;;;;;;;;;;;;;;;;;;;;;;;;
David;Ospina;GLK;ARS;4900000;;;;;;;;;;;;;;;;;;;;;;;;;;;;;;;;;;;;;;;;Hull;Chelsea;Burnley;Swansea;Middlesbrough;;;;;;;;;;;;;;;;;;;;;;;;;;;;;;;;;
Nicolas;Otamendi;DEF;MCI;6000000;2;;;;;;;;1;;;;;;;;;;;;;;;;;;;;;;;;;;90;;;;;Bournemouth;Swansea;Tottenham;Everton;Southampton;;;;;;;;;;;;;;;;;;;;;;;;;;;;;;;;;
Mamadou Obbi;Oulare;FWD;WAT;4500000;;;;;;;;;;;;;;;;;;;;;;;;;;;;;;;;;;;;;;;;Man Utd;Burnley;Bournemouth;Middlesbrough;Swansea;;;;;;;;;;;;;;;;;;;;;;;;;;;;;;;;;
Bryan;Oviedo;MID;EVE;4400000;;;;;;;;;;;;;;;;;;;;;;;;;;;;;;;;;;;;;;;;Middlesbrough;Bournemoth;Crystal Palace;Man City;Burnley;;;;;;;;;;;;;;;;;;;;;;;;;;;;;;;;;
Reece;Oxford;DEF;WHU;4400000;;;;;;;;;;;;;;;;;;;;;;;;;;;;;;;;;;;;;;;;West Brom;Southampton;Middlesbrough;Crystal Palace;Sunderland;;;;;;;;;;;;;;;;;;;;;;;;;;;;;;;;;
Mesut;Ozil;MID;ARS;9500000;2;;;;;;;;1;;;;;;;;;;;;;;;;;;;;;;;;;;90;;;;;Hull;Chelsea;Burnley;Swansea;Middlesbrough;;;;;;;;;;;;;;;;;;;;;;;;;;;;;;;;;
Costel;Pantilimon;GLK;WAT;4400000;;;;;;;;;;;;;;;;;;;;;;;;;;;;;;;;;;;;;;;;Man Utd;Burnley;Bournemouth;Middlesbrough;Swansea;;;;;;;;;;;;;;;;;;;;;;;;;;;;;;;;;
Juan Carlos;Paredes;DEF;WAT;4000000;;;;;;;;;;;;;;;;;;;;;;;;;;;;;;;;;;;;;;;;Man Utd;Burnley;Bournemouth;Middlesbrough;Swansea;;;;;;;;;;;;;;;;;;;;;;;;;;;;;;;;;
;Pau Lopez;GLK;TOT;5000000;;;;;;;;;;;;;;;;;;;;;;;;;;;;;;;;;;;;;;;;Sunderland;Middlesbrough;Man City;West Brom;Bournemouth;;;;;;;;;;;;;;;;;;;;;;;;;;;;;;;;;
Dimitri;Payet;MID;WHU;9400000;2;;;;;;;;4;;;;;;;;;;;;;;;;;;;2;;;;;;;90;;;;;West Brom;Southampton;Middlesbrough;Crystal Palace;Sunderland;;;;;;;;;;;;;;;;;;;;;;;;;;;;;;;;;
;Pedro;MID;CHE;7200000;;;;;;;;;;;;;;;;;;;;;;;;;;;;;;;;;;;;;;;;Liverpool;Arsenal;Hull;Leicester;Man Utd;;;;;;;;;;;;;;;;;;;;;;;;;;;;;;;;;
Matthew;Pennington;DEF;EVE;4000000;;;;;;;;;;;;;;;;;;;;;;;;;;;;;;;;;;;;;;;;Middlesbrough;Bournemoth;Crystal Palace;Man City;Burnley;;;;;;;;;;;;;;;;;;;;;;;;;;;;;;;;;
Andreas;Pereira;MID;MUN;4400000;;;;;;;;;;;;;;;;;;;;;;;;;;;;;;;;;;;;;;;;Watford;Leicester;Stoke;Liverpool;Chelsea;;;;;;;;;;;;;;;;;;;;;;;;;;;;;;;;;
Roberto;Pereyra;MID;WAT;6000000;5;;;;;;;;2;;;;;;;;;;;;;;;;;;;1;;;;;;;90;;;;;Man Utd;Burnley;Bournemouth;Middlesbrough;Swansea;;;;;;;;;;;;;;;;;;;;;;;;;;;;;;;;;
Lucas;Perez;FWD;ARS;8300000;2;;;;;;;;1;;;;;;;;;;;;;;;;;;;;;;;;;;62;;;;;Hull;Chelsea;Burnley;Swansea;Middlesbrough;;;;;;;;;;;;;;;;;;;;;;;;;;;;;;;;;
Matt;Phillips;MID;WBA;5400000;2;;;;;;;;1;;;;;;;;;;;;;;;;;;;;;;;;;;90;;;;;West Ham;Stoke;Sunderland;Tottenham;Liverpool;;;;;;;;;;;;;;;;;;;;;;;;;;;;;;;;;
Jordan;Pickford;GLK;SUN;4000000;1;;;;;;;;3;;;;;;;;;;;;;;;;;;;;;;;;;;90;;;;;Tottenham;Crystal Palace;West Brom;Stoke;West Ham;;;;;;;;;;;;;;;;;;;;;;;;;;;;;;;;;
Jeremy;Pied;DEF;SOU;4900000;;;;;;;;;;;;;;;;;;;;;;;;;;;;;;;;;;;;;;;;Swansea;West Ham;Leicester;Burnley;Man City;;;;;;;;;;;;;;;;;;;;;;;;;;;;;;;;;
Steven;Pienaar;MID;SUN;5000000;;;;;;;;;;;;;;;;;;;;;;;;;;;;;;;;;;;;;;;;Tottenham;Crystal Palace;West Brom;Stoke;West Ham;;;;;;;;;;;;;;;;;;;;;;;;;;;;;;;;;
Erik;Pieters;DEF;STK;4400000;0;;;;;;;;4;;;;;;;;;;;;;;;;;;;;;;;;;;90;;;;;Crystal Palace;West Brom;Man Utd;Sunderland;Hull;;;;;;;;;;;;;;;;;;;;;;;;;;;;;;;;;
Sebastien;Pocognoli;DEF;WBA;4000000;;;;;;;;;;;;;;;;;;;;;;;;;;;;;;;;;;;;;;;;West Ham;Stoke;Sunderland;Tottenham;Liverpool;;;;;;;;;;;;;;;;;;;;;;;;;;;;;;;;;
Paul;Pogba;MID;MUN;8300000;2;;;;;;;;2;;;;;;;;;;;;;;;;;;;;;;;;;;90;;;;;Watford;Leicester;Stoke;Liverpool;Chelsea;;;;;;;;;;;;;;;;;;;;;;;;;;;;;;;;;
Nick;Pope;GLK;BUR;4000000;;;;;;;;;;;;;;;;;;;;;;;;;;;;;;;;;;;;;;;;Leicester;Watford;Arsenal;Southampton;Everton;;;;;;;;;;;;;;;;;;;;;;;;;;;;;;;;;
Alex;Pritchard;MID;TOT;4500000;;;;;;;;;;;;;;;;;;;;;;;;;;;;;;;;;;;;;;;;Sunderland;Middlesbrough;Man City;West Brom;Bournemouth;;;;;;;;;;;;;;;;;;;;;;;;;;;;;;;;;
Sebastian;Prodl;DEF;WAT;4500000;1;;;;;;;;0;;;;;;;;;;;;;;;;;;;;;;;;;;8;;;;;Man Utd;Burnley;Bournemouth;Middlesbrough;Swansea;;;;;;;;;;;;;;;;;;;;;;;;;;;;;;;;;
Marc;Pugh;MID;BOU;4800000;;;;;;;;;;;;;;;;;;;;;;;;;;;;;;;;;;;;;;;;Man City;Everton;Watford;Hull;Tottenham;;;;;;;;;;;;;;;;;;;;;;;;;;;;;;;;;
Jason;Puncheon;MID;CRY;5500000;2;;;;;;;;1;;;;;;;;;;;;;;;;;;;;;;;;;;90;;;;;Stoke;Sunderland;Everton;West Ham;Leicester;;;;;;;;;;;;;;;;;;;;;;;;;;;;;;;;;
Gaston;Ramirez;MID;MID;5500000;0;;;;;;;1;0;;;;;;;;;;;;;;;;;;;;;;;;;;33;;;;;Everton;Tottenham;West Ham;Watford;Arsenal;;;;;;;;;;;;;;;;;;;;;;;;;;;;;;;;;
Aaron;Ramsey;MID;ARS;7700000;;;;;;;;;;;;;;;;;;;;;;;;;;;;;;;;;;;;;;;;Hull;Chelsea;Burnley;Swansea;Middlesbrough;;;;;;;;;;;;;;;;;;;;;;;;;;;;;;;;;
Connor;Randall;DEF;LIV;4000000;;;;;;;;;;;;;;;;;;;;;;;;;;;;;;;;;;;;;;;;Chelsea;Hull;Swansea;Man Utd;West Brom;;;;;;;;;;;;;;;;;;;;;;;;;;;;;;;;;
Darren;Randolph;GLK;WHU;4400000;;;;;;;;;;;;;;;;;;;;;;;;;;;;;;;;;;;;;;;;West Brom;Southampton;Middlesbrough;Crystal Palace;Sunderland;;;;;;;;;;;;;;;;;;;;;;;;;;;;;;;;;
Angel;Rangel;DEF;SWA;4400000;1;;;;;;;;0;;;;;;;;;;;;;;;;;;;;;;;;;;1;;;;;Southampton;Man City;Liverpool;Arsenal;Watford;;;;;;;;;;;;;;;;;;;;;;;;;;;;;;;;;
Tokelo;Rantie;FWD;BOU;4500000;;;;;;;;;;;;;;;;;;;;;;;;;;;;;;;;;;;;;;;;Man City;Everton;Watford;Hull;Tottenham;;;;;;;;;;;;;;;;;;;;;;;;;;;;;;;;;
Marcus;Rashford;FWD;MUN;6800000;1;;;;;;;;0;;;;;;;;;;;;;;;;;;;;;;;;;;45;;;;;Watford;Leicester;Stoke;Liverpool;Chelsea;;;;;;;;;;;;;;;;;;;;;;;;;;;;;;;;;
Adam;Reach;MID;MID;4400000;;;;;;;;;;;;;;;;;;;;;;;;;;;;;;;;;;;;;;;;Everton;Tottenham;West Ham;Watford;Arsenal;;;;;;;;;;;;;;;;;;;;;;;;;;;;;;;;;
Nathan;Redmond;MID;SOU;6000000;1;;;;;;;;2;;;;;;;;;;;;;;;;;;;;;;;;;;90;;;;;Swansea;West Ham;Leicester;Burnley;Man City;;;;;;;;;;;;;;;;;;;;;;;;;;;;;;;;;
Harrison;Reed;MID;SOU;4400000;;;;;;;;;;;;;;;;;;;;;;;;;;;;;;;;;;;;;;;;Swansea;West Ham;Leicester;Burnley;Man City;;;;;;;;;;;;;;;;;;;;;;;;;;;;;;;;;
Winston;Reid;DEF;WHU;5000000;0;;;;;;;;4;;;;;;;;;;;;;;;;;;;;;;;;;;90;;;;;West Brom;Southampton;Middlesbrough;Crystal Palace;Sunderland;;;;;;;;;;;;;;;;;;;;;;;;;;;;;;;;;
Loic;Remy;FWD;CRY;6400000;;;;;;;;;;;;;;;;;;;;;;;;;;;;;;;;;;;;;;;;Stoke;Sunderland;Everton;West Ham;Leicester;;;;;;;;;;;;;;;;;;;;;;;;;;;;;;;;;
Jordan;Rhodes;FWD;MID;5500000;;;;;;;;;;;;;;;;;;;;;;;;;;;;;;;;;;;;;;;;Everton;Tottenham;West Ham;Watford;Arsenal;;;;;;;;;;;;;;;;;;;;;;;;;;;;;;;;;
Andrew;Robertson;DEF;HUL;4500000;2;;;;;;;;1;;;;;;;;;;;;;;;;;;;;;;;;;;90;;;;;Arsenal;Liverpool;Chelsea;Bournemouth;Stoke;;;;;;;;;;;;;;;;;;;;;;;;;;;;;;;;;
Paul;Robinson;GLK;BUR;4000000;;;;;;;;;;;;;;;;;;;;;;;;;;;;;;;;;;;;;;;;Leicester;Watford;Arsenal;Southampton;Everton;;;;;;;;;;;;;;;;;;;;;;;;;;;;;;;;;
Joel;Robles;GLK;EVE;4800000;;;;;;;;;;;;;;;;;;;;;;;;;;;;;;;;;;;;;;;;Middlesbrough;Bournemoth;Crystal Palace;Man City;Burnley;;;;;;;;;;;;;;;;;;;;;;;;;;;;;;;;;
Hal;Robson-Kanu;FWD;WBA;5000000;;;;;;;;;;;;;;;;;;;;;;;;;;;;;;;;;;;;;;;;West Ham;Stoke;Sunderland;Tottenham;Liverpool;;;;;;;;;;;;;;;;;;;;;;;;;;;;;;;;;
Jay;Rodriguez;MID;SOU;6400000;1;;;;;;;;1;;;;;;;;;;;;;;;;;;;;;;;;;;45;;;;;Swansea;West Ham;Leicester;Burnley;Man City;;;;;;;;;;;;;;;;;;;;;;;;;;;;;;;;;
Jack;Rodwell;MID;SUN;4500000;2;;;;;;;;3;;;;;;;;;;;;;;;;;;;;;;;;;;90;;;;;Tottenham;Crystal Palace;West Brom;Stoke;West Ham;;;;;;;;;;;;;;;;;;;;;;;;;;;;;;;;;
Marcos;Rojo;DEF;MUN;5200000;;;;;;;;;;;;;;;;;;;;;;;;;;;;;;;;;;;;;;;;Watford;Leicester;Stoke;Liverpool;Chelsea;;;;;;;;;;;;;;;;;;;;;;;;;;;;;;;;;
Sergio;Romero;GLK;MUN;4900000;;;;;;;;;;;;;;;;;;;;;;;;;;;;;;;;;;;;;;;;Watford;Leicester;Stoke;Liverpool;Chelsea;;;;;;;;;;;;;;;;;;;;;;;;;;;;;;;;;
Salomon;Rondon;FWD;WBA;6600000;1;;;;;;;;1;;;;;;;;;;;;;;;;;;;;;;;;;;27;;;;;West Ham;Stoke;Sunderland;Tottenham;Liverpool;;;;;;;;;;;;;;;;;;;;;;;;;;;;;;;;;
Wayne;Rooney;FWD;MUN;8900000;1;;;;;;;1;2;;;;;;;;;;;;;;;;;;;;;;;;;;90;;;;;Watford;Leicester;Stoke;Liverpool;Chelsea;;;;;;;;;;;;;;;;;;;;;;;;;;;;;;;;;
Danny;Rose;DEF;TOT;5900000;;;;;;;;;;;;;;;;;;;;;;;;;;;;;;;;;;;;;;;;Sunderland;Middlesbrough;Man City;West Brom;Bournemouth;;;;;;;;;;;;;;;;;;;;;;;;;;;;;;;;;
Jack;Rose;GLK;WBA;4000000;;;;;;;;;;;;;;;;;;;;;;;;;;;;;;;;;;;;;;;;West Ham;Stoke;Sunderland;Tottenham;Liverpool;;;;;;;;;;;;;;;;;;;;;;;;;;;;;;;;;
Wayne;Routledge;MID;SWA;4800000;;;;;;;;;;;;;;;;;;;;;;;;;;;;;;;;;;;;;;;;Southampton;Man City;Liverpool;Arsenal;Watford;;;;;;;;;;;;;;;;;;;;;;;;;;;;;;;;;
Bacary;Sagna;DEF;MCI;5400000;2;;;;;;;;1;;;;;;;;;;;;;;;;;;;;;;;;;;90;;;;;Bournemouth;Swansea;Tottenham;Everton;Southampton;;;;;;;;;;;;;;;;;;;;;;;;;;;;;;;;;
Mamadou;Sakho;DEF;LIV;5900000;;;;;;;;;;;;;;;;;;;;;;;;;;;;;;;;;;;;;;;;Chelsea;Hull;Swansea;Man Utd;West Brom;;;;;;;;;;;;;;;;;;;;;;;;;;;;;;;;;
Diafra;Sakho;FWD;WHU;4800000;;;;;;;;;;;;;;;;;;;;;;;;;;;;;;;;;;;;;;;;West Brom;Southampton;Middlesbrough;Crystal Palace;Sunderland;;;;;;;;;;;;;;;;;;;;;;;;;;;;;;;;;
Bakary;Sako;MID;CRY;5400000;;;;;;;;;;;;;;;;;;;;;;;;;;;;;;;;;;;;;;;;Stoke;Sunderland;Everton;West Ham;Leicester;;;;;;;;;;;;;;;;;;;;;;;;;;;;;;;;;
Alexis;Sanchez;MID;ARS;11000000;1;;;;;;;;0;;;;;;;;;;;;;;;;;;;;;;;;;;28;;;;;Hull;Chelsea;Burnley;Swansea;Middlesbrough;;;;;;;;;;;;;;;;;;;;;;;;;;;;;;;;;
Leroy;Sane;MID;MCI;7800000;1;;;;;;;;0;;;;;;;;;;;;;;;;;;;;;;;;;;30;;;;;Bournemouth;Swansea;Tottenham;Everton;Southampton;;;;;;;;;;;;;;;;;;;;;;;;;;;;;;;;;
Yaya;Sanogo;FWD;ARS;4800000;;;;;;;;;;;;;;;;;;;;;;;;;;;;;;;;;;;;;;;;Hull;Chelsea;Burnley;Swansea;Middlesbrough;;;;;;;;;;;;;;;;;;;;;;;;;;;;;;;;;
Jeffrey;Schlupp;DEF;LEI;4900000;;;;;;;;;;;;;;;;;;;;;;;;;;;;;;;;;;;;;;;;Burnley;Man Utd;Southampton;Chelsea;Crystal Palace;;;;;;;;;;;;;;;;;;;;;;;;;;;;;;;;;
Kasper;Schmeichel;GLK;LEI;5000000;0;;;;;;;;4;;;;;;;;;;;;;;;;;;;;;;;;;;90;;;;;Burnley;Man Utd;Southampton;Chelsea;Crystal Palace;;;;;;;;;;;;;;;;;;;;;;;;;;;;;;;;;
Morgan;Schneiderlin;MID;MUN;4700000;;;;;;;;;;;;;;;;;;;;;;;;;;;;;;;;;;;;;;;;Watford;Leicester;Stoke;Liverpool;Chelsea;;;;;;;;;;;;;;;;;;;;;;;;;;;;;;;;;
Bastian;Schweinsteiger;MID;MUN;5200000;;;;;;;;;;;;;;;;;;;;;;;;;;;;;;;;;;;;;;;;Watford;Leicester;Stoke;Liverpool;Chelsea;;;;;;;;;;;;;;;;;;;;;;;;;;;;;;;;;
Xherdan;Shaqiri;MID;STK;6300000;;;;;;;;;;;;;;;;;;;;;;;;;;;;;;;;;;;;;;;;Crystal Palace;West Brom;Man Utd;Sunderland;Hull;;;;;;;;;;;;;;;;;;;;;;;;;;;;;;;;;
Luke;Shaw;DEF;MUN;5600000;1;;;;;;;;2;;;;;;;;;;;;;;;;;;;;;;;;;;81;;;;;Watford;Leicester;Stoke;Liverpool;Chelsea;;;;;;;;;;;;;;;;;;;;;;;;;;;;;;;;;
Ryan;Shawcross;DEF;STK;4900000;0;;;;;;;;4;;;;;;;;;;;;;;;;;;;;;;;;;;90;;;;;Crystal Palace;West Brom;Man Utd;Sunderland;Hull;;;;;;;;;;;;;;;;;;;;;;;;;;;;;;;;;
;Sheyi Ojo;MID;LIV;4800000;;;;;;;;;;;;;;;;;;;;;;;;;;;;;;;;;;;;;;;;Chelsea;Hull;Swansea;Man Utd;West Brom;;;;;;;;;;;;;;;;;;;;;;;;;;;;;;;;;
Gylfi;Sigurdsson;MID;SWA;7200000;7;;;;;;;;2;;;;1;;;;;;;;;;;;;;;;;;;;;;89;;;;;Southampton;Man City;Liverpool;Arsenal;Watford;;;;;;;;;;;;;;;;;;;;;;;;;;;;;;;;;
David;Silva;MID;MCI;8700000;1;;;;;;;1;1;;;;;;;;;;;;;;;;;;;;;;;;;;90;;;;;Bournemouth;Swansea;Tottenham;Everton;Southampton;;;;;;;;;;;;;;;;;;;;;;;;;;;;;;;;;
Danny;Simpson;DEF;LEI;5000000;0;;;;;;;;2;;;;;;;;;;;;;;;;;;;;;;;;;;34;;;;;Burnley;Man Utd;Southampton;Chelsea;Crystal Palace;;;;;;;;;;;;;;;;;;;;;;;;;;;;;;;;;
Jerome;Sinclair;FWD;WAT;4800000;;;;;;;;;;;;;;;;;;;;;;;;;;;;;;;;;;;;;;;;Man Utd;Burnley;Bournemouth;Middlesbrough;Swansea;;;;;;;;;;;;;;;;;;;;;;;;;;;;;;;;;
Moussa;Sissoko;MID;TOT;7000000;0;;;;;;;1;0;;;;;;;;;;;;;;;;;0;;;;;;;;;12;;;;;Sunderland;Middlesbrough;Man City;West Brom;Bournemouth;;;;;;;;;;;;;;;;;;;;;;;;;;;;;;;;;
Islam;Slimani;FWD;LEI;8500000;;;;;;;;;;;;;;;;;;;;;;;;;;;;;;;;;;;;;;;;Burnley;Man Utd;Southampton;Chelsea;Crystal Palace;;;;;;;;;;;;;;;;;;;;;;;;;;;;;;;;;
Chris;Smalling;DEF;MUN;5900000;;;;;;;;;;;;;;;;;;;;;;;;;;;;;;;;;;;;;;;;Watford;Leicester;Stoke;Liverpool;Chelsea;;;;;;;;;;;;;;;;;;;;;;;;;;;;;;;;;
Adam;Smith;DEF;BOU;4600000;8;;;;;;;1;0;;;;;;;;;;;;;;;;;1;;1;;;;;;;90;;;;;Man City;Everton;Watford;Hull;Tottenham;;;;;;;;;;;;;;;;;;;;;;;;;;;;;;;;;
Bradley;Smith;DEF;BOU;4000000;;;;;;;;;;;;;;;;;;;;;;;;;;;;;;;;;;;;;;;;Man City;Everton;Watford;Hull;Tottenham;;;;;;;;;;;;;;;;;;;;;;;;;;;;;;;;;
Robert;Snodgrass;MID;HUL;5700000;7;;;;;;;;1;;;;1;;;;;;;;;;;;;;;;;;;;;;90;;;;;Arsenal;Liverpool;Chelsea;Bournemouth;Stoke;;;;;;;;;;;;;;;;;;;;;;;;;;;;;;;;;
Ramadan;Sobhi;MID;STK;5100000;;;;;;;;;;;;;;;;;;;;;;;;;;;;;;;;;;;;;;;;Crystal Palace;West Brom;Man Utd;Sunderland;Hull;;;;;;;;;;;;;;;;;;;;;;;;;;;;;;;;;
Heung-Min;Son;MID;TOT;7400000;16;;;;;;;;0;;;;2;;;;;;;;;;;;;1;;1;;;;;;;90;;;;;Sunderland;Middlesbrough;Man City;West Brom;Bournemouth;;;;;;;;;;;;;;;;;;;;;;;;;;;;;;;;;
Pape;Souare;DEF;CRY;4400000;;;;;;;;;;;;;;;;;;;;;;;;;;;;;;;;;;;;;;;;Stoke;Sunderland;Everton;West Ham;Leicester;;;;;;;;;;;;;;;;;;;;;;;;;;;;;;;;;
Julian;Speroni;GLK;CRY;4400000;;;;;;;;;;;;;;;;;;;;;;;;;;;;;;;;;;;;;;;;Stoke;Sunderland;Everton;West Ham;Leicester;;;;;;;;;;;;;;;;;;;;;;;;;;;;;;;;;
Junior;Stanislas;MID;BOU;5500000;3;;;;;;;;0;;;;;;;;;;;;;;;;;1;;;;;;;;;74;;;;;Man City;Everton;Watford;Hull;Tottenham;;;;;;;;;;;;;;;;;;;;;;;;;;;;;;;;;
Maarten;Stekelenburg;GLK;EVE;5000000;6;;;;;;;;0;;;;;;;;;;;;;;;;;1;;;;;;;;;90;;;;;Middlesbrough;Bournemoth;Crystal Palace;Man City;Burnley;;;;;;;;;;;;;;;;;;;;;;;;;;;;;;;;;
Jack;Stephens;DEF;SOU;4000000;;;;;;;;;;;;;;;;;;;;;;;;;;;;;;;;;;;;;;;;Swansea;West Ham;Leicester;Burnley;Man City;;;;;;;;;;;;;;;;;;;;;;;;;;;;;;;;;
Raheem;Sterling;MID;MCI;8500000;2;;;;;;;;1;;;;;;;;;;;;;;;;;;;;;;;;;;60;;;;;Bournemouth;Swansea;Tottenham;Everton;Southampton;;;;;;;;;;;;;;;;;;;;;;;;;;;;;;;;;
Kevin;Stewart;DEF;LIV;4500000;1;;;;;;;;0;;;;;;;;;;;;;;;;;;;;;;;;;;14;;;;;Chelsea;Hull;Swansea;Man Utd;West Brom;;;;;;;;;;;;;;;;;;;;;;;;;;;;;;;;;
John;Stones;DEF;MCI;5000000;2;;;;;;;;1;;;;;;;;;;;;;;;;;;;;;;;;;;90;;;;;Bournemouth;Swansea;Tottenham;Everton;Southampton;;;;;;;;;;;;;;;;;;;;;;;;;;;;;;;;;
Maksymilian;Stryjek;GLK;SUN;4000000;;;;;;;;;;;;;;;;;;;;;;;;;;;;;;;;;;;;;;;;Tottenham;Crystal Palace;West Brom;Stoke;West Ham;;;;;;;;;;;;;;;;;;;;;;;;;;;;;;;;;
Cristhian;Stuani;FWD;MID;5100000;2;;;;;;;;2;;;;;;;;;;;;;;;;;;;;;;;;;;81;;;;;Everton;Tottenham;West Ham;Watford;Arsenal;;;;;;;;;;;;;;;;;;;;;;;;;;;;;;;;;
Daniel;Sturridge;FWD;LIV;10000000;5;;;;;;;;1;;;;;;;;;;;;;;;;;;;1;;;;;;;76;;;;;Chelsea;Hull;Swansea;Man Utd;West Brom;;;;;;;;;;;;;;;;;;;;;;;;;;;;;;;;;
Mario;Suarez;MID;WAT;4500000;;;;;;;;;;;;;;;;;;;;;;;;;;;;;;;;;;;;;;;;Man Utd;Burnley;Bournemouth;Middlesbrough;Swansea;;;;;;;;;;;;;;;;;;;;;;;;;;;;;;;;;
Isaac;Success;MID;WAT;5800000;1;;;;;;;;0;;;;;;;;;;;;;;;;;;;;;;;;;;21;;;;;Man Utd;Burnley;Bournemouth;Middlesbrough;Swansea;;;;;;;;;;;;;;;;;;;;;;;;;;;;;;;;;
Andrew;Surman;MID;BOU;4900000;3;;;;;;;;0;;;;;;;;;;;;;;;;;1;;;;;;;;;90;;;;;Man City;Everton;Watford;Hull;Tottenham;;;;;;;;;;;;;;;;;;;;;;;;;;;;;;;;;
Franck;Tabanou;DEF;SWA;4400000;;;;;;;;;;;;;;;;;;;;;;;;;;;;;;;;;;;;;;;;Southampton;Man City;Liverpool;Arsenal;Watford;;;;;;;;;;;;;;;;;;;;;;;;;;;;;;;;;
Dusan;Tadic;MID;SOU;7200000;2;;;;;;;;1;;;;;;;;;;;;;;;;;;;;;;;;;;80;;;;;Swansea;West Ham;Leicester;Burnley;Man City;;;;;;;;;;;;;;;;;;;;;;;;;;;;;;;;;
Matt;Targett;DEF;SOU;4500000;;;;;;;;;;;;;;;;;;;;;;;;;;;;;;;;;;;;;;;;Swansea;West Ham;Leicester;Burnley;Man City;;;;;;;;;;;;;;;;;;;;;;;;;;;;;;;;;
James;Tarkowski;DEF;BUR;4000000;;;;;;;;;;;;;;;;;;;;;;;;;;;;;;;;;;;;;;;;Leicester;Watford;Arsenal;Southampton;Everton;;;;;;;;;;;;;;;;;;;;;;;;;;;;;;;;;
Neil;Taylor;DEF;SWA;4400000;1;;;;;;;;1;;;;;;;;;;;;;;;;;;;;;;;;;;41;;;;;Southampton;Man City;Liverpool;Arsenal;Watford;;;;;;;;;;;;;;;;;;;;;;;;;;;;;;;;;
Dionatan do Nascimento;Teixeira;DEF;STK;4000000;;;;;;;;;;;;;;;;;;;;;;;;;;;;;;;;;;;;;;;;Crystal Palace;West Brom;Man Utd;Sunderland;Hull;;;;;;;;;;;;;;;;;;;;;;;;;;;;;;;;;
John;Terry;DEF;CHE;5400000;0;;;;;;;1;2;;;;;;;;;;;;;;;;;;;;;;;;;;90;;;;;Liverpool;Arsenal;Hull;Leicester;Man Utd;;;;;;;;;;;;;;;;;;;;;;;;;;;;;;;;;
;Thomas Robson;DEF;SUN;4000000;;;;;;;;;;;;;;;;;;;;;;;;;;;;;;;;;;;;;;;;Tottenham;Crystal Palace;West Brom;Stoke;West Ham;;;;;;;;;;;;;;;;;;;;;;;;;;;;;;;;;
James;Tomkins;DEF;CRY;5000000;;;;;;;;;;;;;;;;;;;;;;;;;;;;;;;;;;;;;;;;Stoke;Sunderland;Everton;West Ham;Leicester;;;;;;;;;;;;;;;;;;;;;;;;;;;;;;;;;
Gokhan;Tore;MID;WHU;5500000;1;;;;;;;;0;;;;;;;;;;;;;;;;;;;;;;;;;;5;;;;;West Brom;Southampton;Middlesbrough;Crystal Palace;Sunderland;;;;;;;;;;;;;;;;;;;;;;;;;;;;;;;;;
Andros;Townsend;MID;CRY;6300000;2;;;;;;;;1;;;;;;;;;;;;;;;;;;;;;;;;;;77;;;;;Stoke;Sunderland;Everton;West Ham;Leicester;;;;;;;;;;;;;;;;;;;;;;;;;;;;;;;;;
Bertrand;Traore;MID;CHE;4900000;;;;;;;;;;;;;;;;;;;;;;;;;;;;;;;;;;;;;;;;Liverpool;Arsenal;Hull;Leicester;Man Utd;;;;;;;;;;;;;;;;;;;;;;;;;;;;;;;;;
Adama;Traore;MID;MID;5400000;1;;;;;;;;0;;;;;;;;;;;;;;;;;;;;;;;;;;9;;;;;Everton;Tottenham;West Ham;Watford;Arsenal;;;;;;;;;;;;;;;;;;;;;;;;;;;;;;;;;
Kieran;Trippier;DEF;TOT;4800000;;;;;;;;;;;;;;;;;;;;;;;;;;;;;;;;;;;;;;;;Sunderland;Middlesbrough;Man City;West Brom;Bournemouth;;;;;;;;;;;;;;;;;;;;;;;;;;;;;;;;;
Josh;Tymon;DEF;HUL;4000000;;;;;;;;;;;;;;;;;;;;;;;;;;;;;;;;;;;;;;;;Arsenal;Liverpool;Chelsea;Bournemouth;Stoke;;;;;;;;;;;;;;;;;;;;;;;;;;;;;;;;;
Leonardo;Ulloa;FWD;LEI;5800000;1;;;;;;;;1;;;;;;;;;;;;;;;;;;;;;;;;;;25;;;;;Burnley;Man Utd;Southampton;Chelsea;Crystal Palace;;;;;;;;;;;;;;;;;;;;;;;;;;;;;;;;;
Fredrik;Ulvestad;MID;BUR;4400000;;;;;;;;;;;;;;;;;;;;;;;;;;;;;;;;;;;;;;;;Leicester;Watford;Arsenal;Southampton;Everton;;;;;;;;;;;;;;;;;;;;;;;;;;;;;;;;;
Victor;Valdes;GLK;MID;4500000;1;;;;;;;;2;;;;;;;;;;;;;;;;;;;;;;;;;;90;;;;;Everton;Tottenham;West Ham;Watford;Arsenal;;;;;;;;;;;;;;;;;;;;;;;;;;;;;;;;;
Enner;Valencia;FWD;WHU;5600000;;;;;;;;;;;;;;;;;;;;;;;;;;;;;;;;;;;;;;;;West Brom;Southampton;Middlesbrough;Crystal Palace;Sunderland;;;;;;;;;;;;;;;;;;;;;;;;;;;;;;;;;
Antonio;Valencia;DEF;MUN;5500000;1;;;;;;;;2;;;;;;;;;;;;;;;;;;;;;;;;;;90;;;;;Watford;Leicester;Stoke;Liverpool;Chelsea;;;;;;;;;;;;;;;;;;;;;;;;;;;;;;;;;
Patrick;van Aanholt;DEF;SUN;5000000;1;;;;;;;;3;;;;;;;;;;;;;;;;;;;;;;;;;;90;;;;;Tottenham;Crystal Palace;West Brom;Stoke;West Ham;;;;;;;;;;;;;;;;;;;;;;;;;;;;;;;;;
Mike;van der Hoorn;DEF;SWA;4300000;;;;;;;;;;;;;;;;;;;;;;;;;;;;;;;;;;;;;;;;Southampton;Man City;Liverpool;Arsenal;Watford;;;;;;;;;;;;;;;;;;;;;;;;;;;;;;;;;
Virgil;van Dijk;DEF;SOU;5400000;0;;;;;;;1;2;;;;;;;;;;;;;;;;;;;;;;;;;;90;;;;;Swansea;West Ham;Leicester;Burnley;Man City;;;;;;;;;;;;;;;;;;;;;;;;;;;;;;;;;
Marco;Van Ginkel;MID;CHE;4900000;;;;;;;;;;;;;;;;;;;;;;;;;;;;;;;;;;;;;;;;Liverpool;Arsenal;Hull;Leicester;Man Utd;;;;;;;;;;;;;;;;;;;;;;;;;;;;;;;;;
Jamie;Vardy;FWD;LEI;9900000;6;;;;;;;;4;;;;1;;;;;;;;;;;;;;;;;;;;;;90;;;;;Burnley;Man Utd;Southampton;Chelsea;Crystal Palace;;;;;;;;;;;;;;;;;;;;;;;;;;;;;;;;;
Guillermo;Varela;DEF;MUN;4500000;;;;;;;;;;;;;;;;;;;;;;;;;;;;;;;;;;;;;;;;Watford;Leicester;Stoke;Liverpool;Chelsea;;;;;;;;;;;;;;;;;;;;;;;;;;;;;;;;;
Jan;Vertonghen;DEF;TOT;5500000;6;;;;;;;;0;;;;;;;;;;;;;;;;;1;;;;;;;;;90;;;;;Sunderland;Middlesbrough;Man City;West Brom;Bournemouth;;;;;;;;;;;;;;;;;;;;;;;;;;;;;;;;;
Sam;Vokes;FWD;BUR;6000000;2;;;;;;;;1;;;;;;;;;;;;;;;;;;;;;;;;;;90;;;;;Leicester;Watford;Arsenal;Southampton;Everton;;;;;;;;;;;;;;;;;;;;;;;;;;;;;;;;;
Michel;Vorm;GLK;TOT;5000000;;;;;;;;;;;;;;;;;;;;;;;;;;;;;;;;;;;;;;;;Sunderland;Middlesbrough;Man City;West Brom;Bournemouth;;;;;;;;;;;;;;;;;;;;;;;;;;;;;;;;;
Matej;Vydra;FWD;WAT;4500000;;;;;;;;;;;;;;;;;;;;;;;;;;;;;;;;;;;;;;;;Man Utd;Burnley;Bournemouth;Middlesbrough;Swansea;;;;;;;;;;;;;;;;;;;;;;;;;;;;;;;;;
Theo;Walcott;MID;ARS;7500000;2;;;;;;;;1;;;;;;;;;;;;;;;;;;;;;;;;;;75;;;;;Hull;Chelsea;Burnley;Swansea;Middlesbrough;;;;;;;;;;;;;;;;;;;;;;;;;;;;;;;;;
Kyle;Walker;DEF;TOT;5800000;9;;;;;;;;0;;;;;;;;;;;;;;;;;1;;1;;;;;;;90;;;;;Sunderland;Middlesbrough;Man City;West Brom;Bournemouth;;;;;;;;;;;;;;;;;;;;;;;;;;;;;;;;;
Jonathan;Walters;MID;STK;5800000;2;;;;;;;;4;;;;;;;;;;;;;;;;;;;;;;;;;;90;;;;;Crystal Palace;West Brom;Man Utd;Sunderland;Hull;;;;;;;;;;;;;;;;;;;;;;;;;;;;;;;;;
Victor;Wanyama;MID;TOT;5000000;2;;;;;;;1;0;;;;;;;;;;;;;;;;;0;;;;;;;;;55;;;;;Sunderland;Middlesbrough;Man City;West Brom;Bournemouth;;;;;;;;;;;;;;;;;;;;;;;;;;;;;;;;;
Stephen;Ward;DEF;BUR;4500000;2;;;;;;;;1;;;;;;;;;;;;;;;;;;;;;;;;;;90;;;;;Leicester;Watford;Arsenal;Southampton;Everton;;;;;;;;;;;;;;;;;;;;;;;;;;;;;;;;;
Joel;Ward;DEF;CRY;4900000;1;;;;;;;1;1;;;;;;;;;;;;;;;;;;;;;;;;;;90;;;;;Stoke;Sunderland;Everton;West Ham;Leicester;;;;;;;;;;;;;;;;;;;;;;;;;;;;;;;;;
James;Ward-Prowse;MID;SOU;5300000;1;;;;;;;;1;;;;;;;;;;;;;;;;;;;;;;;;;;10;;;;;Swansea;West Ham;Leicester;Burnley;Man City;;;;;;;;;;;;;;;;;;;;;;;;;;;;;;;;;
Marcin;Wasilewski;DEF;LEI;4000000;;;;;;;;;;;;;;;;;;;;;;;;;;;;;;;;;;;;;;;;Burnley;Man Utd;Southampton;Chelsea;Crystal Palace;;;;;;;;;;;;;;;;;;;;;;;;;;;;;;;;;
Duncan;Watmore;MID;SUN;5000000;1;;;;;;;1;3;;;;;;;;;;;;;;;;;;;;;;;;;;73;;;;;Tottenham;Crystal Palace;West Brom;Stoke;West Ham;;;;;;;;;;;;;;;;;;;;;;;;;;;;;;;;;
Ben;Watson;MID;WAT;4400000;;;;;;;;;;;;;;;;;;;;;;;;;;;;;;;;;;;;;;;;Man Utd;Burnley;Bournemouth;Middlesbrough;Swansea;;;;;;;;;;;;;;;;;;;;;;;;;;;;;;;;;
James;Weir;MID;HUL;4500000;;;;;;;;;;;;;;;;;;;;;;;;;;;;;;;;;;;;;;;;Arsenal;Liverpool;Chelsea;Bournemouth;Stoke;;;;;;;;;;;;;;;;;;;;;;;;;;;;;;;;;
Danny;Welbeck;FWD;ARS;7400000;;;;;;;;;;;;;;;;;;;;;;;;;;;;;;;;;;;;;;;;Hull;Chelsea;Burnley;Swansea;Middlesbrough;;;;;;;;;;;;;;;;;;;;;;;;;;;;;;;;;
Glenn;Whelan;MID;STK;4400000;1;;;;;;;1;3;;;;;;;;;;;;;;;;;;;;;;;;;;67;;;;;Crystal Palace;West Brom;Man Utd;Sunderland;Hull;;;;;;;;;;;;;;;;;;;;;;;;;;;;;;;;;
Connor;Wickham;FWD;CRY;5700000;;;;;;;;;;;;;;;;;;;;;;;;;;;;;;;;;;;;;;;;Stoke;Sunderland;Everton;West Ham;Leicester;;;;;;;;;;;;;;;;;;;;;;;;;;;;;;;;;
Georginio;Wijnaldum;MID;LIV;7800000;5;;;;;;;;1;;;;;;;;;;;;;;;;;;;1;;;;;;;76;;;;;Chelsea;Hull;Swansea;Man Utd;West Brom;;;;;;;;;;;;;;;;;;;;;;;;;;;;;;;;;
Jonathan;Williams;MID;CRY;5000000;;;;;;;;;;;;;;;;;;;;;;;;;;;;;;;;;;;;;;;;Stoke;Sunderland;Everton;West Ham;Leicester;;;;;;;;;;;;;;;;;;;;;;;;;;;;;;;;;
Ashley;Williams;DEF;EVE;4500000;6;;;;;;;;0;;;;;;;;;;;;;;;;;1;;;;;;;;;90;;;;;Middlesbrough;Bournemoth;Crystal Palace;Man City;Burnley;;;;;;;;;;;;;;;;;;;;;;;;;;;;;;;;;
;Willian;MID;CHE;7400000;1;;;;;;;;2;;;;;;;;;;;;;;;;;;;;;;;;;;77;;;;;Liverpool;Arsenal;Hull;Leicester;Man Utd;;;;;;;;;;;;;;;;;;;;;;;;;;;;;;;;;
Jack;Wilshere;MID;BOU;5900000;1;;;;;;;;0;;;;;;;;;;;;;;;;;0;;;;;;;;;27;;;;;Man City;Everton;Watford;Hull;Tottenham;;;;;;;;;;;;;;;;;;;;;;;;;;;;;;;;;
James;Wilson;FWD;MUN;5000000;;;;;;;;;;;;;;;;;;;;;;;;;;;;;;;;;;;;;;;;Watford;Leicester;Stoke;Liverpool;Chelsea;;;;;;;;;;;;;;;;;;;;;;;;;;;;;;;;;
Kane;Wilson;DEF;WBA;4000000;;;;;;;;;;;;;;;;;;;;;;;;;;;;;;;;;;;;;;;;West Ham;Stoke;Sunderland;Tottenham;Liverpool;;;;;;;;;;;;;;;;;;;;;;;;;;;;;;;;;
Kevin;Wimmer;DEF;TOT;4700000;;;;;;;;;;;;;;;;;;;;;;;;;;;;;;;;;;;;;;;;Sunderland;Middlesbrough;Man City;West Brom;Bournemouth;;;;;;;;;;;;;;;;;;;;;;;;;;;;;;;;;
Harry;Winks;MID;TOT;4500000;;;;;;;;;;;;;;;;;;;;;;;;;;;;;;;;;;;;;;;;Sunderland;Middlesbrough;Man City;West Brom;Bournemouth;;;;;;;;;;;;;;;;;;;;;;;;;;;;;;;;;
Philipp;Wollscheid;DEF;STK;4500000;;;;;;;;;;;;;;;;;;;;;;;;;;;;;;;;;;;;;;;;Crystal Palace;West Brom;Man Utd;Sunderland;Hull;;;;;;;;;;;;;;;;;;;;;;;;;;;;;;;;;
Granit;Xhaka;MID;ARS;5300000;;;;;;;;;;;;;;;;;;;;;;;;;;;;;;;;;;;;;;;;Hull;Chelsea;Burnley;Swansea;Middlesbrough;;;;;;;;;;;;;;;;;;;;;;;;;;;;;;;;;
Claudio;Yacob;MID;WBA;4500000;1;;;;;;;1;1;;;;;;;;;;;;;;;;;;;;;;;;;;82;;;;;West Ham;Stoke;Sunderland;Tottenham;Liverpool;;;;;;;;;;;;;;;;;;;;;;;;;;;;;;;;;
;Yaya Toure;MID;MCI;7700000;;;;;;;;;;;;;;;;;;;;;;;;;;;;;;;;;;;;;;;;Bournemouth;Swansea;Tottenham;Everton;Southampton;;;;;;;;;;;;;;;;;;;;;;;;;;;;;;;;;
DeAndre;Yedlin;DEF;TOT;4400000;;;;;;;;;;;;;;;;;;;;;;;;;;;;;;;;;;;;;;;;Sunderland;Middlesbrough;Man City;West Brom;Bournemouth;;;;;;;;;;;;;;;;;;;;;;;;;;;;;;;;;
Maya;Yoshida;DEF;SOU;4400000;;;;;;;;;;;;;;;;;;;;;;;;;;;;;;;;;;;;;;;;Swansea;West Ham;Leicester;Burnley;Man City;;;;;;;;;;;;;;;;;;;;;;;;;;;;;;;;;
Ashley;Young;MID;MUN;5300000;;;;;;;;;;;;;;;;;;;;;;;;;;;;;;;;;;;;;;;;Watford;Leicester;Stoke;Liverpool;Chelsea;;;;;;;;;;;;;;;;;;;;;;;;;;;;;;;;;
Pablo;Zabaleta;DEF;MCI;4800000;1;;;;;;;;0;;;;;;;;;;;;;;;;;;;;;;;;;;1;;;;;Bournemouth;Swansea;Tottenham;Everton;Southampton;;;;;;;;;;;;;;;;;;;;;;;;;;;;;;;;;
Wilfried;Zaha;MID;CRY;5400000;9;;;;;;;1;1;;;;1;;;;;;;;;;;;;;;1;;;;;;;90;;;;;Stoke;Sunderland;Everton;West Ham;Leicester;;;;;;;;;;;;;;;;;;;;;;;;;;;;;;;;;
Simone;Zaza;FWD;WHU;6700000;1;;;;;;;1;4;;;;;;;;;;;;;;;;;;;;;;;;;;77;;;;;West Brom;Southampton;Middlesbrough;Crystal Palace;Sunderland;;;;;;;;;;;;;;;;;;;;;;;;;;;;;;;;;
Ron-Robert;Zieler;GLK;LEI;4500000;;;;;;;;;;;;;;;;;;;;;;;;;;;;;;;;;;;;;;;;Burnley;Man Utd;Southampton;Chelsea;Crystal Palace;;;;;;;;;;;;;;;;;;;;;;;;;;;;;;;;;
Oleksandr;Zinchenko;MID;MCI;5300000;;;;;;;;;;;;;;;;;;;;;;;;;;;;;;;;;;;;;;;;Bournemouth;Swansea;Tottenham;Everton;Southampton;;;;;;;;;;;;;;;;;;;;;;;;;;;;;;;;;
Kurt;Zouma;DEF;CHE;5400000;;;;;;;;;;;;;;;;;;;;;;;;;;;;;;;;;;;;;;;;Liverpool;Arsenal;Hull;Leicester;Man Utd;;;;;;;;;;;;;;;;;;;;;;;;;;;;;;;;;
Juan;Zuniga;DEF;WAT;4400000;;;;;;;;;;;;;;;;;;;;;;;;;;;;;;;;;;;;;;;;Man Utd;Burnley;Bournemouth;Middlesbrough;Swansea;;;;;;;;;;;;;;;;;;;;;;;;;;;;;;;;;
