"index","round_1","round_2","round_3","round_4","round_5","round_6","round_7","round_8","round_9","round_10","round_11","round_12","round_13","round_14","round_15","round_16","round_17","round_18","round_19","round_20","round_21","round_22","round_23","round_24","round_25","round_26","round_27","round_28","round_29","round_30","round_31","round_32","round_33","round_34","round_35","round_36","round_37","round_38"
1,90,90,90,90,90,90,90,90,90,90,90,90,90,90,90,90,90,90,90,90,90,90,90,90,90,0,90,0,37,0,0,0,90,90,90,180,135,135
2,NA,NA,NA,NA,NA,NA,NA,NA,NA,NA,NA,NA,NA,NA,NA,NA,NA,NA,NA,NA,NA,NA,NA,NA,NA,NA,NA,NA,NA,NA,0,0,0,0,0,0,0,0
3,NA,NA,NA,NA,NA,NA,NA,NA,NA,NA,NA,NA,NA,NA,NA,NA,NA,NA,NA,NA,NA,NA,NA,NA,NA,NA,NA,NA,NA,0,90,90,0,0,0,0,0,0
4,0,0,0,0,0,0,0,0,0,0,0,0,0,0,0,0,0,0,0,0,0,0,0,0,0,0,0,0,53,90,0,0,0,0,0,0,0,0
5,NA,NA,NA,NA,NA,NA,NA,NA,NA,NA,NA,NA,NA,NA,NA,NA,NA,NA,NA,NA,NA,NA,NA,NA,NA,NA,NA,NA,NA,NA,NA,NA,NA,NA,NA,NA,NA,NA
6,NA,NA,NA,NA,NA,NA,NA,NA,NA,NA,NA,NA,NA,NA,NA,NA,NA,NA,NA,NA,NA,NA,NA,NA,NA,NA,NA,NA,NA,NA,NA,NA,NA,NA,NA,NA,NA,NA
7,NA,NA,NA,NA,NA,NA,NA,NA,NA,NA,NA,NA,NA,NA,NA,NA,NA,NA,NA,NA,NA,NA,NA,NA,NA,NA,NA,NA,NA,NA,NA,NA,NA,NA,NA,NA,NA,NA
8,0,0,0,0,0,0,0,0,0,0,0,0,0,0,0,0,0,0,0,0,0,0,0,0,0,0,0,0,0,0,0,0,90,0,0,0,45,45
9,90,90,90,90,90,90,90,90,90,90,90,0,0,90,90,90,90,90,90,90,90,90,90,90,90,90,90,90,90,90,90,90,90,90,90,90,45,45
10,0,0,0,0,0,0,0,0,0,0,0,90,90,0,0,0,0,0,0,0,0,0,0,0,0,0,0,0,0,0,0,0,0,0,0,0,0,0
11,NA,NA,NA,NA,NA,NA,NA,NA,NA,NA,NA,NA,NA,NA,NA,NA,NA,NA,NA,NA,NA,NA,NA,NA,NA,NA,NA,NA,NA,NA,NA,NA,NA,NA,NA,NA,0,0
12,90,90,90,90,90,90,90,90,90,90,90,90,0,0,90,90,90,90,90,90,90,90,90,90,90,90,0,90,90,90,90,90,90,90,90,90,90,90
13,NA,NA,NA,NA,NA,NA,NA,NA,NA,NA,NA,NA,NA,NA,NA,NA,NA,NA,NA,NA,NA,NA,NA,NA,NA,NA,NA,NA,NA,NA,NA,NA,NA,NA,NA,NA,NA,NA
14,NA,NA,NA,NA,NA,NA,NA,NA,NA,NA,NA,NA,NA,NA,NA,NA,NA,NA,NA,NA,NA,NA,NA,NA,NA,NA,NA,NA,NA,NA,NA,NA,NA,NA,NA,NA,NA,NA
15,0,0,0,0,0,0,0,0,0,0,0,0,0,0,0,0,0,0,0,0,0,0,0,0,0,0,0,0,0,0,0,0,0,0,0,0,0,0
16,0,0,0,0,0,0,0,0,0,0,0,0,90,90,0,0,0,0,0,0,0,0,0,0,0,0,90,0,0,0,0,0,0,0,0,0,0,0
17,54,54,54,54,54,0,0,0,0,0,0,0,0,0,0,0,0,0,0,0,0,0,90,90,90,0,180,0,90,90,90,0,0,12,90,90,135,135
18,90,90,90,90,90,90,90,90,90,90,90,90,90,90,90,90,90,90,90,90,90,90,90,90,90,90,90,0,90,90,90,90,0,90,90,90,90,90
19,NA,NA,NA,NA,NA,NA,NA,NA,NA,NA,NA,NA,NA,NA,NA,NA,NA,NA,NA,NA,NA,NA,NA,NA,NA,NA,NA,NA,NA,NA,NA,NA,0,0,0,0,0,0
20,36,36,36,36,36,0,0,0,0,0,0,90,90,90,90,90,90,90,90,90,90,90,90,90,90,90,90,0,90,90,90,90,90,180,90,90,90,90
21,NA,NA,NA,NA,NA,NA,NA,NA,NA,NA,NA,NA,NA,NA,NA,NA,NA,NA,NA,NA,NA,NA,NA,NA,NA,NA,NA,NA,NA,NA,NA,NA,NA,NA,NA,NA,NA,NA
22,0,0,0,0,0,0,0,0,0,0,0,0,0,0,0,0,0,0,0,0,0,0,0,0,0,0,0,0,0,0,0,0,0,0,0,0,0,0
23,54,54,54,54,54,90,90,90,90,90,90,90,90,90,90,90,90,90,0,0,0,0,0,0,0,90,90,0,90,90,90,90,90,90,90,90,135,135
24,0,0,0,0,0,0,0,0,0,90,0,0,0,0,0,0,27,90,90,90,90,90,90,90,90,90,90,90,90,90,90,90,90,0,0,0,90,90
25,90,90,90,90,90,90,90,90,90,0,90,90,90,90,90,90,63,0,0,0,0,0,0,0,0,0,0,0,0,0,0,0,0,90,90,90,0,0
26,NA,NA,NA,NA,NA,NA,NA,NA,NA,NA,NA,NA,NA,NA,NA,NA,NA,NA,NA,NA,NA,NA,NA,NA,NA,NA,NA,NA,NA,NA,NA,NA,NA,NA,NA,NA,NA,NA
27,NA,NA,NA,NA,NA,NA,NA,NA,NA,NA,NA,NA,NA,NA,NA,NA,NA,NA,NA,NA,NA,NA,NA,NA,NA,NA,NA,NA,NA,NA,NA,NA,NA,NA,NA,NA,NA,NA
28,NA,NA,NA,NA,NA,NA,NA,NA,NA,NA,NA,NA,NA,NA,NA,NA,NA,NA,NA,NA,NA,NA,NA,NA,NA,NA,NA,NA,NA,NA,NA,NA,NA,NA,NA,NA,NA,NA
29,0,0,0,0,0,0,0,0,0,0,0,0,0,0,0,0,0,0,0,0,0,0,0,0,0,0,0,0,0,0,0,0,0,0,0,0,0,0
30,90,90,90,90,90,0,0,0,0,0,0,0,0,0,0,0,0,0,0,0,90,90,90,90,90,90,90,90,90,90,90,90,90,90,90,90,45,45
31,65,66,65,65,65,0,90,90,90,90,0,0,0,0,0,0,90,90,90,90,90,90,90,90,90,90,90,0,90,90,90,90,90,90,90,90,135,135
32,0,0,0,0,0,90,90,90,90,90,90,90,90,90,90,0,0,0,0,0,0,0,0,0,0,0,0,0,0,0,0,0,0,0,0,0,0,0
33,90,90,90,90,90,0,0,0,0,0,0,0,0,0,0,90,90,90,90,90,90,90,90,90,90,90,90,90,90,90,90,90,90,90,90,90,90,90
34,NA,NA,NA,NA,NA,NA,NA,NA,NA,NA,NA,NA,NA,NA,NA,NA,NA,NA,NA,NA,NA,NA,NA,NA,NA,NA,NA,NA,NA,NA,NA,NA,NA,NA,NA,NA,NA,NA
35,36,36,36,36,36,90,90,90,90,90,90,90,90,90,90,90,90,90,90,90,90,90,0,0,0,0,0,0,0,0,0,90,90,78,0,0,0,0
36,NA,NA,NA,NA,NA,NA,NA,NA,NA,NA,NA,NA,NA,NA,NA,NA,NA,NA,NA,NA,NA,NA,NA,NA,NA,NA,NA,NA,NA,NA,NA,NA,NA,NA,NA,NA,NA,NA
37,90,90,90,90,90,90,90,90,90,90,90,90,90,90,90,90,90,90,90,90,90,90,90,90,90,0,90,0,90,90,90,0,90,180,90,90,45,45
38,NA,NA,NA,NA,NA,NA,NA,NA,NA,NA,NA,NA,NA,NA,NA,NA,NA,NA,NA,NA,NA,NA,NA,NA,NA,NA,NA,NA,NA,NA,NA,NA,NA,NA,0,0,45,45
39,0,0,0,0,0,0,0,0,0,0,0,0,0,0,0,0,0,0,0,0,0,0,0,0,0,0,0,0,0,0,0,90,0,0,0,0,45,45
40,NA,NA,NA,NA,NA,NA,NA,NA,NA,NA,NA,NA,NA,NA,NA,NA,NA,NA,NA,NA,NA,NA,NA,NA,NA,NA,NA,NA,NA,NA,NA,NA,NA,NA,NA,NA,NA,NA
41,NA,NA,NA,NA,NA,NA,NA,NA,NA,NA,NA,NA,NA,NA,NA,NA,NA,NA,NA,NA,NA,NA,NA,NA,NA,NA,NA,NA,NA,NA,NA,NA,NA,NA,NA,NA,NA,NA
42,NA,NA,NA,NA,NA,NA,NA,NA,NA,NA,NA,NA,NA,NA,NA,NA,NA,NA,NA,NA,NA,NA,NA,NA,NA,NA,NA,NA,NA,NA,NA,NA,NA,NA,NA,NA,NA,NA
43,NA,NA,NA,NA,NA,NA,NA,NA,NA,NA,NA,NA,NA,NA,NA,NA,NA,NA,NA,NA,NA,NA,NA,NA,NA,NA,NA,NA,NA,NA,NA,NA,NA,NA,NA,NA,NA,NA
44,90,90,90,90,90,90,90,90,90,90,90,90,90,90,90,90,90,90,90,90,90,90,90,90,90,0,90,0,90,90,90,90,90,90,90,180,135,135
45,0,0,0,0,0,0,0,0,0,0,0,0,0,0,0,0,0,0,0,0,0,0,0,0,0,0,0,0,0,0,0,0,0,0,0,0,0,0
46,NA,NA,NA,NA,NA,NA,NA,NA,NA,0,0,0,0,0,0,0,0,0,0,0,0,0,0,0,0,0,0,0,0,0,0,0,0,0,0,0,0,0
47,0,0,0,0,0,0,0,0,0,0,0,0,0,0,0,0,0,0,0,0,0,0,0,0,0,0,0,0,0,0,0,0,0,90,90,90,90,90
48,0,0,0,0,0,90,90,90,90,90,90,90,90,90,90,90,90,90,90,90,90,90,90,90,90,90,180,0,90,90,90,90,90,0,0,0,0,0
49,0,0,0,0,0,0,0,0,0,0,0,0,0,0,0,0,0,0,0,0,0,0,0,0,0,0,0,0,0,0,0,0,0,0,0,0,0,0
50,90,90,90,90,90,90,90,90,90,90,90,90,90,90,90,90,90,90,90,90,90,90,90,90,90,90,90,90,90,90,90,90,90,90,90,90,45,45
51,NA,NA,NA,NA,NA,NA,NA,NA,NA,NA,NA,NA,NA,NA,NA,NA,NA,NA,NA,NA,NA,NA,NA,NA,NA,NA,NA,NA,NA,NA,NA,NA,NA,NA,NA,NA,NA,NA
52,0,0,0,0,0,0,0,0,0,0,0,0,0,0,0,0,0,0,0,0,0,0,0,0,0,0,0,0,0,0,0,0,0,0,0,0,45,45
53,0,0,0,0,0,0,0,0,0,0,0,0,0,0,0,0,0,0,0,0,0,0,0,0,0,0,0,0,0,0,0,0,0,0,0,0,0,0
54,43,42,43,43,43,90,90,90,90,90,90,90,90,90,90,90,90,90,90,90,90,90,0,90,90,90,90,0,90,90,0,90,90,90,90,90,135,135
55,47,48,47,47,47,0,0,0,0,0,0,0,0,0,0,0,0,0,0,0,0,0,90,0,0,0,0,0,0,0,90,0,0,0,0,0,0,0
56,NA,NA,NA,NA,NA,NA,NA,NA,NA,NA,NA,NA,NA,NA,NA,NA,NA,NA,NA,NA,NA,NA,NA,NA,NA,NA,NA,NA,NA,NA,NA,NA,NA,NA,NA,NA,NA,NA
57,NA,NA,NA,NA,NA,NA,NA,NA,NA,NA,NA,NA,NA,NA,NA,NA,NA,NA,NA,NA,NA,NA,NA,NA,NA,NA,NA,NA,NA,NA,NA,NA,NA,NA,NA,NA,NA,NA
58,90,90,90,90,90,90,90,90,90,90,32,90,90,90,90,90,90,90,90,90,65,90,90,90,90,90,90,0,90,90,90,90,90,90,90,90,135,135
59,NA,NA,NA,NA,NA,NA,NA,NA,NA,NA,NA,NA,NA,NA,NA,NA,NA,NA,NA,NA,NA,NA,NA,NA,NA,NA,NA,NA,NA,NA,NA,NA,NA,NA,NA,NA,NA,NA
60,0,0,0,0,0,0,0,0,0,0,58,0,0,0,0,0,0,0,0,0,25,0,0,0,0,0,0,0,0,0,0,0,0,0,0,0,0,0
61,90,90,90,90,90,90,90,90,90,90,90,90,90,90,90,90,90,90,90,90,90,90,90,90,90,90,90,90,90,90,90,90,90,0,90,90,135,135
62,0,0,0,0,0,0,0,0,0,0,0,0,0,0,0,0,0,0,0,0,0,0,0,0,0,0,0,0,0,0,0,0,0,0,0,0,0,0
63,NA,NA,NA,NA,NA,NA,NA,NA,NA,NA,NA,0,0,0,0,0,0,0,0,0,0,0,0,0,0,0,0,0,0,0,0,0,0,0,0,0,0,0
64,90,90,90,90,90,90,90,90,90,90,90,0,0,0,0,0,0,0,0,0,0,0,0,0,0,0,0,0,0,0,0,0,0,90,90,90,90,90
65,0,0,0,0,0,0,0,0,0,0,0,0,0,0,0,0,0,0,0,0,0,0,0,0,0,0,0,0,0,0,0,0,0,0,0,0,0,0
66,0,0,0,0,0,0,0,0,0,0,0,90,90,90,90,90,90,90,90,90,90,90,90,90,90,90,90,90,90,90,90,90,90,0,0,0,0,0
67,NA,NA,NA,NA,NA,NA,NA,NA,NA,NA,NA,NA,NA,NA,NA,NA,NA,NA,NA,NA,NA,NA,NA,NA,NA,NA,NA,NA,NA,NA,NA,NA,NA,NA,NA,NA,NA,NA
68,90,90,90,90,90,90,90,90,90,90,90,0,0,0,66,90,90,90,90,90,0,2,0,16,90,0,90,0,90,90,90,90,1,90,16,62,135,135
69,18,18,18,18,18,90,90,90,0,90,90,90,90,90,90,90,90,90,90,90,90,90,0,90,90,0,0,0,0,0,0,0,0,180,90,90,90,90
70,0,0,0,0,0,0,0,0,0,0,0,0,15,0,0,0,0,0,0,0,0,0,0,0,0,0,0,0,0,0,0,0,0,0,0,0,0,0
71,0,0,0,0,0,0,0,0,0,0,0,0,75,90,90,90,90,90,90,27,90,90,90,74,0,0,0,0,0,45,90,90,90,90,74,0,26,26
72,54,54,54,54,54,0,0,0,0,0,0,0,0,0,0,0,0,0,0,0,0,0,0,0,0,0,0,0,0,0,0,0,90,0,0,180,135,135
73,0,0,0,0,0,0,0,0,0,0,0,82,0,0,0,0,0,0,0,0,0,0,0,0,0,0,0,0,0,0,0,0,0,0,0,0,0,0
74,NA,NA,NA,NA,NA,NA,NA,NA,NA,NA,NA,NA,NA,NA,NA,NA,NA,NA,NA,NA,NA,NA,NA,NA,NA,NA,NA,NA,NA,NA,NA,NA,NA,NA,NA,NA,NA,NA
75,72,72,72,72,72,90,90,90,90,90,90,90,90,90,90,90,90,90,90,63,90,90,90,90,90,0,90,0,90,45,0,0,90,90,90,90,52,51
76,NA,NA,NA,NA,NA,NA,NA,NA,NA,NA,NA,NA,NA,NA,NA,NA,NA,NA,NA,NA,NA,NA,NA,NA,NA,NA,NA,NA,NA,NA,NA,NA,NA,NA,NA,NA,NA,NA
77,0,0,0,0,0,0,0,0,0,0,0,0,0,0,0,0,0,0,0,0,0,0,0,0,0,0,0,0,0,0,0,0,0,0,0,0,19,19
78,87,86,87,86,87,90,90,90,90,0,90,90,90,90,90,90,90,20,90,90,90,90,90,90,0,0,90,0,90,90,90,90,90,90,90,180,135,135
79,36,36,36,36,36,90,90,90,90,90,90,90,90,90,24,0,0,0,0,90,90,90,90,90,90,0,90,0,90,90,90,90,0,0,0,90,90,90
80,NA,NA,NA,NA,NA,NA,NA,NA,NA,NA,NA,NA,NA,NA,NA,NA,NA,NA,NA,NA,NA,NA,NA,NA,NA,NA,NA,NA,NA,NA,NA,NA,NA,NA,NA,NA,NA,NA
81,NA,NA,NA,NA,NA,NA,NA,NA,NA,NA,NA,NA,NA,NA,NA,NA,NA,NA,NA,NA,NA,NA,NA,NA,NA,NA,NA,NA,NA,NA,NA,NA,NA,NA,NA,NA,NA,NA
82,NA,NA,NA,NA,NA,NA,NA,NA,NA,NA,NA,NA,NA,NA,NA,NA,NA,NA,NA,NA,NA,NA,NA,NA,NA,NA,NA,NA,NA,NA,NA,NA,NA,NA,NA,NA,NA,NA
83,NA,NA,NA,NA,NA,NA,NA,NA,NA,NA,NA,NA,NA,NA,NA,NA,NA,NA,NA,NA,NA,NA,NA,NA,NA,NA,NA,NA,NA,NA,NA,NA,NA,NA,NA,NA,NA,NA
84,NA,NA,NA,NA,NA,NA,NA,NA,NA,NA,NA,NA,NA,NA,NA,NA,NA,NA,NA,NA,NA,NA,NA,NA,NA,NA,NA,NA,NA,NA,NA,NA,NA,NA,NA,NA,NA,NA
85,NA,NA,NA,NA,NA,NA,NA,NA,NA,NA,NA,NA,NA,NA,NA,NA,NA,NA,NA,NA,NA,NA,NA,NA,NA,NA,NA,NA,NA,NA,NA,NA,NA,NA,NA,NA,NA,NA
86,NA,NA,NA,NA,NA,NA,NA,NA,NA,NA,NA,NA,NA,NA,NA,NA,NA,NA,NA,NA,NA,NA,NA,NA,NA,NA,NA,NA,NA,NA,NA,NA,NA,NA,NA,NA,NA,NA
87,NA,NA,NA,NA,NA,NA,NA,NA,NA,NA,NA,NA,NA,NA,NA,NA,NA,NA,NA,NA,NA,NA,NA,NA,NA,NA,NA,NA,NA,NA,NA,NA,NA,NA,NA,NA,NA,NA
88,NA,NA,NA,NA,NA,NA,NA,NA,NA,NA,NA,NA,NA,NA,NA,NA,NA,NA,NA,NA,NA,NA,NA,NA,NA,NA,NA,NA,NA,NA,NA,NA,NA,NA,NA,NA,NA,NA
89,90,90,90,90,90,90,90,90,90,90,90,0,90,90,90,90,90,90,18,23,90,90,90,0,90,90,90,90,90,90,90,90,90,90,90,90,90,90
90,3,3,3,3,3,0,0,0,0,0,0,90,90,90,90,90,90,0,90,90,0,0,0,0,0,0,0,0,0,0,0,0,0,0,9,0,45,45
91,NA,NA,NA,NA,NA,NA,NA,NA,NA,NA,NA,NA,NA,NA,NA,NA,NA,NA,NA,NA,NA,NA,NA,NA,NA,NA,NA,NA,NA,NA,NA,NA,NA,NA,NA,NA,NA,NA
92,90,90,90,90,90,90,90,90,90,90,90,90,0,0,90,90,90,90,90,90,90,90,0,0,90,90,90,90,90,90,90,90,90,90,90,90,90,90
93,90,90,90,90,90,90,90,90,90,90,90,90,90,90,90,90,90,90,90,81,0,0,90,45,22,0,0,90,90,90,90,90,90,90,90,90,90,90
94,0,0,0,0,0,0,0,0,0,0,0,0,0,0,0,1,0,0,0,0,90,90,0,90,68,90,77,0,0,0,0,0,0,0,0,0,0,0
95,NA,NA,NA,NA,NA,NA,NA,NA,NA,NA,NA,NA,NA,NA,NA,NA,NA,NA,NA,NA,NA,NA,NA,NA,NA,NA,NA,NA,NA,NA,NA,NA,NA,NA,NA,NA,NA,NA
96,90,90,90,90,90,90,90,90,90,90,90,90,90,90,90,90,90,90,90,90,90,90,90,90,90,90,90,90,90,90,90,90,90,90,90,90,90,90
97,54,54,54,54,54,0,1,64,90,90,90,56,0,0,0,0,0,0,0,0,0,0,90,90,57,90,90,0,90,0,0,0,0,0,0,0,0,0
98,NA,NA,NA,NA,NA,NA,NA,NA,0,0,0,0,0,0,0,0,0,0,0,0,0,0,0,0,0,0,0,0,0,0,0,0,0,0,0,90,90,90
99,90,90,90,90,90,90,90,90,90,90,90,90,90,0,90,90,90,0,90,90,90,90,90,90,90,90,90,90,90,90,90,90,90,90,90,90,90,90
100,90,90,90,90,90,90,90,90,90,90,90,90,90,90,90,90,90,90,90,90,90,90,90,90,90,90,90,90,90,90,90,90,90,45,0,0,0,0
101,3,4,4,4,4,0,0,0,17,0,17,0,48,10,1,0,0,0,6,0,4,15,2,0,0,6,11,0,0,0,6,1,0,45,90,90,90,90
102,NA,NA,NA,NA,NA,NA,NA,NA,NA,NA,NA,NA,NA,NA,NA,NA,NA,NA,NA,NA,NA,NA,NA,NA,NA,NA,NA,NA,NA,NA,NA,NA,NA,NA,NA,NA,NA,NA
103,90,90,90,90,90,90,90,90,82,43,0,90,90,90,90,90,90,90,90,90,90,90,90,90,90,90,90,90,90,90,90,90,90,90,45,90,90,90
104,0,0,0,0,0,36,90,90,90,90,90,90,90,90,90,90,90,90,90,64,90,90,90,90,90,90,90,0,90,73,90,90,0,90,90,90,90,90
105,90,90,90,90,90,90,90,90,90,90,90,90,90,90,90,90,90,90,90,90,90,90,90,90,90,90,90,0,90,90,90,90,90,90,90,90,135,135
106,90,90,90,90,90,90,90,90,90,90,83,90,90,90,90,90,90,90,90,90,90,90,90,90,90,90,90,0,90,90,90,90,90,90,90,90,76,77
107,NA,NA,NA,NA,NA,NA,NA,NA,NA,NA,NA,NA,NA,NA,NA,NA,NA,NA,NA,NA,NA,NA,NA,NA,NA,NA,NA,NA,NA,NA,NA,NA,NA,NA,NA,NA,NA,NA
108,18,18,18,18,18,90,90,90,90,90,90,90,90,90,90,90,90,90,90,90,90,90,90,90,90,90,90,0,90,90,90,90,90,90,81,83,90,90
109,NA,NA,NA,NA,NA,NA,NA,NA,NA,NA,NA,NA,NA,NA,NA,NA,NA,NA,NA,NA,NA,NA,NA,NA,NA,NA,NA,NA,NA,NA,NA,NA,NA,NA,NA,NA,NA,NA
110,13,12,12,12,12,0,84,81,90,86,90,89,80,90,73,90,78,89,81,84,90,90,90,87,71,84,75,0,69,0,0,90,53,85,90,90,88,87
111,NA,NA,NA,NA,NA,NA,NA,NA,NA,NA,NA,NA,NA,NA,NA,NA,NA,NA,NA,NA,NA,NA,NA,NA,NA,NA,NA,NA,NA,NA,NA,NA,NA,NA,NA,NA,NA,NA
112,NA,NA,NA,NA,NA,NA,NA,NA,NA,NA,NA,NA,NA,NA,NA,NA,NA,NA,NA,NA,NA,NA,NA,NA,NA,NA,NA,NA,NA,NA,NA,NA,NA,NA,NA,NA,NA,NA
113,NA,NA,NA,NA,NA,NA,NA,NA,NA,NA,NA,NA,NA,NA,NA,NA,NA,NA,NA,NA,NA,NA,NA,NA,NA,NA,NA,NA,NA,NA,NA,NA,NA,NA,NA,NA,NA,NA
114,NA,NA,NA,NA,NA,NA,NA,NA,NA,NA,NA,NA,NA,NA,NA,NA,NA,NA,NA,NA,NA,NA,NA,NA,NA,NA,NA,NA,NA,NA,NA,NA,NA,NA,NA,NA,NA,NA
115,90,90,90,90,90,0,0,0,0,90,90,90,90,90,90,90,90,90,90,0,90,90,90,90,0,3,17,0,8,14,0,0,0,0,0,0,0,0
116,79,80,79,79,79,90,90,90,90,0,90,0,0,90,90,90,90,90,0,90,90,90,90,45,90,0,0,0,4,31,33,3,0,42,90,15,2,3
117,0,0,0,0,0,0,0,0,0,0,1,0,0,0,0,0,0,0,0,0,0,0,0,0,0,0,0,0,0,0,0,0,1,5,0,0,45,45
118,NA,NA,NA,NA,NA,NA,NA,NA,NA,NA,NA,NA,NA,NA,NA,NA,NA,NA,NA,NA,NA,NA,NA,NA,NA,NA,NA,NA,NA,NA,NA,NA,NA,NA,NA,NA,NA,NA
119,37,36,37,37,37,74,90,45,76,90,58,85,72,2,79,90,83,90,90,90,0,0,0,0,0,0,0,0,0,31,90,90,90,180,90,75,90,90
120,NA,NA,NA,NA,NA,NA,NA,NA,NA,NA,NA,NA,NA,NA,NA,NA,NA,NA,NA,NA,NA,NA,NA,NA,NA,NA,NA,NA,NA,NA,NA,NA,NA,NA,NA,NA,NA,NA
121,0,0,0,0,0,0,0,0,0,0,0,0,0,0,0,0,0,0,0,0,0,0,0,0,0,90,90,0,90,90,90,90,90,56,0,0,0,0
122,0,0,0,0,0,29,0,66,0,23,0,23,0,0,0,0,0,0,0,0,10,87,0,0,23,4,29,0,90,90,57,90,68,180,0,90,90,90
123,54,54,54,54,54,0,0,0,0,0,0,0,0,0,0,0,0,0,0,0,0,0,0,0,0,0,0,0,0,0,0,0,0,0,0,0,0,0
124,11,10,11,11,11,90,90,90,90,90,0,90,90,88,0,0,0,0,90,90,90,90,90,90,90,90,90,0,82,45,0,0,0,90,0,0,88,87
125,72,72,72,72,72,90,35,39,90,90,90,90,90,90,90,90,90,90,90,90,90,90,90,90,90,86,61,0,0,0,0,0,22,13,90,90,41,41
126,89,90,89,90,89,90,90,90,90,90,90,90,90,90,90,90,90,90,90,90,90,90,90,90,90,90,90,0,90,90,90,90,90,180,90,90,90,90
127,90,90,90,90,90,0,0,0,0,0,0,90,82,90,82,90,90,90,90,90,90,90,90,90,90,90,90,45,90,90,90,90,90,90,90,90,90,90
128,36,36,36,36,36,90,90,90,90,90,90,90,90,66,90,90,90,90,90,90,90,90,90,90,90,90,90,90,90,0,0,0,0,0,0,0,0,0
129,37,38,37,38,37,0,10,1,0,90,90,0,0,90,90,1,90,90,4,90,90,90,90,90,90,90,90,45,35,0,0,0,0,0,0,0,0,0
130,54,54,54,54,54,0,0,0,0,0,0,0,0,24,0,0,0,90,0,0,90,90,45,11,0,0,0,0,0,90,90,90,90,90,90,77,68,67
131,90,90,90,90,90,90,90,90,90,8,90,82,90,0,0,90,0,0,90,0,0,1,0,0,0,0,0,90,90,90,90,90,90,90,90,90,90,90
132,90,90,90,90,90,90,90,90,90,90,90,90,90,90,90,90,90,90,90,90,90,90,90,90,90,90,90,90,90,90,90,90,90,90,90,0,0,0
133,NA,NA,NA,NA,NA,NA,NA,NA,NA,NA,NA,NA,NA,NA,NA,NA,0,0,0,0,0,0,0,0,0,0,0,0,0,0,0,0,0,0,0,13,0,0
134,0,0,0,0,0,0,0,0,0,0,0,0,0,0,0,0,0,0,0,0,0,0,0,0,0,0,0,0,0,0,0,0,0,0,0,0,0,0
135,2,2,2,2,2,2,64,90,90,90,0,0,0,0,90,82,0,0,74,0,0,0,0,0,0,0,0,0,0,0,0,0,0,0,0,0,0,0
136,0,0,0,0,0,0,0,0,0,0,0,0,0,0,0,0,0,0,0,0,0,0,0,0,0,0,0,0,0,66,24,90,0,0,0,0,0,0
137,56,56,56,56,56,90,90,90,90,90,90,90,90,90,90,90,90,90,90,90,90,90,90,90,90,90,90,90,90,90,90,0,90,90,90,90,90,90
138,NA,NA,NA,NA,NA,NA,NA,NA,NA,NA,NA,NA,NA,NA,NA,NA,NA,NA,NA,NA,NA,NA,NA,NA,NA,NA,NA,NA,NA,NA,NA,NA,NA,NA,NA,NA,NA,NA
139,NA,NA,NA,NA,NA,NA,NA,NA,NA,NA,NA,NA,NA,NA,NA,NA,NA,NA,NA,NA,NA,NA,NA,NA,NA,NA,NA,NA,NA,NA,NA,NA,NA,NA,NA,NA,NA,NA
140,NA,NA,NA,NA,NA,NA,NA,NA,NA,NA,NA,NA,NA,NA,NA,NA,NA,NA,NA,NA,NA,NA,NA,NA,NA,NA,NA,NA,NA,NA,NA,NA,NA,NA,NA,NA,NA,NA
141,NA,NA,NA,NA,NA,NA,NA,NA,NA,NA,NA,NA,NA,NA,NA,NA,NA,NA,NA,NA,NA,NA,NA,NA,NA,NA,NA,NA,NA,NA,NA,NA,NA,NA,NA,NA,NA,NA
142,NA,NA,NA,NA,NA,NA,NA,NA,NA,NA,NA,NA,NA,NA,NA,NA,NA,NA,NA,NA,NA,NA,NA,NA,NA,NA,NA,NA,NA,NA,NA,NA,NA,NA,NA,NA,NA,NA
143,NA,NA,NA,NA,NA,NA,NA,NA,NA,NA,NA,NA,NA,NA,NA,NA,NA,NA,NA,NA,NA,NA,NA,NA,NA,NA,NA,NA,NA,NA,NA,NA,NA,NA,NA,NA,NA,NA
144,NA,NA,NA,NA,NA,NA,NA,NA,NA,NA,NA,NA,NA,NA,NA,NA,NA,NA,NA,NA,NA,NA,NA,NA,NA,NA,NA,NA,NA,NA,NA,NA,NA,NA,NA,NA,NA,NA
145,NA,NA,NA,NA,NA,NA,NA,NA,NA,NA,NA,NA,NA,NA,NA,NA,NA,NA,NA,NA,NA,NA,NA,NA,NA,NA,NA,NA,NA,NA,NA,NA,NA,NA,NA,NA,NA,NA
146,NA,NA,NA,NA,NA,NA,NA,NA,NA,NA,NA,NA,NA,NA,NA,NA,NA,NA,NA,NA,NA,NA,NA,NA,NA,NA,NA,NA,NA,NA,NA,NA,NA,NA,NA,NA,NA,NA
147,NA,NA,NA,NA,NA,NA,NA,NA,NA,NA,NA,NA,NA,NA,NA,NA,NA,NA,NA,NA,NA,NA,NA,NA,NA,NA,NA,NA,NA,NA,NA,NA,NA,NA,NA,NA,NA,NA
148,NA,NA,NA,NA,NA,NA,NA,NA,NA,NA,NA,NA,NA,NA,NA,NA,NA,NA,NA,NA,NA,NA,NA,NA,NA,NA,NA,NA,NA,NA,NA,NA,NA,NA,NA,NA,NA,NA
149,0,0,0,0,0,0,0,0,0,0,0,0,0,0,0,0,0,0,0,0,0,0,0,0,0,0,0,0,90,90,90,90,75,89,90,90,106,107
150,0,0,0,0,0,0,0,0,0,0,0,0,0,0,0,0,0,90,90,0,90,0,0,0,45,1,0,0,4,4,0,90,15,0,0,0,135,135
151,NA,NA,NA,NA,NA,NA,NA,NA,NA,NA,NA,NA,NA,NA,NA,NA,NA,NA,NA,NA,NA,NA,NA,NA,NA,NA,NA,NA,NA,NA,NA,NA,NA,NA,NA,NA,NA,NA
152,90,90,90,90,90,90,90,90,90,90,90,67,90,90,90,90,90,0,21,90,90,90,90,90,45,90,90,0,90,90,90,0,90,90,90,90,135,135
153,72,72,72,72,72,90,90,90,90,90,86,90,90,90,90,81,90,0,90,90,59,90,90,90,90,90,90,0,90,90,90,90,90,90,90,90,0,0
154,11,12,11,12,11,45,0,90,23,90,73,0,0,0,90,90,90,90,90,90,90,90,90,90,90,90,90,90,90,90,80,0,90,90,90,90,24,25
155,90,90,90,90,90,90,90,90,90,90,90,90,90,90,90,90,90,90,90,90,90,90,90,90,90,90,90,0,0,0,0,0,0,0,0,0,0,0
156,77,77,77,77,77,90,90,0,90,90,90,90,90,90,90,0,90,90,90,90,14,90,90,90,69,90,90,0,90,90,90,0,90,90,90,90,135,135
157,0,0,0,0,0,0,0,0,0,0,0,0,0,0,0,1,0,0,0,0,90,0,0,0,1,0,1,0,0,17,0,45,0,12,0,0,0,0
158,90,90,90,90,90,90,90,90,90,90,90,90,90,90,90,90,90,90,90,90,0,90,90,90,90,90,90,90,90,90,90,90,90,83,90,90,90,90
159,0,0,0,0,0,0,0,0,8,47,90,0,0,80,0,0,0,90,0,0,0,0,0,0,0,0,0,0,0,0,0,0,0,0,45,0,0,0
160,0,0,0,0,0,0,0,0,0,0,0,0,0,0,0,0,0,0,0,0,0,0,0,0,0,0,0,0,0,0,0,0,0,0,0,0,0,0
161,36,36,36,36,36,90,0,0,0,1,0,0,0,0,45,90,90,90,90,90,90,90,0,0,9,0,90,90,90,1,90,90,0,0,4,0,0,0
162,72,72,72,72,72,0,90,90,90,90,0,90,90,90,45,90,90,90,90,90,90,90,90,0,0,0,0,0,0,90,90,90,90,78,90,90,90,90
163,54,54,54,54,54,90,90,90,90,90,90,90,90,0,90,0,0,0,0,0,0,1,90,90,90,90,90,90,90,90,26,90,90,90,90,90,90,90
164,69,70,69,69,69,90,90,85,90,0,90,90,90,90,90,90,90,90,90,45,90,90,90,82,90,90,90,90,90,90,90,90,90,81,90,90,88,87
165,21,21,21,21,21,0,0,5,0,90,0,0,0,0,0,0,0,12,0,45,0,0,0,8,0,25,0,0,0,0,0,0,1,9,0,0,2,3
166,90,90,90,90,90,90,90,62,0,0,0,0,1,90,90,90,90,90,90,0,90,90,90,90,90,90,90,90,90,90,90,90,90,90,90,90,32,31
167,90,90,90,90,90,90,90,90,90,90,90,90,90,90,90,90,90,90,88,0,90,54,0,0,0,0,0,0,0,0,0,0,0,0,0,0,0,0
168,NA,NA,NA,NA,NA,NA,NA,NA,NA,NA,NA,NA,NA,NA,0,NA,NA,NA,NA,NA,NA,NA,NA,NA,NA,NA,NA,NA,NA,NA,NA,NA,NA,NA,NA,NA,NA,NA
169,NA,NA,NA,NA,NA,NA,NA,NA,NA,NA,NA,NA,NA,NA,NA,NA,NA,NA,NA,NA,NA,NA,NA,NA,NA,NA,NA,NA,NA,NA,NA,NA,NA,NA,NA,NA,NA,NA
170,79,78,79,78,78,90,90,0,90,90,90,90,90,90,90,90,90,73,90,90,0,90,90,90,90,0,180,0,0,0,0,90,0,90,90,0,45,45
171,0,0,0,0,0,0,0,1,77,0,0,36,0,0,0,0,0,0,0,0,0,0,0,0,0,0,0,0,0,0,90,0,90,90,90,90,128,128
172,NA,NA,NA,NA,NA,NA,NA,NA,NA,NA,NA,NA,NA,NA,NA,NA,NA,NA,NA,NA,NA,NA,NA,NA,NA,NA,NA,NA,NA,NA,NA,NA,NA,NA,NA,NA,NA,NA
173,NA,NA,NA,NA,NA,NA,NA,NA,NA,NA,NA,NA,NA,NA,NA,NA,NA,NA,NA,NA,NA,NA,NA,NA,NA,NA,NA,NA,NA,NA,NA,NA,NA,NA,NA,NA,NA,NA
174,65,64,64,64,64,90,90,90,0,90,0,90,90,90,0,90,90,90,90,90,90,90,90,0,21,0,90,0,90,90,0,0,90,90,90,90,135,135
175,73,74,73,74,73,90,90,90,90,90,90,0,0,77,90,0,0,17,90,2,90,7,90,90,90,0,90,0,90,90,90,90,0,0,0,0,7,7
176,77,78,77,78,77,90,90,90,90,90,79,88,90,90,90,90,90,90,0,90,90,90,90,90,90,90,90,0,77,0,90,0,90,90,3,79,4,4
177,90,90,90,90,90,90,90,90,51,0,0,0,0,0,6,51,0,0,90,0,0,0,0,90,90,0,0,0,90,90,90,90,90,180,60,0,135,135
178,72,72,72,72,72,90,90,90,90,90,0,27,0,0,0,90,0,90,63,0,0,90,90,45,90,0,0,0,0,0,45,30,0,180,90,0,45,45
179,0,0,0,0,0,0,0,0,0,90,90,63,90,90,90,39,90,0,0,45,75,0,0,0,0,0,0,0,1,0,0,90,90,180,30,90,45,45
180,0,0,0,0,0,0,0,0,0,0,90,90,90,90,90,90,90,90,0,90,90,90,54,0,0,0,90,0,90,0,0,0,0,0,0,90,135,135
181,NA,NA,NA,NA,NA,NA,NA,NA,NA,NA,NA,NA,NA,NA,NA,NA,NA,NA,NA,NA,NA,NA,NA,NA,NA,NA,NA,NA,NA,NA,NA,NA,NA,NA,NA,NA,NA,NA
182,0,0,0,0,0,0,0,0,39,90,90,90,90,90,90,90,90,90,27,90,90,0,90,45,0,0,90,0,22,90,90,90,90,0,0,0,0,0
183,87,86,87,87,87,0,0,1,0,90,0,0,0,0,0,0,0,0,0,0,0,0,0,0,0,0,69,0,0,0,26,60,0,0,8,0,0,0
184,19,18,19,18,19,90,90,90,90,0,0,0,0,0,0,0,1,0,71,26,0,90,36,90,90,0,0,0,90,0,0,0,0,0,0,90,90,90
185,NA,NA,NA,NA,NA,NA,NA,NA,NA,NA,NA,NA,NA,NA,NA,NA,NA,NA,NA,NA,NA,NA,NA,NA,NA,NA,NA,NA,NA,0,0,0,0,0,0,90,106,107
186,85,84,84,84,84,90,90,90,90,0,0,90,90,90,90,0,90,90,90,90,90,90,90,90,90,0,90,0,90,90,0,0,90,90,82,0,0,0
187,NA,NA,NA,NA,NA,NA,NA,NA,NA,NA,NA,NA,NA,NA,NA,NA,NA,NA,NA,NA,NA,NA,NA,NA,NA,NA,NA,NA,NA,NA,NA,NA,NA,NA,NA,NA,NA,NA
188,NA,NA,NA,NA,NA,NA,NA,NA,NA,NA,NA,NA,NA,NA,NA,NA,NA,NA,NA,NA,NA,NA,NA,NA,NA,NA,NA,NA,NA,NA,NA,NA,NA,NA,NA,NA,NA,NA
189,NA,NA,NA,NA,NA,NA,NA,NA,NA,NA,NA,NA,NA,NA,NA,NA,NA,NA,NA,NA,NA,NA,NA,NA,NA,NA,NA,NA,NA,NA,NA,NA,NA,NA,NA,NA,NA,NA
190,NA,NA,NA,NA,NA,NA,NA,NA,NA,NA,NA,NA,NA,NA,NA,NA,NA,NA,NA,NA,NA,NA,NA,NA,NA,NA,NA,NA,NA,NA,NA,NA,NA,NA,NA,NA,NA,NA
191,NA,NA,NA,NA,NA,NA,NA,NA,NA,NA,NA,NA,NA,NA,NA,NA,NA,NA,NA,NA,NA,NA,NA,NA,NA,NA,NA,NA,NA,NA,NA,NA,NA,NA,NA,NA,NA,NA
192,NA,NA,NA,NA,NA,NA,NA,NA,NA,NA,NA,NA,NA,NA,NA,NA,NA,NA,NA,NA,NA,NA,NA,NA,NA,NA,NA,NA,NA,NA,NA,NA,NA,NA,NA,NA,NA,NA
193,NA,NA,NA,NA,NA,NA,NA,NA,NA,NA,NA,NA,NA,NA,NA,NA,NA,NA,NA,NA,NA,NA,NA,NA,NA,NA,NA,NA,NA,NA,NA,NA,NA,NA,NA,NA,NA,NA
194,54,54,54,54,54,90,90,90,90,0,0,0,0,6,6,0,0,0,0,26,0,0,90,0,0,1,0,0,0,0,0,52,88,90,90,90,130,131
195,NA,NA,NA,NA,NA,NA,NA,NA,NA,NA,NA,NA,NA,NA,NA,NA,NA,NA,NA,NA,NA,NA,NA,NA,NA,NA,NA,NA,NA,NA,NA,NA,NA,NA,NA,NA,NA,NA
196,0,0,0,0,0,0,0,0,0,0,0,0,0,0,0,0,0,0,0,0,0,0,0,0,0,0,0,0,0,0,0,0,0,0,0,0,0,0
197,NA,NA,NA,NA,NA,NA,NA,NA,NA,NA,NA,NA,NA,NA,NA,NA,NA,NA,NA,NA,NA,NA,NA,NA,NA,NA,NA,NA,NA,NA,NA,NA,NA,NA,NA,NA,NA,NA
198,36,36,36,36,36,90,90,0,0,77,90,90,90,90,0,90,90,90,0,0,90,90,90,90,90,0,90,0,90,90,0,90,90,90,90,180,90,90
199,87,88,87,88,88,88,26,0,0,0,0,90,90,90,0,0,90,90,0,5,90,90,90,90,90,0,90,0,90,90,90,90,90,90,90,180,79,79
200,NA,NA,NA,NA,NA,NA,NA,NA,NA,NA,NA,NA,NA,NA,NA,NA,NA,NA,NA,NA,NA,NA,NA,NA,NA,NA,NA,NA,NA,NA,NA,NA,NA,NA,NA,NA,NA,NA
201,NA,NA,NA,NA,NA,NA,NA,77,90,13,0,0,7,15,90,8,0,0,90,90,0,0,15,0,0,0,0,0,0,11,90,20,0,0,0,0,0,0
202,3,2,3,2,2,0,0,0,0,0,0,0,0,0,0,0,0,0,0,0,0,0,0,0,0,0,0,0,0,0,0,0,0,0,0,0,58,59
203,0,0,0,0,0,0,0,0,0,0,0,0,0,0,0,0,0,0,0,85,0,36,90,90,90,0,90,0,90,90,90,90,90,90,90,180,90,90
204,54,54,54,54,54,0,0,13,0,0,0,0,0,0,0,0,0,0,0,0,0,0,0,0,0,0,0,0,0,0,0,0,0,0,0,0,45,45
205,18,18,18,18,18,0,0,0,0,0,90,0,0,0,0,0,90,0,90,90,90,90,90,90,90,0,90,0,90,90,90,90,90,90,90,180,135,135
206,NA,NA,NA,NA,NA,NA,NA,NA,NA,NA,NA,NA,NA,NA,NA,NA,NA,NA,NA,NA,NA,NA,NA,NA,NA,NA,NA,NA,NA,NA,NA,NA,NA,NA,NA,NA,NA,NA
207,54,54,54,54,54,90,90,90,90,0,0,0,0,0,0,0,0,0,0,0,0,0,0,0,0,9,180,0,90,0,90,90,90,90,90,90,90,90
208,NA,NA,NA,NA,NA,NA,NA,NA,NA,NA,NA,NA,NA,NA,NA,NA,NA,NA,NA,NA,NA,NA,0,0,0,0,0,0,0,0,0,0,0,0,0,0,0,0
209,18,18,18,18,18,90,90,0,0,0,0,34,90,90,90,90,90,90,90,90,90,90,0,0,33,0,90,0,0,90,0,90,90,90,90,90,45,45
210,36,36,36,36,36,90,90,90,90,90,90,90,90,90,90,90,90,90,90,90,90,90,90,90,90,90,176,0,90,90,90,90,90,90,90,90,90,90
211,0,0,0,0,0,0,0,16,0,0,0,0,90,90,90,3,0,0,0,0,0,0,0,0,0,0,0,0,0,0,90,0,90,0,90,90,0,1
212,72,72,72,72,72,90,90,90,90,90,90,90,90,90,90,90,90,90,90,90,90,90,90,90,90,90,180,0,90,90,90,90,90,90,0,1,90,90
213,90,90,90,90,90,90,90,90,90,90,90,90,0,0,0,90,90,90,90,90,90,90,90,90,90,90,180,0,90,90,90,90,90,90,90,90,90,90
214,NA,NA,NA,NA,NA,NA,NA,NA,NA,NA,NA,NA,NA,NA,NA,NA,NA,NA,NA,NA,NA,NA,NA,NA,NA,NA,NA,NA,NA,NA,NA,NA,NA,NA,NA,NA,NA,NA
215,NA,NA,NA,NA,NA,NA,NA,NA,NA,NA,NA,NA,NA,NA,NA,NA,NA,NA,NA,NA,NA,NA,NA,NA,NA,NA,NA,NA,NA,NA,NA,NA,NA,NA,NA,NA,NA,NA
216,0,0,0,0,0,0,0,0,0,0,0,67,90,0,0,0,0,0,0,0,0,0,65,29,0,0,0,0,0,0,0,0,0,0,0,0,36,36
217,0,0,0,0,0,0,0,0,0,0,90,0,90,0,0,0,0,0,90,0,0,45,0,0,0,42,0,0,0,0,0,0,0,0,0,0,0,0
218,0,0,0,0,0,0,0,0,0,0,0,0,0,0,0,0,0,0,0,0,0,0,0,3,0,6,15,0,3,0,45,1,82,0,0,0,48,47
219,NA,NA,NA,NA,NA,NA,NA,NA,NA,NA,NA,NA,NA,NA,NA,NA,NA,NA,NA,NA,NA,NA,NA,NA,NA,NA,NA,NA,NA,NA,NA,NA,NA,NA,NA,NA,NA,NA
220,90,90,90,90,90,0,0,90,0,0,0,90,90,0,0,0,0,0,0,90,90,90,90,90,90,90,90,90,90,90,90,90,90,90,90,90,90,90
221,81,81,81,81,81,0,0,0,90,0,90,0,0,0,0,0,0,90,0,0,90,0,0,0,0,0,0,0,90,0,0,0,0,90,90,0,0,1
222,0,0,0,0,0,0,0,0,90,90,90,0,0,0,90,90,90,90,90,90,90,90,90,90,90,90,90,90,90,90,90,90,90,90,90,90,90,90
223,90,90,90,90,90,90,90,90,90,40,0,90,85,90,0,0,0,0,90,90,90,90,90,90,90,90,88,0,0,90,71,90,90,90,90,90,90,90
224,NA,NA,NA,NA,NA,NA,NA,NA,NA,NA,NA,NA,NA,NA,NA,NA,NA,NA,NA,NA,0,78,75,90,90,90,90,90,0,90,90,90,90,0,19,90,90,90
225,11,10,10,10,10,90,90,8,0,50,90,0,11,0,90,90,90,90,0,20,0,12,15,0,0,0,2,32,0,0,0,0,0,0,0,0,0,0
226,NA,NA,NA,NA,NA,NA,NA,NA,NA,NA,NA,NA,NA,NA,NA,NA,NA,NA,NA,NA,NA,NA,NA,NA,NA,NA,NA,NA,0,0,0,0,0,0,0,0,0,0
227,NA,NA,NA,NA,NA,NA,NA,NA,NA,NA,NA,NA,NA,NA,NA,NA,NA,NA,NA,NA,NA,NA,NA,NA,NA,NA,NA,NA,NA,NA,NA,NA,NA,NA,NA,NA,NA,NA
228,0,0,0,0,0,90,90,0,90,90,90,0,0,90,0,0,0,90,0,0,0,0,0,0,0,0,0,0,0,0,0,0,0,32,0,0,0,0
229,90,90,90,90,90,90,90,59,0,0,0,0,0,0,90,90,0,0,90,90,90,64,90,90,90,48,90,0,90,90,90,90,90,90,90,90,135,135
230,NA,NA,NA,NA,NA,NA,NA,NA,NA,NA,NA,NA,NA,NA,NA,NA,NA,NA,NA,NA,NA,NA,NA,NA,NA,NA,NA,NA,NA,NA,NA,NA,NA,NA,NA,NA,NA,NA
231,0,0,0,0,0,0,0,0,0,0,0,0,0,0,0,0,0,0,0,0,0,0,0,0,0,0,0,0,0,0,0,0,0,0,0,0,0,0
232,21,20,21,21,21,90,0,90,0,0,0,0,0,0,0,0,14,0,23,0,27,0,53,90,90,90,90,0,90,90,78,90,90,90,90,90,135,135
233,NA,NA,NA,NA,NA,NA,NA,NA,NA,NA,NA,NA,NA,NA,NA,NA,NA,NA,NA,NA,NA,NA,NA,NA,NA,NA,NA,NA,NA,NA,NA,NA,NA,NA,NA,NA,NA,NA
234,54,54,54,54,54,0,90,0,90,90,90,90,0,90,90,90,76,90,67,90,90,90,37,0,0,0,0,0,0,0,0,0,0,0,0,0,0,0
235,NA,NA,NA,NA,NA,NA,NA,NA,NA,NA,NA,NA,NA,NA,NA,NA,NA,NA,NA,NA,NA,NA,NA,NA,NA,NA,NA,NA,NA,NA,NA,NA,NA,NA,NA,NA,NA,NA
236,0,0,0,0,0,0,0,0,0,0,11,2,0,0,0,0,0,0,90,0,0,0,0,0,0,0,0,0,13,90,1,90,0,1,87,11,86,86
237,90,90,90,90,90,90,90,90,90,90,90,90,90,90,90,90,90,90,0,90,63,0,0,0,0,65,90,0,90,90,90,90,90,90,90,66,135,135
238,NA,NA,NA,NA,NA,NA,NA,NA,NA,NA,NA,NA,NA,NA,NA,NA,NA,NA,NA,NA,NA,NA,NA,NA,NA,NA,NA,NA,NA,NA,NA,NA,NA,NA,NA,NA,NA,NA
239,72,72,72,72,72,90,0,84,90,90,90,90,89,0,90,90,90,90,0,90,90,90,90,0,45,90,90,0,90,90,64,0,0,90,18,0,0,0
240,72,72,72,72,72,45,0,0,0,0,0,0,0,0,0,0,0,0,90,0,0,6,90,90,82,39,0,0,90,90,90,90,0,0,0,0,0,0
241,89,90,90,90,90,90,90,90,90,90,90,0,55,90,90,90,90,90,67,90,88,90,0,90,90,90,90,0,0,90,90,90,90,86,0,0,135,135
242,35,36,36,36,36,0,0,0,0,19,90,90,90,0,30,59,13,3,0,0,0,29,90,4,45,51,0,0,62,49,43,90,90,90,90,90,109,109
243,11,10,10,10,10,0,0,6,0,4,0,0,70,90,1,0,60,0,12,90,90,84,0,0,0,0,0,0,0,0,0,7,27,0,72,71,18,18
244,53,52,52,52,52,0,90,90,90,71,90,90,20,0,0,0,77,90,90,90,90,90,90,90,90,90,90,0,90,41,0,0,0,0,0,0,0,0
245,NA,NA,NA,NA,NA,NA,NA,NA,NA,NA,NA,NA,NA,NA,NA,NA,NA,NA,NA,NA,NA,NA,NA,NA,NA,NA,NA,NA,NA,NA,NA,NA,NA,NA,NA,NA,NA,NA
246,0,0,0,0,0,0,0,0,0,0,0,0,0,0,0,0,0,0,0,0,0,0,0,0,0,0,0,0,0,0,22,90,90,0,90,90,90,90
247,NA,NA,NA,NA,NA,NA,NA,NA,NA,NA,NA,NA,NA,NA,NA,NA,NA,NA,23,0,0,0,0,0,0,0,0,0,0,0,0,0,0,0,0,0,45,45
248,NA,NA,NA,NA,NA,NA,NA,NA,NA,NA,NA,NA,NA,NA,NA,NA,NA,NA,NA,NA,NA,NA,NA,NA,NA,NA,NA,NA,NA,NA,NA,NA,NA,NA,NA,NA,NA,NA
249,73,74,74,74,74,90,90,90,90,86,0,90,90,90,90,90,30,90,90,80,90,90,90,90,90,0,90,0,90,0,45,0,90,90,90,90,90,90
250,NA,NA,NA,NA,NA,NA,NA,NA,NA,NA,NA,NA,NA,NA,NA,NA,NA,NA,NA,NA,NA,NA,0,0,0,0,0,0,0,0,0,0,0,0,0,0,0,0
251,NA,NA,NA,NA,NA,NA,NA,NA,NA,NA,NA,NA,NA,NA,NA,NA,NA,NA,NA,NA,NA,NA,NA,NA,NA,NA,NA,NA,NA,NA,NA,NA,NA,NA,NA,NA,NA,NA
252,90,90,90,90,90,90,90,90,90,90,90,90,90,90,90,0,73,90,90,90,90,90,90,90,90,53,90,90,90,90,90,90,90,0,90,90,135,135
253,90,90,90,90,90,90,90,90,0,90,90,90,90,90,90,0,0,90,90,29,0,0,0,0,38,90,90,90,90,90,90,90,90,0,90,50,135,135
254,NA,NA,NA,NA,NA,NA,NA,NA,NA,NA,NA,NA,NA,NA,NA,NA,NA,NA,NA,NA,NA,NA,NA,NA,NA,NA,NA,NA,NA,NA,NA,NA,NA,NA,NA,NA,NA,NA
255,NA,NA,NA,NA,NA,NA,NA,NA,NA,NA,NA,NA,NA,NA,NA,NA,NA,NA,NA,NA,NA,NA,NA,NA,NA,NA,NA,NA,NA,NA,NA,NA,NA,NA,NA,NA,NA,NA
256,3,4,3,4,3,22,0,8,0,90,0,0,0,0,0,0,0,70,0,0,0,0,0,0,90,0,0,0,0,0,0,0,0,67,90,180,34,34
257,NA,NA,NA,NA,NA,NA,NA,NA,NA,NA,NA,NA,NA,NA,NA,NA,NA,NA,NA,NA,NA,NA,NA,NA,NA,NA,NA,NA,NA,NA,NA,NA,NA,NA,NA,NA,NA,NA
258,NA,NA,NA,NA,NA,NA,NA,NA,NA,NA,NA,NA,NA,NA,NA,NA,NA,NA,NA,NA,NA,NA,NA,NA,NA,NA,NA,NA,NA,NA,NA,NA,NA,NA,NA,NA,NA,NA
259,90,90,90,90,90,90,90,90,90,90,90,90,90,90,90,90,90,90,90,90,90,90,90,90,90,90,90,90,90,90,55,52,90,0,90,90,32,31
260,NA,NA,NA,NA,NA,NA,NA,NA,NA,NA,NA,NA,NA,NA,NA,NA,NA,NA,NA,NA,NA,NA,NA,NA,NA,NA,NA,NA,NA,NA,NA,NA,NA,NA,NA,NA,NA,NA
261,5,4,5,4,5,90,90,90,90,90,90,90,90,90,90,90,90,90,45,61,0,90,90,90,90,90,70,90,90,90,90,90,0,0,59,40,135,135
262,0,0,0,0,0,0,0,0,0,0,0,0,0,0,0,0,0,0,0,0,0,0,0,0,0,0,0,0,0,0,0,0,0,0,0,0,0,0
263,0,0,0,0,0,0,0,0,0,0,0,0,0,0,0,0,0,0,0,0,0,0,0,0,0,0,0,0,0,0,0,0,0,0,0,0,0,0
264,51,52,51,52,52,0,6,0,0,0,0,0,0,0,0,0,0,0,0,0,45,90,90,0,0,0,27,13,90,90,90,90,90,0,0,90,90,90
265,90,90,90,90,90,0,90,0,0,0,90,0,90,6,0,0,0,0,0,0,90,8,0,20,1,0,0,0,0,90,90,90,90,90,90,90,90,90
266,0,0,0,0,0,0,0,74,0,90,90,90,90,0,90,90,90,90,90,90,90,90,90,90,45,90,90,90,72,67,0,0,0,12,45,90,90,90
267,72,72,72,72,72,90,90,90,90,90,90,90,90,90,90,90,0,90,0,90,0,0,90,90,90,90,90,90,90,90,90,90,90,90,90,90,72,72
268,87,88,87,87,87,0,0,0,0,0,0,0,0,90,0,0,0,0,0,0,0,0,0,0,0,0,0,0,18,23,90,90,90,90,45,0,0,0
269,36,36,36,36,36,90,90,90,90,90,90,90,90,90,90,90,90,90,90,90,45,90,0,0,0,0,0,0,0,0,0,0,0,0,0,0,45,45
270,0,0,0,0,0,0,0,0,0,0,0,0,0,0,0,0,0,0,0,0,0,0,0,0,0,0,0,0,0,0,0,0,0,0,0,0,0,0
271,69,70,69,70,69,90,90,90,90,90,0,90,0,90,90,90,90,90,90,90,90,90,90,90,90,90,63,90,17,0,0,0,0,90,90,90,45,45
272,NA,NA,NA,NA,NA,NA,NA,NA,NA,NA,NA,NA,NA,NA,NA,NA,NA,0,0,0,0,0,0,0,0,0,0,0,0,0,0,0,0,0,0,0,0,1
273,37,36,36,36,36,13,90,0,0,0,90,54,0,0,90,90,45,0,85,0,61,90,0,13,0,0,0,0,0,2,0,0,10,90,0,23,19,19
274,69,70,69,70,70,90,90,90,0,0,0,0,0,0,0,0,0,0,0,0,0,0,0,0,0,0,0,0,0,0,0,0,0,0,0,0,0,0
275,72,72,72,72,72,31,0,23,90,88,64,79,0,86,90,87,74,73,19,27,0,22,66,64,90,0,45,0,0,90,0,0,1,74,0,17,60,59
276,21,20,20,20,20,0,20,0,73,90,0,72,90,4,0,0,13,0,71,0,0,0,0,0,22,0,0,0,0,0,80,58,0,0,0,0,0,0
277,30,30,30,30,30,68,70,67,66,68,69,0,0,3,22,20,64,70,76,62,90,68,90,90,81,0,90,0,13,14,0,0,0,0,0,0,22,23
278,NA,NA,NA,NA,NA,NA,NA,NA,0,2,0,0,0,0,0,0,0,0,0,0,0,0,0,0,0,0,0,0,0,0,0,0,0,0,0,0,0,0
279,21,22,21,22,21,0,0,0,0,0,0,0,26,84,84,0,0,29,90,64,90,72,61,90,88,0,0,0,0,73,26,77,0,96,11,60,60,60
280,NA,NA,NA,NA,NA,NA,NA,NA,NA,NA,NA,NA,NA,NA,NA,NA,NA,NA,NA,NA,NA,NA,NA,NA,NA,NA,NA,NA,NA,NA,NA,NA,NA,NA,NA,NA,NA,NA
281,53,54,53,54,53,90,90,82,90,90,90,90,90,87,90,90,90,90,0,0,78,88,90,90,90,0,0,0,0,90,90,90,89,90,90,178,131,131
282,12,12,12,12,12,0,0,0,0,14,26,90,16,25,0,0,0,17,19,90,90,90,19,0,0,0,0,0,90,0,10,32,90,16,90,180,86,86
283,27,26,27,27,27,75,73,78,90,90,90,90,0,90,32,90,90,90,90,0,90,90,90,90,45,65,0,6,16,21,90,90,55,0,0,0,0,0
284,42,42,42,42,42,59,70,69,0,0,90,11,90,90,90,90,90,90,90,90,90,64,0,0,0,0,90,0,90,90,90,90,90,90,64,165,120,121
285,NA,NA,NA,NA,NA,NA,NA,NA,NA,NA,NA,NA,NA,NA,NA,NA,NA,NA,NA,NA,NA,NA,NA,NA,NA,NA,NA,NA,NA,NA,NA,NA,NA,NA,NA,NA,NA,NA
286,NA,NA,NA,NA,NA,NA,NA,NA,NA,NA,NA,NA,NA,NA,NA,NA,NA,NA,NA,NA,NA,NA,NA,NA,NA,NA,NA,NA,NA,NA,NA,NA,NA,NA,NA,NA,NA,NA
287,NA,NA,NA,NA,NA,NA,NA,NA,NA,NA,NA,NA,NA,NA,NA,NA,NA,NA,NA,NA,NA,NA,NA,NA,NA,NA,NA,NA,NA,NA,NA,NA,NA,NA,NA,NA,NA,NA
288,NA,NA,NA,NA,NA,NA,NA,NA,NA,NA,NA,NA,NA,NA,NA,NA,NA,NA,NA,NA,NA,NA,NA,NA,NA,NA,NA,NA,NA,NA,NA,NA,NA,NA,NA,NA,NA,NA
289,NA,NA,NA,NA,NA,NA,NA,NA,NA,NA,NA,NA,NA,NA,NA,NA,NA,NA,NA,NA,NA,NA,NA,NA,NA,NA,NA,NA,NA,NA,NA,NA,NA,NA,NA,NA,NA,NA
290,NA,NA,NA,NA,NA,NA,NA,NA,NA,NA,NA,NA,NA,NA,NA,NA,NA,NA,NA,NA,NA,NA,NA,NA,NA,NA,NA,NA,NA,NA,NA,NA,NA,NA,NA,NA,NA,NA
291,NA,NA,NA,NA,NA,NA,NA,NA,NA,NA,NA,NA,NA,NA,NA,NA,NA,NA,NA,NA,NA,NA,NA,NA,NA,NA,NA,NA,NA,NA,NA,NA,NA,NA,NA,NA,NA,NA
292,NA,NA,NA,NA,NA,NA,NA,NA,NA,NA,NA,NA,NA,NA,NA,NA,NA,NA,NA,NA,NA,NA,NA,NA,NA,NA,NA,NA,NA,NA,NA,NA,NA,NA,NA,NA,NA,NA
293,NA,NA,NA,NA,NA,NA,NA,NA,NA,NA,NA,NA,NA,NA,NA,NA,NA,NA,NA,NA,NA,NA,NA,NA,NA,NA,NA,NA,NA,NA,NA,NA,NA,NA,NA,NA,NA,NA
294,NA,NA,NA,NA,NA,NA,NA,NA,NA,NA,NA,NA,NA,NA,NA,NA,NA,NA,NA,NA,NA,NA,NA,NA,NA,NA,NA,NA,NA,NA,NA,NA,NA,NA,NA,NA,NA,NA
295,NA,NA,NA,NA,NA,NA,NA,NA,NA,NA,NA,NA,NA,NA,NA,NA,NA,NA,NA,NA,NA,NA,NA,NA,NA,NA,NA,NA,NA,NA,NA,NA,NA,NA,NA,NA,NA,NA
296,NA,NA,NA,NA,NA,NA,NA,NA,NA,NA,NA,NA,NA,NA,NA,NA,NA,NA,NA,NA,NA,NA,NA,NA,NA,NA,NA,NA,NA,NA,NA,NA,NA,NA,NA,NA,NA,NA
297,NA,NA,NA,NA,NA,NA,NA,NA,NA,NA,NA,NA,NA,NA,NA,NA,NA,NA,NA,NA,NA,NA,NA,NA,NA,NA,NA,NA,NA,NA,NA,NA,NA,NA,NA,NA,NA,NA
298,87,88,87,87,87,90,90,90,90,72,75,90,90,90,90,90,90,90,90,90,90,0,23,90,90,65,90,90,0,45,90,90,90,90,90,90,40,40
299,NA,NA,NA,NA,NA,NA,NA,NA,NA,NA,NA,NA,NA,NA,NA,NA,NA,NA,NA,NA,NA,NA,NA,NA,NA,NA,NA,NA,NA,NA,NA,NA,NA,NA,NA,NA,NA,NA
300,35,34,35,34,34,0,0,0,3,31,9,0,0,36,80,0,36,0,72,67,54,80,90,90,90,90,90,84,74,90,30,83,22,71,89,33,49,49
301,15,16,15,16,15,15,17,12,90,18,90,90,90,74,71,12,0,90,2,90,0,0,0,45,0,25,45,90,90,90,0,0,0,43,0,0,50,50
302,9,8,9,9,9,20,0,0,31,0,0,0,0,0,0,0,0,0,0,0,0,0,0,0,0,0,3,0,1,0,8,7,0,0,1,19,0,0
303,0,0,0,0,0,0,0,0,0,0,0,0,0,0,0,0,0,0,0,0,0,0,0,0,0,0,0,0,0,0,0,0,0,0,0,0,0,0
304,62,62,62,62,62,70,61,61,59,59,45,0,20,45,0,0,19,14,0,0,0,17,30,45,75,0,0,0,1,0,60,20,0,0,0,12,16,16
305,16,16,16,16,16,0,0,0,0,0,0,0,0,0,0,0,0,0,0,0,0,0,0,0,0,0,0,0,0,0,0,0,35,47,90,90,45,45
306,NA,NA,NA,NA,NA,NA,NA,NA,NA,NA,NA,NA,NA,NA,NA,NA,NA,NA,NA,NA,NA,NA,NA,NA,NA,NA,NA,NA,NA,NA,NA,NA,NA,NA,NA,NA,NA,NA
307,0,0,0,0,0,0,0,0,0,0,0,10,0,0,10,90,54,0,0,0,22,10,0,82,15,78,45,90,90,90,82,70,90,90,81,78,76,76
308,29,30,29,29,29,90,90,90,0,0,81,90,70,54,0,0,0,25,72,90,68,73,60,0,0,0,0,0,0,0,0,0,68,19,34,71,88,88
309,90,90,90,90,90,90,90,90,0,90,0,0,0,0,0,0,0,65,88,28,90,90,90,90,90,90,44,0,90,45,0,0,0,0,0,0,45,45
310,NA,NA,NA,NA,NA,NA,NA,NA,NA,NA,NA,NA,NA,NA,NA,NA,NA,NA,NA,NA,NA,NA,NA,NA,NA,NA,NA,NA,NA,NA,NA,NA,NA,NA,NA,NA,NA,NA
311,59,58,58,58,58,8,29,0,90,90,64,90,51,89,90,90,90,76,90,87,0,0,57,76,26,2,25,89,90,77,0,0,0,0,90,82,82,82
312,NA,NA,NA,NA,NA,NA,NA,NA,NA,NA,NA,NA,NA,NA,NA,NA,NA,NA,NA,NA,NA,NA,0,36,64,88,65,18,17,17,34,90,90,90,0,8,51,51
313,87,88,87,87,87,72,90,70,0,4,0,90,90,90,0,19,0,90,25,90,70,90,90,90,90,90,90,90,90,90,90,64,0,0,0,18,7,7
314,49,50,49,50,50,82,61,40,0,0,73,45,79,0,54,0,7,16,67,32,73,76,33,0,0,0,0,0,0,13,56,0,0,0,0,0,6,7
315,39,38,39,39,39,90,90,69,90,84,90,78,42,0,0,0,0,14,23,58,0,0,0,0,0,0,0,0,0,0,0,0,0,29,0,8,20,20
316,21,22,21,21,21,90,90,90,90,90,85,90,90,90,90,90,90,90,0,90,90,72,88,5,0,0,90,90,90,90,90,90,85,90,90,90,90,90
317,3,3,3,3,3,0,0,0,0,4,31,65,64,0,8,67,90,87,0,60,0,0,0,0,18,0,0,0,0,0,0,0,0,0,0,0,0,0
318,87,86,86,86,86,90,90,90,90,90,90,90,39,90,90,90,83,74,90,0,72,75,0,0,0,0,0,0,0,0,0,0,0,0,0,0,0,0
319,NA,NA,NA,NA,NA,NA,6,0,0,8,0,0,18,0,8,0,0,0,0,0,0,0,0,0,0,0,0,0,0,0,12,0,0,0,0,0,1,1
320,7,7,7,7,7,0,0,50,0,0,0,0,0,0,0,0,0,0,0,0,0,0,0,0,0,0,0,0,0,0,0,0,0,0,0,0,0,0
321,0,0,0,0,0,0,0,0,0,0,0,0,0,0,0,0,0,0,0,0,0,0,0,0,0,0,0,0,0,0,0,0,0,0,0,0,0,0
322,49,50,49,50,49,0,14,15,0,12,90,18,90,90,0,90,90,90,0,90,0,0,0,0,0,0,90,0,90,53,0,67,33,0,0,14,10,11
323,NA,NA,NA,NA,NA,NA,NA,NA,NA,NA,NA,NA,NA,NA,NA,NA,NA,NA,NA,NA,NA,NA,0,14,90,84,11,0,0,0,0,0,5,0,90,90,84,83
324,NA,NA,NA,NA,NA,NA,NA,NA,NA,NA,NA,NA,NA,NA,NA,NA,NA,NA,NA,NA,NA,NA,NA,NA,NA,NA,NA,NA,NA,NA,NA,NA,NA,NA,NA,NA,NA,NA
325,NA,NA,NA,NA,NA,NA,NA,NA,NA,NA,NA,NA,NA,NA,NA,NA,NA,NA,NA,NA,NA,NA,NA,NA,NA,NA,NA,NA,NA,NA,NA,NA,NA,NA,NA,NA,NA,NA
326,79,80,79,80,80,90,76,0,90,86,90,90,70,0,27,90,90,15,90,84,89,90,90,90,86,82,90,90,90,90,79,90,89,90,90,45,72,72
327,NA,NA,NA,NA,NA,NA,NA,NA,NA,NA,NA,NA,NA,NA,NA,NA,NA,NA,NA,NA,NA,NA,NA,NA,NA,NA,NA,NA,NA,NA,NA,NA,NA,NA,NA,NA,NA,NA
328,87,88,87,88,88,90,90,90,90,90,90,90,0,0,0,0,0,45,90,0,90,90,90,90,90,90,90,0,90,90,90,90,27,90,90,66,0,0
329,7,7,7,7,7,54,0,0,0,0,0,0,0,90,17,90,27,90,72,12,12,20,8,7,24,90,90,0,21,90,80,7,37,76,9,90,96,96
330,87,86,87,87,87,70,80,81,77,90,79,90,76,90,78,0,90,90,90,90,78,70,71,83,90,84,74,0,0,90,89,83,90,89,84,71,117,117
331,NA,NA,NA,NA,NA,NA,NA,NA,NA,NA,NA,NA,NA,NA,NA,NA,NA,NA,NA,NA,NA,NA,NA,NA,NA,NA,NA,NA,NA,NA,NA,NA,NA,NA,NA,NA,NA,NA
332,90,90,90,90,90,90,90,90,90,90,90,90,90,90,90,90,90,0,90,78,90,90,90,90,90,90,90,0,90,90,90,90,90,90,90,0,90,90
333,NA,NA,NA,NA,NA,NA,NA,NA,NA,NA,NA,NA,NA,NA,NA,NA,NA,NA,NA,NA,NA,NA,NA,NA,NA,NA,NA,NA,NA,NA,NA,NA,NA,NA,NA,NA,NA,NA
334,NA,NA,NA,NA,NA,NA,NA,NA,NA,NA,NA,NA,NA,NA,NA,NA,NA,NA,NA,NA,NA,NA,NA,NA,NA,NA,NA,NA,NA,NA,NA,NA,NA,NA,NA,NA,NA,NA
335,19,20,19,20,20,21,6,67,70,77,70,79,82,49,62,75,0,90,0,90,83,70,19,83,86,75,64,0,90,90,90,87,90,14,81,80,51,51
336,NA,NA,NA,NA,NA,NA,NA,NA,NA,NA,NA,NA,NA,NA,NA,NA,NA,NA,NA,NA,NA,NA,NA,NA,NA,NA,NA,NA,NA,NA,NA,NA,NA,NA,NA,NA,NA,NA
337,63,62,63,63,63,69,88,0,13,13,0,0,14,41,28,88,63,82,83,26,83,20,82,7,19,6,16,0,87,32,10,3,25,1,6,19,98,98
338,29,30,30,30,30,72,12,45,90,90,90,90,90,0,20,90,78,90,64,90,90,71,75,26,14,62,73,0,86,90,45,73,90,109,0,0,30,31
339,0,0,0,0,0,0,0,0,0,0,0,0,0,0,0,0,0,0,0,0,0,0,0,0,0,0,0,0,0,0,0,0,0,0,0,0,12,12
340,39,38,38,38,38,1,1,0,19,65,0,10,0,0,0,79,0,0,20,0,21,30,0,0,0,0,0,0,0,0,0,0,0,0,0,34,0,0
341,0,0,0,0,0,0,0,9,0,0,0,0,0,0,0,0,0,0,0,0,7,0,0,0,0,0,0,0,9,1,1,0,8,0,0,0,0,0
342,NA,NA,NA,NA,NA,NA,NA,NA,NA,NA,NA,NA,NA,NA,NA,NA,NA,NA,NA,NA,NA,NA,NA,NA,NA,NA,NA,NA,NA,NA,NA,NA,NA,NA,NA,NA,NA,NA
343,NA,NA,NA,NA,NA,NA,NA,NA,NA,NA,NA,NA,NA,NA,NA,NA,NA,NA,NA,NA,NA,NA,NA,NA,NA,NA,NA,NA,NA,NA,NA,NA,NA,NA,NA,NA,NA,NA
344,49,49,49,49,49,90,78,69,90,85,87,90,81,88,70,86,90,0,0,0,69,90,75,61,86,28,5,0,0,0,0,17,7,63,70,90,44,45
345,NA,NA,NA,NA,NA,NA,NA,NA,NA,NA,NA,NA,NA,NA,NA,NA,NA,NA,NA,NA,NA,NA,0,0,90,90,90,0,90,90,87,81,90,180,90,66,90,90
346,1,2,2,2,2,0,0,0,0,0,0,0,0,0,0,0,0,17,26,1,0,0,0,0,0,0,0,0,0,0,0,0,0,0,0,0,0,0
347,87,88,87,87,87,90,90,90,0,17,58,90,90,90,90,0,76,90,90,90,90,90,90,90,76,90,90,0,90,90,90,90,90,180,90,90,90,90
348,NA,NA,NA,NA,NA,NA,NA,NA,NA,NA,NA,NA,NA,NA,NA,NA,NA,NA,NA,NA,NA,NA,NA,NA,NA,NA,NA,NA,NA,NA,NA,NA,NA,NA,NA,NA,NA,NA
349,0,0,0,0,0,0,0,0,0,0,0,5,9,11,0,0,0,0,0,38,0,0,0,0,0,0,0,0,4,0,45,0,0,0,0,0,15,15
350,86,86,86,86,86,90,90,90,71,25,90,45,39,79,45,0,14,73,70,52,69,3,15,45,90,90,90,0,86,59,90,90,90,180,90,56,37,37
351,NA,NA,NA,NA,NA,NA,NA,NA,NA,NA,NA,NA,NA,NA,NA,0,0,0,0,0,0,0,0,0,0,0,0,0,0,0,0,0,0,0,0,0,0,0
352,77,77,77,77,77,0,90,90,90,90,90,90,90,90,90,90,90,90,90,90,0,0,90,90,67,87,85,0,90,90,90,87,83,167,90,90,84,84
353,NA,NA,NA,NA,NA,NA,NA,NA,NA,NA,NA,NA,NA,NA,NA,NA,NA,NA,NA,NA,NA,NA,NA,NA,NA,NA,NA,NA,NA,NA,NA,NA,NA,NA,NA,NA,NA,NA
354,0,0,0,0,0,0,0,0,0,0,0,0,0,0,0,0,0,0,0,0,0,0,0,0,0,0,0,0,0,0,0,0,0,0,0,0,0,0
355,61,62,61,62,61,90,90,83,90,82,59,90,90,67,0,0,0,0,0,0,0,0,0,0,0,0,0,0,0,0,0,0,0,0,0,0,0,0
356,3,4,3,4,4,0,0,0,0,0,25,0,0,0,0,0,0,23,25,90,90,90,90,30,90,69,63,90,76,65,90,90,90,45,90,90,58,57
357,90,90,90,90,90,80,90,90,82,90,0,90,90,90,63,90,90,90,90,90,0,0,0,0,61,90,80,20,90,90,90,90,45,45,90,90,68,67
358,NA,NA,NA,NA,NA,NA,NA,NA,NA,NA,NA,NA,NA,NA,NA,NA,NA,NA,NA,NA,NA,NA,NA,NA,NA,NA,NA,NA,NA,NA,NA,NA,NA,NA,NA,NA,NA,NA
359,NA,NA,NA,NA,NA,NA,NA,NA,NA,NA,NA,NA,NA,NA,NA,NA,NA,NA,NA,0,1,19,22,70,72,59,0,0,0,0,0,0,1,45,0,0,0,0
360,25,26,25,26,25,0,0,34,0,0,0,71,0,0,90,89,45,0,0,0,17,0,45,60,0,8,27,0,0,0,0,0,0,0,0,0,0,0
361,77,77,77,77,77,59,14,7,75,71,55,19,20,90,70,23,0,75,86,79,64,71,68,20,0,31,27,70,0,9,66,90,75,71,19,90,88,87
362,1,2,1,1,1,0,0,0,0,0,2,6,0,0,0,0,0,0,0,0,26,32,90,90,90,90,90,90,29,0,0,72,90,90,0,0,90,90
363,71,72,71,72,71,90,90,90,90,90,90,90,90,90,90,90,90,90,90,90,90,90,90,90,90,90,90,90,90,90,90,90,90,90,90,90,90,90
364,NA,NA,NA,NA,NA,NA,NA,NA,NA,NA,NA,NA,NA,NA,NA,NA,NA,NA,NA,NA,NA,NA,NA,NA,NA,NA,NA,NA,NA,NA,NA,NA,NA,NA,NA,NA,NA,NA
365,87,86,86,86,86,90,90,90,90,0,70,90,75,65,90,70,90,0,0,0,0,0,45,69,68,0,17,0,64,67,80,68,0,74,10,0,6,7
366,NA,NA,NA,NA,NA,NA,NA,NA,NA,NA,NA,NA,NA,NA,NA,NA,NA,NA,NA,NA,NA,NA,NA,NA,NA,NA,NA,NA,NA,NA,NA,NA,NA,NA,NA,NA,NA,NA
367,NA,NA,NA,NA,NA,NA,NA,NA,NA,NA,NA,NA,NA,NA,NA,NA,NA,NA,NA,NA,NA,NA,NA,NA,NA,NA,NA,NA,NA,NA,NA,NA,NA,NA,NA,NA,NA,NA
368,NA,NA,NA,NA,NA,NA,NA,NA,NA,NA,NA,NA,NA,NA,NA,NA,NA,NA,NA,NA,NA,NA,NA,NA,NA,NA,NA,NA,NA,NA,NA,NA,NA,NA,NA,NA,NA,NA
369,NA,NA,NA,NA,NA,NA,NA,NA,NA,NA,NA,NA,NA,NA,NA,NA,NA,NA,NA,NA,NA,NA,NA,NA,NA,NA,NA,NA,NA,NA,NA,NA,NA,NA,NA,NA,NA,NA
370,NA,NA,NA,NA,NA,NA,NA,NA,NA,NA,NA,NA,NA,NA,NA,NA,NA,NA,NA,NA,NA,NA,NA,NA,NA,NA,NA,NA,NA,NA,NA,NA,NA,NA,NA,NA,NA,NA
371,NA,NA,NA,NA,NA,NA,NA,NA,NA,NA,NA,NA,NA,NA,NA,NA,NA,NA,NA,NA,NA,NA,NA,NA,NA,NA,NA,NA,NA,NA,NA,NA,NA,NA,NA,NA,NA,NA
372,NA,NA,NA,NA,NA,NA,NA,NA,NA,NA,NA,NA,NA,NA,NA,NA,NA,NA,NA,NA,NA,NA,NA,NA,NA,NA,NA,NA,NA,NA,NA,NA,NA,NA,NA,NA,NA,NA
373,NA,NA,NA,NA,NA,NA,NA,NA,NA,NA,NA,NA,NA,NA,NA,NA,NA,NA,NA,NA,NA,NA,NA,NA,NA,NA,NA,NA,NA,NA,NA,NA,NA,NA,NA,NA,NA,NA
374,0,0,0,0,0,0,0,0,0,0,0,0,0,0,0,0,0,0,0,0,0,0,0,0,0,0,0,0,0,0,0,0,0,0,0,0,0,0
375,NA,NA,NA,NA,NA,NA,NA,NA,NA,NA,NA,NA,NA,NA,NA,NA,NA,NA,NA,NA,NA,NA,NA,NA,NA,NA,NA,NA,NA,NA,NA,NA,NA,NA,NA,NA,NA,NA
376,NA,NA,NA,NA,NA,NA,NA,NA,NA,NA,NA,NA,NA,NA,NA,NA,NA,NA,NA,NA,NA,NA,NA,NA,NA,NA,NA,NA,NA,NA,NA,NA,NA,NA,NA,NA,NA,NA
377,NA,NA,NA,NA,NA,NA,NA,NA,NA,NA,NA,NA,NA,NA,NA,NA,NA,NA,NA,NA,NA,NA,NA,NA,NA,NA,NA,NA,NA,NA,NA,NA,NA,NA,NA,NA,NA,NA
378,NA,NA,NA,NA,NA,NA,NA,NA,NA,NA,NA,NA,NA,NA,NA,NA,NA,NA,NA,NA,NA,NA,NA,NA,NA,NA,NA,NA,NA,NA,NA,NA,NA,NA,NA,NA,NA,NA
379,NA,NA,NA,NA,NA,NA,NA,NA,NA,NA,NA,NA,NA,NA,NA,NA,NA,NA,NA,NA,NA,NA,NA,NA,NA,NA,NA,NA,NA,NA,NA,NA,NA,NA,NA,NA,NA,NA
380,63,62,63,63,63,61,65,73,0,19,0,77,90,72,90,73,71,90,90,8,76,45,76,0,45,90,90,0,90,0,29,77,90,90,90,90,120,121
381,59,58,59,58,59,90,90,90,4,0,0,90,90,90,90,90,90,90,90,90,0,0,0,0,21,22,0,0,0,18,0,90,0,0,0,0,72,73
382,NA,NA,NA,NA,NA,NA,NA,NA,NA,NA,NA,NA,NA,NA,NA,NA,NA,NA,NA,NA,NA,NA,NA,NA,NA,NA,NA,NA,NA,NA,NA,NA,NA,NA,NA,NA,NA,NA
383,15,14,15,14,15,45,25,0,10,0,24,23,15,18,3,0,19,64,79,17,20,90,66,45,90,11,21,0,0,86,61,60,16,1,0,13,27,27
384,NA,NA,NA,NA,NA,NA,NA,NA,NA,NA,NA,NA,NA,NA,NA,NA,NA,NA,NA,NA,NA,NA,NA,NA,NA,NA,NA,NA,NA,NA,NA,NA,NA,NA,NA,NA,NA,NA
385,NA,NA,NA,NA,NA,NA,NA,NA,NA,NA,NA,NA,NA,NA,NA,NA,NA,NA,NA,NA,NA,NA,NA,NA,NA,NA,NA,NA,NA,NA,NA,NA,NA,NA,NA,NA,NA,NA
386,89,88,89,89,89,45,90,24,90,71,90,90,67,72,90,90,79,27,69,70,0,0,90,90,90,79,82,0,86,90,90,30,74,90,80,77,135,135
387,11,10,11,10,10,0,0,0,0,0,0,0,0,0,0,0,0,0,0,82,90,45,0,0,0,0,0,0,0,0,0,0,0,0,0,0,0,0
388,31,31,31,31,31,0,0,66,80,67,66,13,23,18,0,17,11,0,0,20,70,28,24,45,0,0,0,0,15,0,0,30,0,0,0,0,6,7
389,NA,NA,NA,NA,NA,NA,NA,NA,NA,NA,NA,NA,NA,NA,NA,NA,NA,NA,NA,0,90,90,90,90,90,90,90,0,90,90,81,0,90,90,90,90,135,135
390,NA,NA,NA,NA,NA,NA,NA,NA,NA,NA,NA,NA,NA,NA,NA,NA,NA,NA,NA,NA,NA,NA,NA,NA,NA,NA,NA,NA,NA,NA,NA,NA,NA,NA,NA,NA,NA,NA
391,NA,NA,NA,NA,NA,NA,NA,NA,NA,NA,NA,NA,NA,NA,NA,NA,NA,NA,NA,NA,NA,NA,NA,NA,NA,NA,NA,NA,NA,NA,NA,NA,NA,NA,NA,NA,NA,NA
392,5,4,4,4,4,17,6,90,90,90,90,77,90,90,0,0,9,22,90,90,90,69,90,66,14,90,90,90,90,90,90,90,90,90,90,90,90,90
393,47,48,48,48,48,0,20,9,17,76,20,8,74,90,68,70,13,0,14,63,31,0,71,90,81,0,90,0,90,0,10,22,90,0,90,118,0,0
394,65,64,65,64,65,73,90,90,87,88,86,90,33,0,0,0,0,0,0,0,30,56,74,90,76,90,79,59,72,73,64,45,90,90,12,90,89,89
395,3,2,3,2,3,17,0,0,0,0,0,0,0,0,0,0,0,0,0,0,0,0,0,0,0,0,0,0,0,0,0,0,0,7,0,4,1,1
396,90,90,90,90,90,73,90,90,90,90,90,90,90,90,90,90,90,90,63,0,90,90,90,90,90,0,0,0,0,0,0,0,0,0,0,0,0,0
397,85,84,85,84,84,68,22,31,78,75,70,0,0,22,90,81,81,68,90,90,90,90,89,82,90,65,90,90,90,0,0,0,0,0,74,22,89,89
398,19,20,20,20,20,0,0,0,3,0,90,0,4,90,0,9,1,0,2,11,0,0,0,90,81,83,1,12,2,90,90,0,90,90,90,68,8,8
399,71,72,71,72,71,90,90,90,90,90,62,90,90,68,90,90,90,90,88,90,0,0,16,90,90,65,90,90,90,56,0,0,0,0,0,0,0,0
400,NA,NA,NA,NA,NA,NA,NA,NA,NA,NA,NA,NA,NA,NA,NA,NA,NA,NA,NA,NA,NA,NA,NA,NA,NA,NA,NA,NA,NA,NA,NA,NA,NA,NA,NA,NA,NA,NA
401,0,0,0,0,0,0,0,0,0,0,0,0,0,0,0,0,0,0,0,0,0,0,0,0,0,0,0,0,0,0,0,0,0,0,0,0,0,0
402,87,86,86,86,86,90,84,0,12,15,28,90,90,90,90,86,90,90,90,72,90,90,90,0,90,90,90,90,90,90,90,90,90,90,90,86,90,90
403,NA,NA,NA,NA,NA,NA,NA,NA,NA,NA,NA,NA,1,0,0,0,0,0,0,0,0,0,0,0,0,7,0,31,0,0,0,45,0,0,0,0,1,1
404,NA,NA,NA,NA,NA,NA,NA,NA,NA,NA,NA,NA,NA,NA,NA,NA,NA,NA,NA,NA,NA,NA,NA,NA,NA,NA,NA,NA,NA,NA,NA,NA,NA,NA,NA,NA,NA,NA
405,67,66,67,66,67,90,90,90,90,82,90,24,0,90,90,90,90,86,90,45,90,89,79,90,90,0,124,0,90,88,90,72,80,0,0,67,120,121
406,86,86,86,86,86,80,0,90,45,23,90,90,13,90,90,88,83,90,90,90,90,90,66,77,90,0,103,0,90,90,78,0,90,90,90,90,130,131
407,6,6,6,6,6,0,0,0,0,0,0,0,0,0,0,0,0,0,0,0,0,1,11,0,0,0,2,0,0,0,90,90,0,0,0,0,0,0
408,NA,NA,NA,NA,NA,NA,NA,NA,NA,NA,NA,NA,NA,NA,NA,NA,NA,NA,NA,NA,NA,NA,NA,NA,NA,NA,NA,NA,NA,NA,NA,NA,NA,NA,NA,NA,NA,NA
409,90,90,90,90,90,90,90,90,90,90,90,90,90,90,0,0,0,90,90,31,0,0,24,90,90,0,180,0,90,90,90,0,90,90,90,90,135,135
410,9,8,8,8,8,23,52,0,0,90,0,5,90,0,90,47,90,4,0,0,0,0,0,1,0,0,0,0,8,0,0,17,0,0,0,0,5,5
411,NA,NA,NA,NA,NA,NA,NA,NA,NA,NA,NA,NA,NA,NA,NA,NA,NA,NA,NA,NA,NA,NA,NA,NA,NA,NA,NA,NA,NA,NA,NA,NA,NA,NA,NA,NA,NA,NA
412,15,14,14,14,14,67,38,89,90,90,74,0,0,75,67,43,0,0,0,0,0,0,0,0,0,0,0,0,0,0,0,0,0,0,0,0,0,0
413,65,66,66,66,66,0,0,20,1,67,16,66,77,0,23,80,0,56,0,0,0,0,0,0,1,0,9,0,0,0,6,25,0,0,1,0,0,0
414,10,10,10,10,10,0,4,70,89,0,0,0,34,68,0,2,75,0,0,0,0,90,90,90,90,0,178,0,82,90,84,65,85,79,42,83,120,121
415,83,84,84,84,84,90,86,90,90,76,0,90,56,0,33,90,90,90,90,88,90,81,72,82,90,0,81,0,90,45,12,90,5,85,41,90,38,39
416,0,0,0,0,0,0,0,0,0,0,0,90,90,15,33,90,90,90,88,90,90,90,90,90,69,0,152,0,64,45,0,73,90,90,0,90,116,116
417,0,0,0,0,0,0,0,0,0,0,0,0,0,0,0,0,0,0,0,0,0,0,0,0,0,0,0,0,0,0,0,0,0,0,0,0,0,0
418,0,0,0,0,0,13,0,0,0,0,90,90,0,90,90,90,90,90,0,90,45,0,45,0,0,0,69,0,90,90,64,0,31,91,90,90,82,81
419,90,90,90,90,90,0,0,90,45,18,90,0,6,6,1,0,7,7,63,0,15,55,0,14,19,0,21,0,90,90,90,90,90,173,0,0,37,37
420,29,28,29,29,29,90,83,90,90,67,0,90,90,90,90,90,90,83,90,90,90,90,90,90,90,0,0,0,0,0,90,90,90,180,90,62,23,23
421,9,9,9,9,9,77,66,0,64,72,10,0,84,0,0,21,76,61,0,57,0,18,0,0,2,0,21,0,79,90,90,63,59,80,90,30,52,53
422,55,54,54,54,54,0,24,0,26,0,0,62,0,82,71,0,0,17,90,0,64,0,0,0,80,0,90,0,11,90,0,13,0,158,90,90,112,112
423,49,50,49,50,50,86,66,0,45,72,80,84,64,0,0,69,0,73,27,45,26,66,29,76,71,0,90,0,68,0,0,0,0,0,0,83,73,73
424,83,83,83,83,83,90,90,90,90,90,90,90,90,0,90,15,90,90,18,90,90,90,90,90,66,15,26,0,81,58,45,90,65,90,90,90,45,45
425,NA,NA,NA,NA,NA,NA,NA,NA,NA,NA,NA,NA,NA,NA,NA,NA,NA,NA,NA,NA,NA,NA,NA,NA,NA,NA,NA,NA,NA,NA,NA,NA,NA,NA,0,7,45,45
426,0,0,0,0,0,0,0,0,0,0,0,0,0,0,0,0,0,0,0,0,0,0,0,0,0,0,0,0,0,0,0,0,0,0,0,0,0,0
427,72,72,72,72,72,90,90,90,90,90,90,90,90,90,90,90,90,90,90,90,90,90,90,90,90,0,90,0,0,0,45,90,90,89,0,0,22,22
428,77,78,78,78,78,78,90,81,90,90,90,90,90,90,77,90,90,90,90,90,78,90,90,90,90,0,45,0,77,90,90,90,89,90,90,180,116,117
429,11,10,11,10,11,4,0,90,0,0,90,0,0,0,0,0,0,0,0,0,0,0,0,8,0,0,0,0,90,90,64,0,90,91,90,0,0,0
430,NA,NA,NA,NA,NA,NA,NA,NA,NA,NA,NA,NA,NA,NA,NA,NA,NA,NA,NA,NA,NA,NA,NA,NA,NA,NA,NA,NA,NA,NA,NA,NA,NA,NA,NA,NA,NA,NA
431,NA,NA,NA,NA,NA,NA,NA,NA,NA,NA,NA,NA,NA,NA,NA,NA,NA,NA,NA,NA,NA,NA,NA,NA,NA,NA,NA,NA,NA,NA,NA,NA,NA,NA,NA,NA,NA,NA
432,NA,NA,NA,NA,NA,NA,NA,NA,NA,NA,NA,NA,NA,NA,NA,NA,NA,NA,NA,NA,NA,NA,NA,NA,NA,NA,NA,NA,NA,NA,NA,NA,NA,NA,NA,NA,NA,NA
433,NA,NA,NA,NA,NA,NA,NA,NA,NA,NA,NA,NA,NA,NA,NA,NA,NA,NA,NA,NA,NA,NA,NA,NA,NA,NA,NA,NA,NA,NA,NA,NA,NA,NA,NA,NA,NA,NA
434,0,0,0,0,0,0,0,0,0,0,0,0,0,0,0,0,0,0,0,0,0,0,0,0,0,0,0,0,0,0,0,0,0,0,0,0,0,0
435,NA,NA,NA,NA,NA,NA,NA,NA,NA,NA,NA,NA,NA,NA,NA,NA,NA,NA,NA,NA,NA,NA,NA,NA,NA,NA,NA,NA,NA,NA,NA,NA,NA,NA,NA,NA,NA,NA
436,NA,NA,NA,NA,NA,NA,NA,NA,NA,NA,NA,NA,NA,NA,NA,NA,NA,NA,NA,NA,NA,NA,NA,NA,NA,NA,NA,NA,NA,NA,NA,NA,NA,NA,NA,NA,NA,NA
437,0,0,0,0,0,16,0,0,0,0,0,0,0,0,0,0,0,0,0,0,0,0,0,0,0,0,0,0,0,0,0,0,0,0,0,0,37,37
438,NA,NA,NA,NA,NA,NA,NA,NA,NA,NA,NA,NA,NA,NA,NA,NA,NA,NA,NA,NA,NA,NA,NA,NA,NA,NA,NA,NA,NA,NA,NA,NA,NA,NA,NA,NA,NA,NA
439,NA,NA,NA,NA,NA,NA,NA,NA,NA,NA,NA,NA,NA,NA,NA,NA,NA,NA,NA,NA,NA,NA,NA,NA,NA,NA,NA,NA,NA,NA,NA,NA,NA,NA,NA,NA,NA,NA
440,NA,NA,NA,NA,NA,NA,NA,NA,NA,NA,NA,NA,NA,NA,NA,NA,NA,NA,NA,NA,NA,NA,NA,NA,NA,NA,NA,NA,NA,NA,NA,NA,NA,NA,NA,NA,NA,NA
441,NA,NA,NA,NA,NA,NA,NA,NA,NA,NA,NA,NA,NA,NA,NA,NA,NA,NA,NA,NA,NA,NA,NA,NA,NA,NA,NA,NA,NA,NA,NA,NA,NA,NA,NA,NA,NA,NA
442,NA,NA,NA,NA,NA,NA,NA,NA,NA,NA,NA,NA,NA,NA,NA,NA,NA,NA,NA,NA,NA,NA,NA,NA,NA,NA,NA,NA,NA,NA,NA,NA,NA,NA,NA,NA,NA,NA
443,0,0,0,0,0,0,0,0,21,30,25,65,0,75,72,90,61,71,90,24,0,0,35,62,0,0,13,0,22,28,0,0,31,67,57,80,42,43
444,39,40,39,39,39,0,0,90,66,60,76,0,12,0,84,0,90,0,0,77,0,18,75,0,0,0,4,0,0,0,0,84,0,0,0,0,45,45
445,85,86,85,85,85,90,90,90,90,90,90,90,0,0,18,90,45,71,90,0,0,0,90,90,90,0,90,0,90,90,86,0,90,90,90,180,98,99
446,54,54,54,54,54,90,90,0,24,13,0,77,90,58,0,0,90,19,51,0,90,72,0,0,9,0,0,0,0,0,4,90,90,0,0,0,36,37
447,NA,NA,NA,NA,NA,NA,NA,NA,NA,NA,NA,NA,NA,NA,NA,NA,NA,NA,NA,NA,NA,NA,NA,NA,NA,NA,NA,NA,NA,NA,NA,NA,NA,NA,NA,NA,NA,NA
448,75,74,74,74,74,90,90,90,90,90,90,90,90,90,90,90,0,90,90,90,90,90,90,90,90,0,90,0,90,90,90,0,0,90,90,180,135,135
449,90,90,90,90,90,90,90,87,90,90,76,90,78,90,45,65,90,56,0,90,79,90,75,45,90,0,90,0,79,90,89,70,90,23,86,100,112,113
450,NA,NA,NA,NA,NA,NA,NA,NA,NA,NA,NA,NA,83,32,0,0,0,0,17,0,11,0,15,0,0,0,0,0,0,0,0,20,0,0,33,0,0,0
451,81,81,81,81,81,79,70,90,69,77,65,0,0,0,45,25,29,19,73,66,67,90,55,0,81,0,86,0,68,79,90,90,90,90,90,169,77,77
452,15,14,15,15,15,11,8,3,8,0,14,0,90,90,90,90,0,90,16,90,90,90,0,90,90,0,77,0,90,62,90,70,59,81,0,159,80,81
453,4,4,4,4,4,5,0,26,0,90,90,90,90,86,80,87,8,0,90,83,67,62,90,57,78,59,0,0,0,21,90,54,57,0,11,0,0,0
454,0,0,0,0,0,0,0,0,0,0,0,0,0,0,0,0,0,16,61,23,23,28,90,68,12,31,26,0,0,0,6,0,0,0,0,0,0,0
455,75,74,75,74,75,85,90,74,90,90,90,90,0,30,90,90,90,90,90,90,90,90,66,90,90,90,174,0,90,90,84,26,0,90,69,90,74,75
456,NA,NA,NA,NA,NA,NA,NA,NA,NA,NA,NA,NA,NA,NA,NA,NA,NA,NA,NA,NA,NA,NA,NA,NA,NA,NA,NA,NA,NA,NA,NA,NA,NA,NA,NA,NA,NA,NA
457,55,54,54,54,54,0,0,0,0,0,20,72,0,0,0,0,82,0,30,0,0,0,0,0,0,0,0,0,0,0,0,0,0,0,0,0,0,0
458,NA,NA,NA,NA,NA,NA,NA,NA,NA,NA,NA,NA,NA,NA,NA,NA,NA,NA,NA,NA,NA,NA,NA,NA,NA,NA,NA,NA,NA,NA,NA,NA,NA,NA,NA,NA,NA,NA
459,87,86,86,86,86,90,90,90,90,50,90,90,63,90,90,90,90,90,90,90,90,90,90,90,90,90,80,90,90,90,90,65,90,0,22,90,135,135
460,61,62,61,62,62,0,0,0,0,0,0,0,90,90,90,0,90,90,29,0,0,3,0,0,0,0,6,0,0,0,0,0,0,0,0,0,0,0
461,0,0,0,0,0,0,0,0,0,0,0,0,0,0,0,0,0,0,0,0,0,0,0,0,0,0,0,0,0,0,0,0,0,0,0,0,0,0
462,NA,NA,NA,NA,NA,NA,NA,NA,NA,NA,NA,NA,NA,NA,NA,NA,NA,NA,NA,NA,NA,NA,NA,NA,NA,NA,NA,NA,NA,NA,NA,NA,NA,NA,NA,NA,NA,NA
463,18,18,18,18,18,87,89,90,90,25,0,90,90,60,85,56,0,0,60,0,88,72,0,0,0,0,0,0,0,0,0,90,87,90,90,90,90,90
464,3,4,3,3,3,0,0,0,0,65,83,0,0,0,10,0,1,25,0,0,0,0,0,0,81,90,180,0,90,90,0,10,0,14,0,0,50,50
465,85,86,85,85,85,90,90,90,90,90,70,0,0,4,0,90,90,65,0,7,90,90,90,90,90,81,102,0,0,69,0,23,0,0,79,90,90,90
466,7,6,7,7,7,0,0,0,0,31,62,60,17,28,62,22,45,74,64,2,0,0,0,0,0,26,27,33,90,90,90,85,90,90,68,83,83,83
467,75,76,75,76,75,18,29,82,90,61,45,80,79,70,76,27,58,0,53,0,0,0,0,0,0,0,0,0,0,0,0,0,0,0,0,0,0,0
468,11,12,12,12,12,78,62,59,90,0,69,0,0,0,90,71,69,90,65,0,0,0,0,0,0,0,0,0,0,0,0,0,0,84,64,72,70,71
469,1,0,0,0,0,0,0,0,0,0,0,0,0,0,0,0,0,0,0,0,0,90,90,74,90,75,90,90,90,90,90,45,24,90,90,90,90,90
470,89,88,89,88,88,90,80,90,90,90,90,90,90,90,90,65,90,77,35,90,90,90,90,90,90,0,90,90,90,90,90,57,90,90,90,90,90,90
471,1,2,1,1,1,0,0,0,0,0,0,10,0,0,0,0,0,21,90,11,54,0,0,16,6,0,0,0,0,0,0,0,0,0,0,0,0,0
472,85,86,85,86,85,90,71,90,0,90,21,90,90,90,0,0,21,0,37,22,36,90,71,90,90,90,90,90,90,90,90,90,90,19,30,16,52,52
473,0,0,0,0,0,0,19,0,0,0,0,86,90,45,90,90,90,45,0,68,0,1,0,0,0,0,0,0,0,0,0,0,66,0,0,0,0,0
474,42,42,42,42,42,18,28,20,90,86,90,4,0,0,0,0,0,0,90,90,90,0,19,0,0,0,0,0,66,0,19,0,90,71,60,74,38,38
475,23,24,23,24,23,45,0,17,86,90,90,0,90,90,90,90,90,63,0,90,0,0,0,45,0,0,0,0,0,0,9,90,63,0,10,24,78,79
476,NA,NA,NA,NA,NA,NA,NA,NA,NA,NA,NA,NA,NA,NA,NA,NA,NA,NA,NA,NA,NA,NA,NA,NA,NA,NA,NA,NA,NA,NA,NA,NA,NA,NA,NA,NA,NA,NA
477,24,24,24,24,24,0,0,0,0,0,45,0,5,62,14,63,14,24,0,0,0,0,0,0,0,0,0,0,0,0,0,26,0,0,7,0,0,0
478,NA,NA,NA,NA,NA,NA,NA,NA,NA,NA,NA,NA,NA,NA,NA,NA,NA,NA,NA,NA,0,0,31,26,2,10,72,20,35,90,1,45,57,0,0,0,14,13
479,39,40,39,40,40,72,61,90,67,90,45,90,65,20,90,90,76,90,0,79,90,90,59,64,82,80,0,70,24,0,90,45,0,0,0,0,0,0
480,NA,NA,NA,NA,NA,NA,NA,NA,NA,NA,NA,NA,NA,NA,NA,NA,NA,NA,NA,NA,NA,NA,NA,NA,NA,NA,NA,NA,NA,NA,NA,NA,NA,NA,NA,NA,NA,NA
481,77,76,77,76,77,90,85,90,71,82,0,23,72,90,90,61,72,90,60,85,90,90,90,87,90,90,90,0,90,90,90,90,83,90,90,90,126,126
482,15,14,15,14,15,0,0,26,90,90,90,71,82,82,66,0,62,81,0,73,82,77,84,90,76,90,77,0,90,47,90,74,90,45,12,24,61,61
483,81,80,80,80,80,0,19,31,90,90,90,90,90,90,0,90,90,90,90,90,90,90,90,90,90,90,90,0,90,90,90,90,90,90,90,90,126,126
484,65,64,65,65,65,89,90,90,90,90,90,90,90,90,82,90,90,90,90,90,90,90,90,90,67,90,86,0,85,90,90,90,86,90,90,90,90,90
485,65,64,65,64,65,21,90,71,90,0,0,0,0,0,0,0,0,0,0,0,0,0,0,0,0,0,0,0,0,0,0,0,0,0,0,0,0,0
486,NA,NA,NA,NA,NA,NA,NA,NA,NA,NA,NA,NA,NA,NA,NA,NA,NA,NA,NA,NA,NA,NA,NA,NA,NA,NA,NA,NA,NA,NA,NA,NA,NA,NA,NA,NA,NA,NA
487,NA,NA,NA,NA,NA,NA,NA,NA,NA,NA,NA,NA,NA,NA,NA,NA,NA,NA,NA,NA,NA,NA,NA,NA,NA,NA,NA,NA,NA,NA,NA,NA,NA,NA,NA,NA,NA,NA
488,21,20,21,20,21,69,71,64,19,0,0,0,0,20,34,84,28,73,0,5,0,13,18,10,14,0,4,0,0,44,60,16,7,45,1,0,54,53
489,36,36,36,36,36,90,89,19,61,90,88,19,64,70,56,17,18,17,90,1,1,45,72,80,81,5,0,0,74,18,90,87,90,45,78,90,119,119
490,83,82,83,83,83,90,90,90,90,86,90,90,90,90,90,90,90,90,90,90,90,90,90,90,90,90,90,0,90,43,0,0,12,45,90,72,135,135
491,1,0,0,0,0,5,0,0,0,4,2,90,26,8,24,29,90,9,30,17,8,26,0,3,23,25,13,0,16,45,0,0,0,0,0,0,0,0
492,59,60,59,59,59,57,90,71,28,84,90,86,77,90,90,90,90,90,74,0,0,0,0,0,0,0,0,0,28,52,68,69,63,66,84,90,84,84
493,85,84,85,84,85,90,90,90,90,90,60,90,90,0,90,0,90,13,0,45,76,0,62,64,0,90,90,0,45,0,0,0,2,0,0,0,125,125
494,0,0,0,0,0,0,0,0,0,0,0,0,0,0,0,0,0,0,0,0,0,0,0,0,0,0,0,0,0,0,0,0,0,0,0,0,0,0
495,87,86,87,87,87,90,78,90,77,90,90,90,90,90,90,90,90,90,78,90,90,90,90,90,90,90,69,0,90,90,90,0,90,90,72,66,130,130
496,NA,NA,NA,NA,NA,NA,NA,NA,NA,NA,NA,NA,NA,NA,NA,NA,NA,NA,NA,NA,NA,NA,NA,NA,NA,NA,NA,NA,NA,NA,NA,NA,NA,NA,NA,NA,NA,NA
497,0,0,0,0,0,0,2,23,20,0,0,11,0,6,0,2,0,8,7,0,0,0,0,0,0,0,0,0,0,0,0,0,0,0,0,10,39,39
498,1,2,1,2,1,36,90,90,8,19,90,0,0,64,0,0,0,3,0,0,14,90,90,90,90,90,90,0,79,90,90,90,88,90,90,90,90,90
499,39,38,38,38,38,31,0,56,15,0,0,25,26,26,90,0,0,0,0,0,0,0,0,0,0,0,0,0,0,0,0,0,0,0,0,0,0,0
500,1,2,1,2,1,0,0,0,0,0,0,0,0,0,0,0,0,0,90,90,90,87,28,26,0,37,2,0,45,90,90,58,90,72,90,90,135,135
501,NA,NA,NA,NA,NA,NA,NA,NA,NA,NA,NA,NA,NA,NA,NA,NA,NA,NA,NA,NA,NA,NA,NA,NA,NA,NA,NA,NA,NA,NA,NA,NA,NA,NA,NA,NA,NA,NA
502,NA,NA,NA,NA,NA,NA,NA,NA,NA,NA,NA,NA,NA,NA,NA,NA,NA,NA,NA,NA,NA,NA,NA,NA,NA,NA,NA,NA,NA,NA,NA,NA,NA,NA,NA,NA,NA,NA
503,21,22,21,22,22,90,90,90,90,90,90,90,90,90,56,0,90,85,67,90,0,0,90,90,90,90,90,0,17,30,90,90,90,90,90,90,88,89
504,45,45,45,45,45,74,90,90,90,90,85,90,90,83,0,29,0,0,0,0,0,0,0,0,0,0,0,0,0,0,0,0,0,0,0,0,0,0
505,NA,NA,NA,NA,NA,NA,NA,NA,NA,NA,NA,NA,NA,NA,NA,NA,NA,NA,NA,NA,NA,NA,NA,NA,NA,NA,NA,NA,NA,NA,NA,NA,NA,NA,NA,NA,NA,NA
506,NA,NA,NA,NA,NA,NA,NA,NA,NA,NA,NA,NA,NA,NA,NA,NA,NA,NA,0,0,0,0,0,0,0,0,0,0,0,0,0,0,0,0,0,0,0,0
507,7,8,7,8,7,33,33,88,0,0,0,0,0,0,0,31,35,0,0,0,0,0,21,10,8,9,21,0,11,38,12,90,0,24,18,0,0,0
508,3,2,3,2,2,0,0,2,0,0,30,0,0,0,10,0,0,0,0,0,0,0,0,0,0,0,0,0,0,0,0,0,0,0,0,0,0,0
509,89,88,89,89,89,54,90,90,90,90,65,0,90,90,90,0,45,67,65,6,73,58,0,79,4,0,63,83,61,24,90,18,15,45,0,64,28,28
510,0,0,0,0,0,0,0,22,45,90,90,90,90,79,83,90,90,90,90,90,53,90,90,90,90,90,90,16,71,90,90,38,90,0,90,90,135,135
511,NA,NA,NA,NA,NA,NA,NA,NA,NA,NA,NA,NA,NA,NA,NA,NA,NA,NA,NA,NA,NA,NA,NA,NA,NA,NA,NA,NA,NA,NA,NA,NA,NA,NA,NA,NA,NA,NA
512,33,32,33,33,33,90,90,87,90,86,0,0,12,16,13,70,81,61,52,61,61,80,58,65,52,87,62,90,89,66,90,90,60,0,90,0,61,61
513,33,33,33,33,33,0,0,0,0,0,0,0,0,0,0,0,0,0,0,0,1,0,0,2,0,3,0,0,1,0,0,0,0,0,0,53,25,25
514,NA,NA,NA,NA,NA,NA,NA,NA,NA,NA,NA,NA,NA,NA,NA,0,0,0,0,0,0,0,0,0,0,0,0,0,0,0,0,0,0,0,0,0,0,0
515,NA,NA,NA,NA,NA,NA,NA,NA,NA,NA,NA,NA,NA,NA,NA,NA,NA,NA,NA,NA,NA,NA,NA,NA,NA,NA,NA,NA,NA,NA,NA,NA,NA,NA,NA,NA,NA,NA
516,9,8,9,8,9,3,0,0,0,40,0,0,0,0,0,0,9,0,0,0,0,0,0,0,0,0,10,0,0,0,0,0,0,0,12,0,0,1
517,79,80,80,80,80,90,90,90,90,90,90,90,90,61,90,73,68,73,90,90,5,19,0,90,90,90,90,90,90,90,60,90,90,0,90,90,116,116
518,40,40,40,40,40,76,72,90,64,90,0,16,27,11,13,20,0,29,45,4,37,10,32,25,0,37,28,74,90,56,45,29,27,0,31,90,54,55
519,5,4,4,4,4,13,1,0,40,40,90,82,78,74,77,76,17,0,38,90,90,71,90,88,78,72,90,12,0,34,35,90,30,0,78,37,54,55
520,85,84,85,85,85,87,90,68,50,0,82,74,82,90,77,90,80,90,90,90,89,90,90,86,66,0,0,0,0,0,45,61,90,0,0,0,0,0
521,89,88,88,88,88,77,90,90,45,0,90,90,90,90,90,90,90,90,90,90,90,90,90,0,12,18,0,78,19,24,0,0,63,0,68,3,110,110
522,83,82,82,82,82,90,90,90,62,90,90,90,90,0,90,90,90,83,90,90,88,90,90,90,90,85,0,90,90,0,45,39,0,0,0,0,0,0
523,89,90,89,90,89,90,76,90,90,86,0,90,81,70,90,22,0,0,0,90,90,87,88,90,90,90,64,0,90,90,90,90,90,83,90,89,40,40
524,0,0,0,0,0,0,0,0,0,0,0,0,0,0,0,0,0,0,0,0,0,0,0,0,0,0,0,0,0,0,0,0,0,0,0,0,0,0
525,9,9,9,9,9,45,0,0,28,13,2,0,1,0,0,0,0,7,26,14,90,82,63,90,90,90,63,57,0,90,0,20,0,0,0,0,63,63
526,0,0,0,0,0,9,0,13,90,70,29,30,0,62,13,0,45,16,13,9,4,37,27,0,4,1,14,0,24,25,11,5,90,90,90,1,90,90
527,NA,NA,NA,NA,NA,NA,NA,NA,NA,NA,NA,NA,NA,NA,NA,NA,NA,NA,NA,NA,NA,NA,NA,NA,NA,NA,NA,NA,NA,NA,NA,NA,NA,NA,NA,NA,NA,NA
528,NA,NA,NA,NA,NA,NA,NA,NA,NA,NA,NA,NA,NA,NA,NA,NA,NA,NA,NA,NA,NA,NA,NA,NA,NA,NA,NA,NA,NA,NA,NA,NA,NA,NA,NA,NA,NA,NA
529,NA,NA,NA,NA,NA,NA,NA,NA,NA,NA,NA,NA,NA,NA,NA,NA,NA,NA,NA,NA,NA,NA,NA,NA,NA,NA,NA,NA,NA,NA,NA,NA,NA,NA,NA,NA,NA,NA
530,90,90,90,90,90,90,90,90,90,90,90,90,90,0,0,90,90,90,77,81,0,0,0,70,90,90,90,77,90,90,90,90,90,78,90,90,0,0
531,43,42,42,42,42,45,18,87,83,77,61,90,73,90,77,68,45,0,34,88,86,90,90,35,90,90,90,90,90,90,90,90,90,90,90,90,90,90
532,NA,NA,NA,NA,NA,NA,NA,NA,NA,NA,NA,NA,NA,NA,NA,NA,NA,NA,NA,NA,NA,NA,NA,NA,NA,NA,NA,NA,NA,NA,NA,NA,NA,0,0,0,0,0
533,77,76,77,76,77,81,72,90,90,90,90,0,90,72,90,88,90,90,56,0,90,53,90,90,90,90,76,57,0,0,79,90,0,0,22,90,0,0
534,1,0,1,0,0,0,90,90,90,59,88,90,90,90,90,90,45,0,0,90,90,90,63,90,90,90,90,90,66,0,0,0,0,0,0,0,0,0
535,NA,NA,NA,NA,NA,NA,NA,NA,NA,NA,NA,NA,NA,NA,0,0,0,0,0,0,0,0,0,0,0,0,0,0,0,0,0,0,0,0,0,0,0,0
536,81,82,81,82,81,90,90,90,90,0,65,90,90,90,90,83,90,90,90,90,75,0,27,90,86,64,90,33,73,65,45,70,80,0,11,7,48,49
537,NA,NA,NA,NA,NA,NA,NA,NA,NA,NA,NA,NA,NA,NA,NA,NA,NA,NA,NA,NA,NA,NA,NA,NA,NA,NA,NA,NA,NA,NA,NA,NA,NA,NA,NA,NA,NA,NA
538,NA,NA,NA,NA,NA,NA,NA,NA,NA,NA,NA,NA,NA,NA,NA,NA,NA,NA,NA,NA,NA,NA,NA,NA,NA,NA,NA,NA,NA,NA,NA,NA,NA,NA,NA,NA,NA,NA
539,NA,NA,NA,NA,NA,NA,NA,NA,NA,NA,NA,NA,NA,NA,NA,NA,NA,NA,NA,NA,NA,NA,NA,NA,NA,NA,NA,NA,NA,NA,NA,NA,NA,NA,NA,NA,NA,NA
540,13,12,13,13,13,0,0,0,24,0,0,0,0,0,0,3,0,20,71,28,12,0,24,0,9,0,17,0,0,0,0,0,0,0,0,0,0,0
541,0,0,0,0,0,0,0,0,0,0,0,0,0,0,0,0,0,0,0,0,12,4,0,21,9,0,73,0,90,76,73,59,0,23,26,162,60,60
542,NA,NA,NA,NA,NA,NA,NA,NA,NA,NA,NA,NA,NA,NA,NA,NA,NA,NA,NA,NA,NA,NA,NA,NA,NA,NA,NA,NA,NA,NA,NA,NA,NA,NA,NA,NA,NA,NA
543,NA,NA,NA,NA,NA,NA,NA,NA,NA,NA,NA,NA,NA,NA,NA,NA,NA,NA,NA,NA,NA,NA,NA,NA,NA,NA,NA,NA,NA,NA,NA,NA,NA,NA,NA,NA,NA,NA
544,NA,NA,NA,NA,NA,NA,NA,NA,NA,NA,NA,NA,NA,NA,NA,NA,NA,NA,NA,NA,NA,NA,NA,NA,NA,NA,NA,NA,NA,NA,NA,NA,NA,NA,NA,NA,NA,NA
545,NA,NA,NA,NA,NA,NA,NA,NA,NA,NA,NA,NA,NA,NA,NA,NA,NA,NA,NA,NA,NA,NA,NA,NA,NA,NA,NA,NA,NA,NA,NA,NA,NA,NA,NA,NA,NA,NA
546,13,14,14,14,14,0,13,0,0,13,4,0,0,0,0,9,19,26,8,90,0,0,0,0,0,0,0,0,0,0,0,13,90,69,24,0,0,0
547,5,4,5,4,5,1,1,5,9,31,45,22,28,16,90,67,27,25,90,0,54,17,60,8,43,25,90,84,90,90,90,76,76,90,56,0,14,15
548,89,88,89,88,88,90,90,90,90,90,90,90,90,90,90,90,90,90,90,90,90,90,90,90,90,90,90,0,90,90,90,90,90,90,90,90,90,90
549,87,86,87,86,87,0,29,29,87,90,90,80,90,45,19,78,71,65,18,62,36,73,90,90,90,90,87,90,90,69,90,90,90,83,90,90,45,45
550,0,0,0,0,0,0,0,0,0,0,15,0,10,0,0,0,0,0,0,0,0,0,0,0,0,12,0,6,0,0,0,14,14,7,9,57,63,63
551,69,69,69,69,69,89,90,85,81,59,0,68,62,90,58,25,63,0,0,90,36,90,30,0,0,0,0,0,0,0,0,0,0,0,0,0,0,0
552,0,0,0,0,0,0,0,0,0,31,5,45,11,90,36,15,79,65,84,68,90,90,78,90,90,90,0,90,64,90,13,90,82,74,78,78,29,29
553,75,76,75,76,76,90,90,90,88,90,90,69,90,14,54,90,11,25,13,22,17,14,12,5,9,6,79,11,26,35,84,29,73,0,90,90,90,90
554,NA,NA,NA,NA,NA,NA,NA,NA,NA,NA,NA,NA,NA,NA,NA,NA,NA,NA,NA,NA,NA,NA,NA,NA,NA,NA,NA,NA,NA,NA,NA,NA,NA,NA,NA,NA,NA,NA
555,NA,NA,NA,NA,NA,NA,NA,NA,NA,NA,NA,NA,NA,NA,NA,NA,NA,NA,NA,NA,NA,NA,NA,NA,NA,NA,NA,NA,NA,NA,NA,NA,NA,NA,NA,NA,NA,NA
556,7,8,7,8,8,20,0,0,13,2,11,0,0,1,0,0,2,1,0,6,7,4,1,0,4,0,0,0,0,17,0,0,0,0,0,0,64,63
557,87,88,88,88,88,90,90,90,77,88,90,90,90,84,90,90,88,0,90,90,0,86,90,90,90,90,90,0,90,90,90,90,90,90,90,90,76,75
558,9,8,9,8,8,12,0,0,0,22,21,18,15,0,13,20,16,90,90,90,59,86,45,26,0,0,73,0,26,23,17,31,90,16,80,18,84,83
559,NA,NA,NA,NA,NA,NA,NA,NA,NA,NA,NA,NA,NA,NA,NA,NA,NA,NA,NA,NA,NA,NA,NA,NA,NA,NA,NA,NA,NA,NA,NA,NA,NA,NA,NA,NA,NA,NA
560,0,0,0,0,0,0,0,0,0,0,0,0,0,0,0,0,0,0,0,0,0,0,0,0,0,0,0,0,0,0,0,0,0,0,0,0,0,0
561,53,52,53,52,53,90,90,90,90,90,90,80,90,90,90,90,90,90,76,45,90,90,90,90,90,90,90,0,90,90,90,90,90,167,70,90,90,90
562,0,0,0,0,0,0,0,0,0,0,0,0,0,0,0,0,0,0,0,0,0,0,0,0,0,0,0,0,0,0,0,0,0,0,0,0,0,0
563,NA,NA,NA,NA,NA,NA,NA,NA,NA,NA,NA,NA,NA,NA,NA,NA,NA,NA,NA,NA,NA,NA,NA,NA,NA,NA,NA,NA,NA,NA,NA,NA,NA,NA,NA,NA,NA,NA
564,49,49,49,49,49,18,0,21,0,0,32,45,51,0,0,0,0,0,0,0,0,0,0,0,0,0,0,0,0,0,0,0,0,0,0,0,0,0
565,NA,NA,NA,NA,NA,NA,NA,NA,NA,0,0,0,0,0,0,12,18,0,17,11,0,0,0,0,0,0,0,7,55,81,11,0,0,19,71,45,0,0
566,0,0,0,0,0,0,0,0,0,0,0,0,0,0,0,0,0,0,0,0,8,32,68,26,90,24,90,28,0,90,90,81,85,24,90,90,90,90
567,89,90,89,89,89,8,24,14,0,18,88,28,26,0,0,79,83,0,0,0,45,24,45,0,0,0,69,0,0,17,0,0,0,90,79,90,134,133
568,NA,NA,NA,NA,NA,NA,NA,NA,NA,NA,NA,NA,NA,NA,NA,NA,NA,NA,NA,NA,NA,NA,NA,NA,NA,NA,NA,NA,NA,NA,NA,NA,NA,NA,NA,NA,NA,NA
569,NA,NA,NA,NA,NA,NA,NA,NA,NA,NA,NA,NA,NA,NA,NA,NA,NA,NA,NA,NA,NA,NA,NA,NA,NA,NA,NA,NA,NA,NA,NA,NA,NA,NA,NA,NA,NA,NA
570,NA,NA,NA,NA,NA,NA,NA,NA,NA,NA,NA,NA,NA,NA,NA,NA,NA,NA,NA,NA,NA,NA,NA,NA,NA,NA,NA,NA,NA,NA,NA,NA,NA,NA,NA,NA,NA,NA
571,NA,NA,NA,NA,NA,NA,NA,NA,NA,NA,NA,NA,NA,NA,NA,NA,NA,NA,NA,NA,NA,NA,NA,NA,NA,NA,NA,NA,NA,NA,NA,NA,NA,NA,NA,NA,NA,NA
572,NA,NA,NA,NA,NA,NA,NA,NA,NA,NA,NA,NA,NA,NA,NA,NA,NA,NA,NA,NA,NA,NA,NA,NA,NA,NA,NA,NA,NA,NA,NA,NA,NA,NA,NA,NA,NA,NA
573,NA,NA,NA,NA,NA,NA,NA,NA,NA,NA,NA,NA,NA,NA,NA,NA,NA,NA,NA,NA,NA,NA,NA,NA,NA,NA,NA,NA,NA,NA,NA,NA,NA,NA,NA,NA,NA,NA
574,33,32,32,32,32,0,26,55,45,0,1,0,0,13,57,0,7,34,2,45,29,0,0,0,0,0,15,0,0,0,0,18,2,0,0,7,10,10
575,43,42,43,42,43,0,25,0,90,77,45,67,75,23,13,45,0,45,11,73,31,62,14,45,0,68,69,0,75,72,61,0,0,21,66,62,58,59
576,90,90,90,90,90,45,65,90,16,90,45,90,64,90,87,90,27,0,0,0,90,90,90,90,90,90,90,0,75,80,90,60,90,90,90,90,128,129
577,72,72,72,72,72,90,84,84,90,90,90,90,86,90,90,90,90,78,90,90,90,90,90,90,90,90,90,0,88,89,90,45,90,90,90,90,39,39
578,0,0,0,0,0,0,0,0,0,0,0,0,0,0,0,0,0,0,0,0,0,0,0,0,0,0,0,0,0,0,0,0,0,0,0,0,0,0
579,19,20,19,20,19,0,6,6,1,2,0,1,57,90,90,90,81,69,27,18,60,21,1,8,0,25,11,78,18,34,90,67,81,90,83,68,50,49
580,NA,NA,NA,NA,NA,NA,NA,0,0,0,0,0,0,0,0,0,0,0,0,0,0,0,0,0,0,0,0,0,0,0,0,0,0,0,0,0,0,0
581,51,52,52,52,52,90,90,35,90,90,89,85,88,90,0,0,0,0,90,45,90,90,18,8,76,0,180,0,90,90,90,90,88,90,90,0,86,87
582,NA,NA,NA,NA,NA,NA,NA,NA,NA,NA,NA,NA,NA,NA,NA,NA,NA,NA,NA,0,0,9,90,90,14,0,0,0,0,0,0,0,0,5,90,83,135,135
583,90,90,90,90,90,90,90,90,90,90,90,0,90,90,90,90,90,90,90,90,90,90,90,90,90,0,90,0,0,0,90,90,8,0,0,0,0,0
584,59,60,59,59,59,90,90,90,90,90,90,90,90,90,90,90,90,90,90,90,90,90,90,90,90,90,90,90,90,90,90,90,90,90,90,90,90,90
585,31,31,31,31,31,82,90,76,90,81,0,90,64,8,19,11,14,0,19,33,0,35,90,82,10,0,21,0,90,90,90,27,82,111,90,28,17,17
586,NA,NA,NA,NA,NA,NA,NA,NA,NA,NA,NA,NA,NA,NA,NA,NA,NA,NA,NA,NA,NA,NA,NA,NA,NA,NA,NA,NA,NA,NA,NA,NA,NA,NA,NA,NA,NA,NA
587,0,0,0,0,0,0,0,0,0,0,0,0,0,0,0,0,0,0,0,0,0,0,0,0,0,0,0,0,0,0,0,0,0,0,0,0,0,0
588,NA,NA,NA,NA,NA,NA,NA,NA,NA,NA,NA,NA,NA,NA,NA,NA,NA,NA,NA,NA,NA,NA,NA,NA,NA,NA,NA,NA,NA,NA,NA,NA,NA,NA,NA,NA,NA,NA
589,NA,NA,NA,NA,NA,NA,NA,NA,NA,NA,NA,NA,NA,NA,NA,NA,NA,NA,NA,NA,NA,NA,NA,NA,NA,NA,NA,NA,NA,NA,NA,NA,NA,NA,NA,NA,NA,NA
590,NA,NA,NA,NA,NA,NA,NA,NA,NA,NA,NA,NA,NA,NA,NA,NA,NA,NA,NA,NA,NA,NA,NA,NA,NA,NA,NA,NA,NA,NA,NA,NA,NA,NA,NA,NA,NA,NA
591,18,18,18,18,18,90,77,24,74,0,90,0,26,67,77,45,71,90,82,0,0,0,0,0,45,0,8,0,15,10,29,90,0,0,0,28,76,77
592,29,28,29,28,28,73,82,70,82,90,90,74,88,75,0,0,0,0,0,0,0,0,0,0,0,0,0,0,0,0,0,0,0,0,0,0,34,34
593,NA,NA,NA,NA,NA,NA,NA,NA,NA,NA,NA,NA,NA,NA,NA,NA,NA,NA,NA,NA,NA,NA,NA,NA,NA,NA,NA,NA,NA,NA,NA,NA,NA,NA,NA,NA,NA,NA
594,NA,NA,NA,NA,NA,NA,NA,NA,NA,NA,NA,NA,NA,NA,NA,NA,NA,NA,NA,NA,NA,NA,0,90,72,0,84,0,31,0,0,0,59,85,58,158,44,43
595,57,58,57,58,57,17,20,0,0,0,0,25,2,15,6,65,1,19,90,13,90,11,90,28,18,0,6,0,59,28,90,90,22,9,32,43,43,43
596,NA,NA,NA,NA,NA,NA,NA,NA,NA,NA,NA,NA,NA,NA,NA,NA,NA,NA,NA,NA,NA,NA,NA,NA,NA,NA,NA,NA,NA,NA,NA,NA,NA,NA,NA,NA,NA,NA
597,49,48,49,48,49,0,0,0,0,0,0,0,0,0,0,0,0,0,0,0,0,0,24,33,0,31,90,0,60,69,70,90,57,76,90,0,15,15
598,13,12,13,13,13,30,14,0,0,4,20,23,9,20,19,0,0,83,90,90,90,90,90,57,90,59,78,0,1,37,20,0,33,90,21,0,60,61
599,51,52,51,52,52,3,0,0,19,0,7,0,90,90,71,34,90,74,90,67,0,0,0,33,9,0,94,0,30,21,90,0,3,7,0,76,64,65
600,0,0,0,0,0,0,0,0,0,0,0,0,0,0,5,0,0,0,0,0,2,18,2,22,0,0,0,0,0,0,0,0,0,0,0,0,0,0
601,NA,NA,NA,NA,NA,NA,NA,NA,NA,NA,NA,NA,NA,NA,NA,NA,NA,NA,NA,NA,NA,NA,NA,NA,NA,NA,NA,NA,NA,NA,NA,NA,NA,NA,NA,NA,NA,NA
602,36,36,36,36,36,60,76,75,71,78,70,67,0,0,0,0,0,7,0,0,0,0,0,0,0,0,0,0,0,0,0,0,0,0,0,0,0,0
603,NA,NA,NA,NA,NA,NA,NA,NA,NA,NA,NA,NA,NA,NA,NA,NA,NA,NA,NA,NA,NA,NA,0,0,19,15,18,46,55,90,74,90,10,90,90,90,90,90
604,1,1,1,1,1,0,0,0,0,0,0,0,0,0,7,0,0,0,34,0,20,0,0,0,0,0,0,0,0,0,16,0,0,0,0,0,0,0
605,42,42,42,42,42,85,1,90,29,90,18,67,8,0,0,0,0,2,14,0,0,0,6,1,9,0,1,0,5,72,30,60,4,0,0,18,12,13
606,83,84,84,84,84,0,0,0,0,0,72,90,90,86,90,73,90,88,76,90,89,90,90,90,90,85,89,0,0,0,0,30,78,90,90,90,129,129
607,90,90,90,90,90,90,0,0,23,90,45,0,25,45,83,71,90,45,56,90,69,84,90,82,71,90,90,44,82,0,0,45,80,58,90,86,89,89
608,87,88,87,88,87,90,90,90,90,90,90,89,90,90,90,19,90,77,90,90,90,90,84,90,90,90,90,0,90,0,90,21,90,90,90,24,62,61
609,NA,NA,NA,NA,NA,NA,NA,NA,NA,NA,NA,NA,NA,NA,NA,NA,NA,NA,0,10,0,0,0,0,0,0,0,0,0,0,0,0,0,0,0,0,0,0
610,85,86,85,86,85,0,0,0,0,59,0,21,0,90,36,90,90,90,77,90,86,90,90,54,81,84,90,79,90,55,77,61,17,90,12,12,61,61
611,3,2,3,2,3,0,0,0,0,0,0,1,13,90,80,0,0,0,0,0,90,61,6,0,17,0,88,0,0,90,0,83,13,18,6,90,100,100
612,0,0,0,0,0,0,0,0,0,0,0,0,0,1,0,71,0,6,16,22,0,0,0,0,0,0,0,0,0,0,0,0,0,0,0,0,0,0
613,NA,NA,NA,NA,NA,NA,NA,NA,NA,NA,NA,NA,NA,NA,NA,NA,NA,NA,NA,NA,NA,0,0,86,73,45,0,0,0,0,0,0,0,0,0,0,0,0
614,1,0,1,1,1,14,1,0,26,4,1,12,8,3,7,6,10,11,71,29,29,4,27,4,24,0,20,75,37,69,90,25,63,0,0,0,14,13
615,13,14,14,14,14,0,0,20,0,0,14,16,0,0,90,25,90,71,39,90,23,79,0,45,0,0,0,0,11,62,1,0,9,5,4,11,60,59
616,77,76,77,77,77,90,90,90,90,90,90,78,90,87,90,84,90,79,19,86,90,86,63,90,90,90,90,15,53,21,30,90,27,0,90,90,125,125
617,39,40,39,40,40,22,68,59,0,0,20,13,0,0,0,0,9,21,0,79,0,34,0,24,0,0,0,0,0,0,0,23,9,0,7,22,84,83
618,NA,NA,NA,NA,NA,NA,NA,NA,NA,NA,NA,NA,NA,NA,NA,NA,NA,NA,NA,NA,NA,NA,NA,NA,NA,NA,NA,NA,NA,NA,NA,NA,NA,NA,NA,NA,NA,NA
619,18,18,18,18,18,0,0,0,0,0,0,0,0,18,28,82,90,90,90,22,90,66,78,55,0,0,90,90,90,90,63,0,90,0,0,0,0,0
620,NA,NA,NA,NA,NA,NA,NA,NA,NA,NA,NA,NA,NA,NA,NA,NA,NA,NA,NA,NA,NA,NA,NA,NA,NA,NA,NA,NA,NA,NA,NA,NA,NA,NA,NA,NA,NA,NA
621,25,26,26,26,26,20,0,0,7,0,28,0,25,90,0,8,0,1,0,0,2,0,12,0,0,0,0,0,0,0,0,0,0,0,0,2,22,21
622,NA,NA,NA,NA,NA,NA,NA,NA,NA,NA,NA,NA,NA,NA,NA,NA,NA,NA,NA,NA,NA,NA,NA,NA,NA,NA,NA,NA,NA,NA,NA,NA,NA,NA,NA,NA,NA,NA
623,NA,NA,NA,NA,NA,NA,NA,NA,NA,NA,NA,NA,NA,NA,NA,NA,NA,NA,NA,NA,NA,NA,NA,NA,NA,NA,NA,NA,NA,NA,NA,NA,NA,NA,NA,NA,NA,NA
624,0,0,0,0,0,0,0,0,0,0,0,60,65,0,0,0,0,0,0,0,0,0,0,0,0,0,0,0,0,0,27,0,0,29,0,0,0,0
625,47,48,47,47,47,10,0,0,1,0,0,8,8,23,20,78,72,0,73,30,0,0,0,0,29,21,10,0,14,25,0,0,45,0,71,26,64,63
